-- MySQL dump 10.13  Distrib 5.7.21, for Linux (x86_64)
--
-- Host: com-52frames.c5y2j5hq9n39.us-east-1.rds.amazonaws.com    Database: com_52frames_staging
-- ------------------------------------------------------
-- Server version	5.7.23-log

/*!40101 SET @OLD_CHARACTER_SET_CLIENT=@@CHARACTER_SET_CLIENT */;
/*!40101 SET @OLD_CHARACTER_SET_RESULTS=@@CHARACTER_SET_RESULTS */;
/*!40101 SET @OLD_COLLATION_CONNECTION=@@COLLATION_CONNECTION */;
/*!40101 SET NAMES utf8 */;
/*!40103 SET @OLD_TIME_ZONE=@@TIME_ZONE */;
/*!40103 SET TIME_ZONE='+00:00' */;
/*!40014 SET @OLD_UNIQUE_CHECKS=@@UNIQUE_CHECKS, UNIQUE_CHECKS=0 */;
/*!40014 SET @OLD_FOREIGN_KEY_CHECKS=@@FOREIGN_KEY_CHECKS, FOREIGN_KEY_CHECKS=0 */;
/*!40101 SET @OLD_SQL_MODE=@@SQL_MODE, SQL_MODE='NO_AUTO_VALUE_ON_ZERO' */;
/*!40111 SET @OLD_SQL_NOTES=@@SQL_NOTES, SQL_NOTES=0 */;

--
-- Table structure for table `album_sorts`
--

DROP TABLE IF EXISTS `album_sorts`;
/*!40101 SET @saved_cs_client     = @@character_set_client */;
/*!40101 SET character_set_client = utf8 */;
CREATE TABLE `album_sorts` (
  `id` bigint(20) unsigned NOT NULL AUTO_INCREMENT,
  `album_id` bigint(20) unsigned NOT NULL,
  `user_id` bigint(20) unsigned DEFAULT NULL,
  `photo_ids` text COLLATE utf8mb4_unicode_ci NOT NULL,
  `created_at` timestamp NULL DEFAULT NULL,
  `updated_at` timestamp NULL DEFAULT NULL,
  PRIMARY KEY (`id`),
  KEY `album_sorts_album_id_foreign` (`album_id`),
  KEY `album_sorts_user_id_foreign` (`user_id`),
  CONSTRAINT `album_sorts_album_id_foreign` FOREIGN KEY (`album_id`) REFERENCES `albums` (`id`) ON DELETE CASCADE,
  CONSTRAINT `album_sorts_user_id_foreign` FOREIGN KEY (`user_id`) REFERENCES `users` (`id`) ON DELETE CASCADE
) ENGINE=InnoDB AUTO_INCREMENT=115 DEFAULT CHARSET=utf8mb4 COLLATE=utf8mb4_unicode_ci;
/*!40101 SET character_set_client = @saved_cs_client */;

--
-- Dumping data for table `album_sorts`
--

LOCK TABLES `album_sorts` WRITE;
/*!40000 ALTER TABLE `album_sorts` DISABLE KEYS */;
INSERT INTO `album_sorts` VALUES (30,2,1062,'[28,37,36,29,40,39,35,34,33,32,31,30,12,27,25,24,19,17,16,15,14,13]','2018-10-24 19:16:45','2018-10-24 19:16:45'),(31,2,NULL,'[28,37,36,29,40,39,35,34,33,32,31,30,12,27,25,24,19,17,16,15,14,13]','2018-10-24 19:20:43','2018-10-24 19:20:43'),(32,2,1035,'[28,37,36,29,40,39,35,34,33,32,31,30,12,27,25,24,19,17,16,15,14,13]','2018-10-24 19:42:58','2018-10-24 19:42:58'),(34,2,1022,'[28,37,36,29,40,39,35,34,33,32,31,30,12,27,25,24,19,17,16,15,14,13]','2018-10-24 20:12:34','2018-10-24 20:12:34'),(35,2,1033,'[28,37,36,29,40,39,35,34,33,32,31,30,12,27,25,24,19,17,16,15,14,13]','2018-10-24 20:16:02','2018-10-24 20:16:02'),(36,2,1051,'[28,37,36,29,40,39,35,34,33,32,31,30,12,27,25,24,19,17,16,15,14,13]','2018-10-24 20:16:21','2018-10-24 20:16:21'),(37,2,1013,'[28,37,36,29,40,39,35,34,33,32,31,30,12,27,25,24,19,17,16,15,14,13]','2018-10-24 20:17:46','2018-10-24 20:17:46'),(38,2,1054,'[28,37,36,29,40,39,35,34,33,32,31,30,12,27,25,24,19,17,16,15,14,13]','2018-10-24 20:18:59','2018-10-24 20:18:59'),(39,2,1057,'[28,37,36,29,40,39,35,34,33,32,31,30,12,27,25,24,19,17,16,15,14,13]','2018-10-24 20:33:55','2018-10-24 20:33:55'),(41,2,1024,'[28,37,36,29,40,39,35,34,33,32,31,30,12,27,25,24,19,17,16,15,14,13]','2018-10-24 21:10:35','2018-10-24 21:10:35'),(42,2,1064,'[28,37,36,29,40,39,35,34,33,32,31,30,12,27,25,24,19,17,16,15,14,13]','2018-10-24 21:15:36','2018-10-24 21:15:36'),(43,2,1032,'[28,37,36,29,40,39,35,34,33,32,31,30,12,27,25,24,19,17,16,15,14,13]','2018-10-24 21:21:55','2018-10-24 21:21:55'),(44,2,1020,'[28,37,36,29,40,39,35,34,33,32,31,30,12,27,25,24,19,17,16,15,14,13]','2018-10-24 21:51:35','2018-10-24 21:51:35'),(45,2,1018,'[28,37,36,29,40,39,35,34,33,32,31,30,12,27,25,24,19,17,16,15,14,13]','2018-10-24 22:10:13','2018-10-24 22:10:13'),(46,2,1007,'[28,37,36,29,40,39,35,34,33,32,31,30,12,27,25,24,19,17,16,15,14,13]','2018-10-24 23:34:19','2018-10-24 23:34:19'),(47,2,1063,'[28,37,36,29,40,39,35,34,33,32,31,30,12,27,25,24,19,17,16,15,14,13]','2018-10-25 00:34:29','2018-10-25 00:34:29'),(48,2,1034,'[28,37,36,29,40,39,35,34,33,32,31,30,12,27,25,24,19,17,16,15,14,13]','2018-10-25 03:16:42','2018-10-25 03:16:42'),(49,2,1030,'[28,37,36,29,40,39,35,34,33,32,31,30,12,27,25,24,19,17,16,15,14,13]','2018-10-25 04:10:16','2018-10-25 04:10:16'),(52,2,1006,'[28,37,36,29,40,39,35,34,33,32,31,30,12,27,25,24,19,17,16,15,14,13]','2018-10-25 07:35:11','2018-10-25 07:35:11'),(54,2,1043,'[28,37,36,29,40,39,35,34,33,32,31,30,12,27,25,24,19,17,16,15,14,13]','2018-10-26 03:38:30','2018-10-26 03:38:30'),(55,2,1044,'[28,37,36,29,40,39,35,34,33,32,31,30,12,27,25,24,19,17,16,15,14,13]','2018-10-26 17:49:29','2018-10-26 17:49:29'),(56,2,1036,'[28,37,36,29,40,39,35,34,33,32,31,30,12,27,25,24,19,17,16,15,14,13]','2018-10-28 17:48:33','2018-10-28 17:48:33'),(57,2,1028,'[28,37,36,29,40,39,35,34,33,32,31,30,12,27,25,24,19,17,16,15,14,13]','2018-10-29 01:21:51','2018-10-29 01:21:51'),(60,3,1007,'[46,45,47,48,50,51,41,42,52,53,54]','2018-11-04 18:29:48','2018-11-04 18:29:48'),(61,3,1042,'[46,45,47,48,50,51,41,42,52,53,54]','2018-11-05 01:25:09','2018-11-05 01:25:09'),(63,3,1018,'[46,45,47,48,50,51,41,42,52,53,54]','2018-11-06 16:29:38','2018-11-06 16:29:38'),(64,3,1006,'[46,45,47,48,50,51,41,42,52,53,54]','2018-11-06 18:15:44','2018-11-06 18:15:44'),(68,3,1036,'[46,45,47,48,50,51,41,42,52,53,54]','2018-11-06 20:16:20','2018-11-06 20:16:20'),(69,3,1013,'[46,45,47,48,50,51,41,42,52,53,54]','2018-11-06 20:29:36','2018-11-06 20:29:36'),(70,3,1019,'[46,45,47,48,50,51,41,42,52,53,54]','2018-11-06 21:55:36','2018-11-06 21:55:36'),(73,3,1054,'[46,45,47,48,50,51,41,42,52,53,54,66]','2018-11-13 03:00:06','2018-11-13 03:00:06'),(76,4,1007,'[57,58,59,60,62,61,55,56,64,65,67,68]','2018-11-15 20:31:18','2018-11-15 20:31:18'),(78,4,NULL,'[57,58,59,60,62,61,64,65,67,68,56,55]','2018-11-15 21:03:13','2018-11-15 21:03:13'),(79,4,1013,'[57,58,59,60,62,61,64,65,67,68,56,55]','2018-11-15 21:04:43','2018-11-15 21:04:43'),(80,4,1067,'[57,58,59,60,62,61,64,65,67,68,55,56]','2018-11-15 21:29:45','2018-11-15 21:29:45'),(81,4,1018,'[57,58,59,60,62,61,64,65,67,68,55,56]','2018-11-15 21:41:45','2018-11-15 21:41:45'),(82,4,1064,'[57,58,59,60,62,61,64,65,67,68,55,56]','2018-11-15 22:53:21','2018-11-15 22:53:21'),(83,4,1062,'[57,58,59,60,62,61,64,65,67,68,55,56]','2018-11-15 23:39:49','2018-11-15 23:39:49'),(84,4,1024,'[57,58,59,60,62,61,64,65,67,68,55,56]','2018-11-15 23:46:57','2018-11-15 23:46:57'),(85,3,1024,'[46,45,47,48,50,51,52,53,54,66,41,42]','2018-11-15 23:47:27','2018-11-15 23:47:27'),(86,4,1030,'[57,58,59,60,62,61,64,65,67,68,56,55]','2018-11-16 01:13:04','2018-11-16 01:13:04'),(88,4,1020,'[57,58,59,60,62,61,64,65,67,68,56,55]','2018-11-16 15:44:15','2018-11-16 15:44:15'),(89,3,1020,'[46,45,47,48,50,51,41,42,52,53,54,66]','2018-11-16 15:49:09','2018-11-16 15:49:09'),(90,4,1019,'[57,58,59,60,62,61,65,67,68,55,64,56]','2018-11-19 03:36:24','2018-11-19 03:36:24'),(93,4,1034,'[57,58,59,60,62,61,65,67,68,55,56,64]','2018-11-20 12:27:38','2018-11-20 12:27:38'),(94,3,NULL,'[46,45,47,48,50,51,41,42,52,53,54,66]','2018-11-24 17:37:16','2018-11-24 17:37:16'),(96,4,1039,'[57,58,59,60,62,61,65,67,68,56,55,64]','2018-12-04 15:55:05','2018-12-04 15:55:05'),(97,6,1007,'[78,79]','2018-12-04 18:48:35','2018-12-04 18:48:35'),(98,6,1006,'[78,79]','2018-12-04 19:09:24','2018-12-04 19:09:24'),(99,6,1062,'[79,78]','2018-12-12 16:43:11','2018-12-12 16:43:11'),(101,5,1062,'[72,71,74,73,76,77,75,70,69]','2018-12-16 21:14:54','2018-12-16 21:14:54'),(102,7,1062,'[80,81]','2018-12-16 22:02:57','2018-12-16 22:02:57'),(103,7,1039,'[81,80]','2018-12-16 22:19:09','2018-12-16 22:19:09'),(104,5,1020,'[72,71,74,73,76,77,75,69,70]','2018-12-30 20:54:47','2018-12-30 20:54:47'),(105,8,1007,'[83,82]','2018-12-31 14:39:44','2018-12-31 14:39:44'),(106,7,1007,'[84,81,80]','2018-12-31 14:39:49','2018-12-31 14:39:49'),(107,5,1007,'[72,71,74,73,76,77,69,70,75]','2018-12-31 14:39:59','2018-12-31 14:39:59'),(108,8,1006,'[83,82]','2019-01-07 04:50:18','2019-01-07 04:50:18'),(109,7,1006,'[84,81,80]','2019-01-07 04:50:26','2019-01-07 04:50:26'),(110,5,NULL,'[72,71,74,73,76,77,69,70,75]','2019-01-14 08:33:34','2019-01-14 08:33:34'),(111,3,1077,'[46,45,47,48,50,51,52,53,54,66,42,41]','2019-01-14 08:40:50','2019-01-14 08:40:50'),(112,2,1079,'[28,37,36,30,40,39,35,34,33,32,31,14,29,27,25,24,19,17,15,12,16,13]','2019-01-21 05:55:33','2019-01-21 05:55:33'),(114,9,1007,'[86,85,87]','2019-03-03 18:11:48','2019-03-03 18:11:48');
/*!40000 ALTER TABLE `album_sorts` ENABLE KEYS */;
UNLOCK TABLES;

--
-- Table structure for table `albums`
--

DROP TABLE IF EXISTS `albums`;
/*!40101 SET @saved_cs_client     = @@character_set_client */;
/*!40101 SET character_set_client = utf8 */;
CREATE TABLE `albums` (
  `id` bigint(20) unsigned NOT NULL AUTO_INCREMENT,
  `imported_from_row_id` bigint(20) unsigned DEFAULT NULL,
  `imported_info` text COLLATE utf8mb4_unicode_ci,
  `cover_photo_id` bigint(20) unsigned DEFAULT NULL,
  `cover_photo_data` text COLLATE utf8mb4_unicode_ci,
  `sample_photo_id` bigint(20) unsigned DEFAULT NULL,
  `sample_photo_data` text COLLATE utf8mb4_unicode_ci,
  `top1_photo_id` bigint(20) unsigned DEFAULT NULL,
  `top2_photo_id` bigint(20) unsigned DEFAULT NULL,
  `top3_photo_id` bigint(20) unsigned DEFAULT NULL,
  `top4_photo_id` bigint(20) unsigned DEFAULT NULL,
  `top5_photo_id` bigint(20) unsigned DEFAULT NULL,
  `top6_photo_id` bigint(20) unsigned DEFAULT NULL,
  `patreon_photo_id` bigint(20) unsigned DEFAULT NULL,
  `flier_photo_id` bigint(20) unsigned DEFAULT NULL,
  `publicly_visible` tinyint(1) NOT NULL DEFAULT '0',
  `live` tinyint(1) NOT NULL DEFAULT '0',
  `year` int(11) NOT NULL,
  `week_number` int(11) NOT NULL,
  `start_date` date NOT NULL,
  `end_date` date NOT NULL,
  `theme_title` varchar(191) COLLATE utf8mb4_unicode_ci NOT NULL,
  `shorturl` varchar(191) COLLATE utf8mb4_unicode_ci NOT NULL,
  `blurb` text COLLATE utf8mb4_unicode_ci,
  `short_blurb` text COLLATE utf8mb4_unicode_ci,
  `extra_credit_title` varchar(191) COLLATE utf8mb4_unicode_ci DEFAULT NULL,
  `extra_credit_body` text COLLATE utf8mb4_unicode_ci,
  `tips_body` text COLLATE utf8mb4_unicode_ci,
  `tags` text COLLATE utf8mb4_unicode_ci,
  `upload_custom_msg` text COLLATE utf8mb4_unicode_ci,
  `created_at` timestamp NULL DEFAULT NULL,
  `updated_at` timestamp NULL DEFAULT NULL,
  PRIMARY KEY (`id`)
) ENGINE=InnoDB AUTO_INCREMENT=10 DEFAULT CHARSET=utf8mb4 COLLATE=utf8mb4_unicode_ci;
/*!40101 SET character_set_client = @saved_cs_client */;

--
-- Dumping data for table `albums`
--

LOCK TABLES `albums` WRITE;
/*!40000 ALTER TABLE `albums` DISABLE KEYS */;
INSERT INTO `albums` VALUES (2,NULL,NULL,12,'{\"owner_name\":\"Judy Windsor\",\"album_theme\":\"Wabi Sabi\",\"album_week_number\":\"45\",\"url\":\"https:\\/\\/www.facebook.com\\/52frames\\/photos\\/a.1304725426219241\\/1304756072882843\\/?type=3&theater\"}',13,'{\"owner_name\":\"Judy Windsor\",\"album_theme\":\"Wabi Sabi\",\"album_week_number\":\"45\",\"url\":\"https:\\/\\/www.facebook.com\\/52frames\\/photos\\/a.1304725426219241\\/1304756072882843\\/?type=3&theater\"}',28,37,36,NULL,NULL,NULL,39,40,1,1,2018,42,'2018-10-15','2018-10-21','Wabi Sabi','wabi-sabi','<div dir=\"ltr\"><strong>Week 42: Wabi Sabi</strong></div>\n<h4 dir=\"ltr\"><a href=\"https://www.facebook.com/52frames/photos/a.1304725426219241/1304756072882843/?type=3&amp;theater\"><img src=\"https://gallery.mailchimp.com/ca0e4a185c9c1a4999da516b1/images/64cdee65-9888-4c78-8c90-e021663a6671.png\" width=\"600\" height=\"461\" align=\"none\" data-file-id=\"1524305\" /></a></h4>\n<h4 dir=\"ltr\">Photo by: Judy Windsor&nbsp;,&nbsp;Week 36 &ndash; Wabi Sabi&nbsp; (2016)</h4>\n<div dir=\"ltr\">\n<p dir=\"ltr\">The wabi sabi philosophy originated from Japan and in a nutshell (an old half-decomposed nutshell of course) it means to celebrate the<strong>&nbsp;beauty of a naturally imperfect world</strong>.</p>\n<p>This philosophy is actually a combination of two words: &lsquo;<strong>Wabi</strong>&rsquo; which means an understated elegance through rustic, simple and natural design. And &lsquo;<strong>Sabi</strong>&rsquo; means seeing beauty in the flaws that come with age.</p>\n<p>In a world filled with AI, blockchains and cell phones that get smarter every two months, it is essential to stop and appreciate the beauty of the old, the rusted and the cracked. The race after the latest shiny thing will never end and it is often the old stuff with a worn patina that gives us the most comfort.&nbsp;Wabi-sabi teaches us to be content with the chip in a beloved mug and to appreciate the wear and tear of a lived life.</p>\n<p>So this week, creative Framers, show us the beauty in imperfection. It would be the wrinkles in a smiling face, a decomposing flower, the cracked spine of a beloved book or an art table covered in used paint brushes and muddied paint.</p>\n</div>','<p dir=\"ltr\">The wabi sabi philosophy originated from Japan and in a nutshell (an old half-decomposed nutshell of course) it means to celebrate the<strong>&nbsp;beauty of a naturally imperfect world</strong>.</p>\n<p>This philosophy is actually a combination of two words: &lsquo;<strong>Wabi</strong>&rsquo; which means an understated elegance through rustic, simple and natural design. And &lsquo;<strong>Sabi</strong>&rsquo; means seeing beauty in the flaws that come with age.</p>\n<p>In a world filled with AI, blockchains and cell phones that get smarter every two months, it is essential to stop and appreciate the beauty of the old, the rusted and the cracked. The race after the latest shiny thing will never end and it is often the old stuff with a worn patina that gives us the most comfort.&nbsp;Wabi-sabi teaches us to be content with the chip in a beloved mug and to appreciate the wear and tear of a lived life.</p>\n<p>So this week, creative Framers, show us the beauty in imperfection. It would be the wrinkles in a smiling face, a decomposing flower, the cracked spine of a beloved book or an art table covered in used paint brushes and muddied paint.</p>','In the home','<p>For extra photography joo-joo, take a wabi-sabi photo in your home.<img class=\"alignright\" src=\"https://gallery.mailchimp.com/ca0e4a185c9c1a4999da516b1/images/59f3e15d-dfa8-4a31-9f64-9539d321fdce.png\" width=\"341\" height=\"226\" /></p>\n<p>Remember, it is&nbsp;<strong>not necessary</strong>&nbsp;to keep this<br />Extra Credit challenge in mind while shooting.<br />It&rsquo;s extra credit!</p>\n<p><em>*Please note!! You can only submit ONE photo per<br />week, for the week&rsquo;s challenge. This photo can<br />include&nbsp;the &ldquo;Extra Credit&rdquo; part of the challenge,<br />or the&nbsp;&ldquo;regular&rdquo; challenge,<br />but you can never submit<br />more than one photo!</em></p>\n<p>Photo credit:<strong>&nbsp;</strong>Mari Remy<strong>&nbsp;</strong><strong>&ndash;</strong><br />Week 36: Wabi-sabi (2016)</p>','<p dir=\"ltr\"><strong>Tips and Tuts for this week:&nbsp;</strong></p>\n<ol>\n<li>Look for wabi-sabi textures such as peeling paint, rusted metal and cracked porcelain.</li>\n<li>Go on a wabi-sabi photo walk and keep your eyes open for any beautiful &lsquo;imperfections&rsquo;.</li>\n<li>How can we&nbsp;<a href=\"https://wearejustlooking.org/wabi-sabi-photography/\" target=\"_blank\" rel=\"noopener\">experience wabi-sabi through photography</a>?</li>\n<li>Have a look at the work of photographer&nbsp;<a href=\"http://art.soniamelnikova.com/wabisabi.htm?seq=3\" target=\"_blank\" rel=\"noopener\">Sonia Melnikova-Raich</a>&nbsp;who looks for grace, poetry, and mystique in the most common things.</li>\n<li>More information on wabi-sabi and&nbsp;<a href=\"http://erickimphotography.com/blog/2016/04/15/wabi-sabi-for-photographers/\" target=\"_blank\" rel=\"noopener\">gorgeous street photography examples</a>.</li>\n<li><a href=\"https://randomwire.com/wabi-sabi/\" target=\"_blank\" rel=\"noopener\">Demystifying wabi-sabi</a>.Looking for more inspiration? Have a look at the &ldquo;Wabi Sabi&rdquo;&nbsp;albums from&nbsp;<a href=\"https://www.facebook.com/pg/52frames/photos/?tab=album&amp;album_id=1710984432260003\" target=\"_blank\" rel=\"noopener\">2015</a>,&nbsp;<a href=\"https://www.facebook.com/pg/52frames/photos/?tab=album&amp;album_id=1034798309878622\" target=\"_blank\" rel=\"noopener\">2016</a>&nbsp;and&nbsp;<a href=\"https://www.facebook.com/pg/52frames/photos/?tab=album&amp;album_id=1304725426219241\" target=\"_blank\" rel=\"noopener\">2017</a>.&nbsp; And of course the&nbsp;<a href=\"https://www.google.co.il/search?tbm=isch&amp;q=wabi+sabi+photography&amp;chips=q:wabi+sabi+photography,g_1:japanese:UuWx1hAEmMg%3D&amp;usg=AI4_-kTxjl5olr5-4SAywfTuBHz2-jjtOg&amp;sa=X&amp;ved=0ahUKEwjArLTYkITeAhUQlYsKHZ6SAXYQ4lYILSgD&amp;biw=1517&amp;bih=695&amp;dpr=1\" target=\"_blank\" rel=\"noopener\">Googles</a><a href=\"https://www.google.co.il/search?q=purple+photography&amp;source=lnms&amp;tbm=isch&amp;sa=X&amp;ved=0ahUKEwjf4qfBrffcAhVCMewKHURMCzkQ_AUICigB&amp;biw=1366&amp;bih=631\" target=\"_blank\" rel=\"noopener\">,</a>&nbsp;oh, you sweet Googles.</li>\n</ol>\n<p dir=\"ltr\"><a href=\"https://www.google.co.il/search?tbm=isch&amp;q=wabi+sabi+photography&amp;chips=q:wabi+sabi+photography,g_1:japanese:UuWx1hAEmMg%3D&amp;usg=AI4_-kTxjl5olr5-4SAywfTuBHz2-jjtOg&amp;sa=X&amp;ved=0ahUKEwjArLTYkITeAhUQlYsKHZ6SAXYQ4lYILSgD&amp;biw=1517&amp;bih=695&amp;dpr=1\"><img src=\"https://gallery.mailchimp.com/ca0e4a185c9c1a4999da516b1/images/ef699e12-f9b3-4f80-825d-0ec709afa48b.png\" width=\"600\" height=\"255\" data-file-id=\"1524309\" /></a></p>','wabisabi,imperfect',NULL,'2018-10-18 19:36:02','2018-10-24 19:16:41'),(3,NULL,NULL,41,'{\"owner_name\":\"Bella Dosovitsky\",\"album_theme\":\"Five Senses, 2014\",\"album_week_number\":\"6\",\"url\":\"https:\\/\\/www.facebook.com\\/52frames\\/photos\\/a.718860571472399\\/718863938138729\\/?type=3&theater\"}',42,'{\"owner_name\":\"Zev Steinhardt\",\"album_theme\":\"Five Senses, 2014\",\"album_week_number\":\"6\",\"url\":\"https:\\/\\/www.facebook.com\\/52frames\\/photos\\/a.718860571472399\\/718864164805373\\/?type=3&theater\"}',46,45,47,48,50,51,53,54,1,1,2018,43,'2018-10-22','2018-10-28','Smell','smell','<div dir=\"ltr\">&nbsp;<strong>Week 43: Smell</strong></div>\n<h4 dir=\"ltr\"><a href=\"https://52frames.us6.list-manage.com/track/click?u=ca0e4a185c9c1a4999da516b1&amp;id=ca13b5137e&amp;e=c26124877b\" target=\"_blank\" rel=\"noopener\" data-saferedirecturl=\"https://www.google.com/url?q=https://52frames.us6.list-manage.com/track/click?u%3Dca0e4a185c9c1a4999da516b1%26id%3Dca13b5137e%26e%3Dc26124877b&amp;source=gmail&amp;ust=1540496118996000&amp;usg=AFQjCNHueER2HFIWTcunrosHS5aBSuJ8zQ\"><img class=\"CToWUd\" src=\"https://ci4.googleusercontent.com/proxy/irkmqs-B11rgQiGSxmzFkfON0w0iATy0CYjkMzceurfzpVuDSI2O2dGHURxWO73vuRDpTgud-vAfSxvOmdRKIJIAUyuzG_4Ztl6WumzquU3Y13-Pj630XbrO1oaxii5O8B8fNNeMhaugc4TY3twnFt-_jmWDbzUDD0kINIg=s0-d-e1-ft#https://gallery.mailchimp.com/ca0e4a185c9c1a4999da516b1/images/9b522db4-c76b-4d22-876e-891ae390711b.png\" width=\"600\" height=\"396\" align=\"none\" /></a></h4>\n<h4 dir=\"ltr\">Photo by: Bella Dosovitsky - Week 6: Five senses (2014)</h4>\n<div dir=\"ltr\">\n<p dir=\"ltr\">Dear creative Framers, your challenge this week, smell, is quite easy to introduce but it is not going to be so easy to photograph. How can you visually capture something that you cannot see?<br /><br />You are going to have to be as creative as you can and&nbsp;<strong>imply&nbsp;</strong>smell in your photos. It can be a good or bad smell. You can have people, animals or aliens doing the smelling or you even photograph an object, for example, an overflowing dumpster, that will convey the sense of smell to your viewers.<br /><br /><strong>Happy smell hunting!</strong><br /><br /></p>\n</div>','<p>Find things that smell like things! Take pictures of them.</p>','On the street','<h3 class=\"m_5324759758295064977null\" dir=\"ltr\">For some extra credit joojoo, leave the house and go and hunt for some smells on the street!</h3>\n<div dir=\"ltr\"><a href=\"https://52frames.us6.list-manage.com/track/click?u=ca0e4a185c9c1a4999da516b1&amp;id=ff8f8e2bee&amp;e=c26124877b\" target=\"_blank\" rel=\"noopener\" data-saferedirecturl=\"https://www.google.com/url?q=https://52frames.us6.list-manage.com/track/click?u%3Dca0e4a185c9c1a4999da516b1%26id%3Dff8f8e2bee%26e%3Dc26124877b&amp;source=gmail&amp;ust=1540496118996000&amp;usg=AFQjCNHw4LM-rMFQKIQTSigNrpdlpdCrbQ\"><img class=\"CToWUd\" src=\"https://ci3.googleusercontent.com/proxy/8RND9Nas2ijzbK4vb7deuTGMvSzLWou6i3B_K_r9U8E7xfu1sNmnfrqKXcPaH5C5mi3Skwj_c8Q6YJ570iNVH5IPJBrOU33xyaFTy_389Gtk-DZnYxIJTjPt-jZ3iaagJOjaRmrcnxmixWMN_08A3jAWnHnK6Q1gCc4-0Z4=s0-d-e1-ft#https://gallery.mailchimp.com/ca0e4a185c9c1a4999da516b1/images/4b4119ab-b95d-4e8a-a947-7214f5da7c93.png\" width=\"300\" height=\"269\" /></a></div>','<p dir=\"ltr\"><strong>Tips and Tuts for this week:</strong></p>\n<ol>\n<li>If you need some smell inspiration, look no further than the multi-billion dollar food advertising industry. Their photos are often so cleverly shot that you can just about smell the food.&nbsp;<a href=\"https://52frames.us6.list-manage.com/track/click?u=ca0e4a185c9c1a4999da516b1&amp;id=f89e8d87ff&amp;e=c26124877b\" target=\"_blank\" rel=\"noopener\" data-saferedirecturl=\"https://www.google.com/url?q=https://52frames.us6.list-manage.com/track/click?u%3Dca0e4a185c9c1a4999da516b1%26id%3Df89e8d87ff%26e%3Dc26124877b&amp;source=gmail&amp;ust=1540496118996000&amp;usg=AFQjCNFdfF4hAEJk21In-JPmV5fChrAxyw\">Here</a>&nbsp;is an article about why you can almost smell food through photos.<br />&nbsp;</li>\n<li>Read about how you can not only show what a scene looks like but also show&nbsp;<strong>what it feels to be in a scene</strong>&nbsp;by&nbsp;<a href=\"https://52frames.us6.list-manage.com/track/click?u=ca0e4a185c9c1a4999da516b1&amp;id=13a0eae597&amp;e=c26124877b\" target=\"_blank\" rel=\"noopener\" data-saferedirecturl=\"https://www.google.com/url?q=https://52frames.us6.list-manage.com/track/click?u%3Dca0e4a185c9c1a4999da516b1%26id%3D13a0eae597%26e%3Dc26124877b&amp;source=gmail&amp;ust=1540496118996000&amp;usg=AFQjCNE6Vgfh6mKH6JmT0i-Pm5dsCF4UHA\">incorporating smell</a>&nbsp;in your photography.<br />&nbsp;</li>\n<li><a href=\"https://52frames.us6.list-manage.com/track/click?u=ca0e4a185c9c1a4999da516b1&amp;id=fa5ba536e1&amp;e=c26124877b\" target=\"_blank\" rel=\"noopener\" data-saferedirecturl=\"https://www.google.com/url?q=https://52frames.us6.list-manage.com/track/click?u%3Dca0e4a185c9c1a4999da516b1%26id%3Dfa5ba536e1%26e%3Dc26124877b&amp;source=gmail&amp;ust=1540496118996000&amp;usg=AFQjCNFZHsqcpyRldLszJU_D76GixWZKTA\">Smells can be nostalgic</a>. The olfactive system in the brain is close to the parts that control emotions and memory and we all know how certain smells can instantly trigger distant memories.&nbsp;<a href=\"https://52frames.us6.list-manage.com/track/click?u=ca0e4a185c9c1a4999da516b1&amp;id=bd0b1245fc&amp;e=c26124877b\" target=\"_blank\" rel=\"noopener\" data-saferedirecturl=\"https://www.google.com/url?q=https://52frames.us6.list-manage.com/track/click?u%3Dca0e4a185c9c1a4999da516b1%26id%3Dbd0b1245fc%26e%3Dc26124877b&amp;source=gmail&amp;ust=1540496118996000&amp;usg=AFQjCNEwpA4_jO6YggvuW0LFhY25aA79Nw\">Here</a>&nbsp;is a science-y&nbsp;(but not difficult to read)&nbsp;article to explain this in further detail.<br />&nbsp;</li>\n<li>The top&nbsp;<a href=\"https://52frames.us6.list-manage.com/track/click?u=ca0e4a185c9c1a4999da516b1&amp;id=80cf041727&amp;e=c26124877b\" target=\"_blank\" rel=\"noopener\" data-saferedirecturl=\"https://www.google.com/url?q=https://52frames.us6.list-manage.com/track/click?u%3Dca0e4a185c9c1a4999da516b1%26id%3D80cf041727%26e%3Dc26124877b&amp;source=gmail&amp;ust=1540496118996000&amp;usg=AFQjCNHBcmkp0Xg8LFVkUMdLoUB_sjVc_w\">50 favorite British smells</a>&nbsp;and&nbsp;<a href=\"https://52frames.us6.list-manage.com/track/click?u=ca0e4a185c9c1a4999da516b1&amp;id=9c44b6f9eb&amp;e=c26124877b\" target=\"_blank\" rel=\"noopener\" data-saferedirecturl=\"https://www.google.com/url?q=https://52frames.us6.list-manage.com/track/click?u%3Dca0e4a185c9c1a4999da516b1%26id%3D9c44b6f9eb%26e%3Dc26124877b&amp;source=gmail&amp;ust=1540496118996000&amp;usg=AFQjCNERQXpTIFawY9JZGybIp8p-935DUw\">32 things in the USA&nbsp;</a>you can smell just by looking at these photos.<br />&nbsp;</li>\n<li><a href=\"https://52frames.us6.list-manage.com/track/click?u=ca0e4a185c9c1a4999da516b1&amp;id=5d591bf9c5&amp;e=c26124877b\" target=\"_blank\" rel=\"noopener\" data-saferedirecturl=\"https://www.google.com/url?q=https://52frames.us6.list-manage.com/track/click?u%3Dca0e4a185c9c1a4999da516b1%26id%3D5d591bf9c5%26e%3Dc26124877b&amp;source=gmail&amp;ust=1540496118996000&amp;usg=AFQjCNFAhy7mX_U2mBRtz5v_KcQSIL_Tyg\">Two amazing photographs</a>&nbsp;from 1938 that captured the real essence of a lily and of camphor.<br />&nbsp;</li>\n<li>More inspiration for photos with a sense of smell&nbsp;<a href=\"https://52frames.us6.list-manage.com/track/click?u=ca0e4a185c9c1a4999da516b1&amp;id=f11342d4fb&amp;e=c26124877b\" target=\"_blank\" rel=\"noopener\" data-saferedirecturl=\"https://www.google.com/url?q=https://52frames.us6.list-manage.com/track/click?u%3Dca0e4a185c9c1a4999da516b1%26id%3Df11342d4fb%26e%3Dc26124877b&amp;source=gmail&amp;ust=1540496118996000&amp;usg=AFQjCNF-yNWmSE3qdq7_KZibMtO-0ijZ_A\">here</a>&nbsp;and<a href=\"https://52frames.us6.list-manage.com/track/click?u=ca0e4a185c9c1a4999da516b1&amp;id=f264147c4d&amp;e=c26124877b\" target=\"_blank\" rel=\"noopener\" data-saferedirecturl=\"https://www.google.com/url?q=https://52frames.us6.list-manage.com/track/click?u%3Dca0e4a185c9c1a4999da516b1%26id%3Df264147c4d%26e%3Dc26124877b&amp;source=gmail&amp;ust=1540496118996000&amp;usg=AFQjCNFRUJVNqaOmPlq8l_VqIOUuT98kJg\">&nbsp;here</a>. And&nbsp;<a href=\"https://52frames.us6.list-manage.com/track/click?u=ca0e4a185c9c1a4999da516b1&amp;id=95665f71dc&amp;e=c26124877b\" target=\"_blank\" rel=\"noopener\" data-saferedirecturl=\"https://www.google.com/url?q=https://52frames.us6.list-manage.com/track/click?u%3Dca0e4a185c9c1a4999da516b1%26id%3D95665f71dc%26e%3Dc26124877b&amp;source=gmail&amp;ust=1540496118996000&amp;usg=AFQjCNF7wEupMyX9bnURLpg640tNWLVyKA\">here</a>.</li>\n</ol>\n<p dir=\"ltr\"><br /><strong>Need more inspiration? Have a look at the \"Five senses\" albums of&nbsp;<a href=\"https://52frames.us6.list-manage.com/track/click?u=ca0e4a185c9c1a4999da516b1&amp;id=85f3ccf126&amp;e=c26124877b\" target=\"_blank\" rel=\"noopener\" data-saferedirecturl=\"https://www.google.com/url?q=https://52frames.us6.list-manage.com/track/click?u%3Dca0e4a185c9c1a4999da516b1%26id%3D85f3ccf126%26e%3Dc26124877b&amp;source=gmail&amp;ust=1540496118996000&amp;usg=AFQjCNE6uuNCyXwKLQ5jlXrFOGTaX_bXKQ\">2017</a>&nbsp;and&nbsp;<a href=\"https://52frames.us6.list-manage.com/track/click?u=ca0e4a185c9c1a4999da516b1&amp;id=ee049edc99&amp;e=c26124877b\" target=\"_blank\" rel=\"noopener\" data-saferedirecturl=\"https://www.google.com/url?q=https://52frames.us6.list-manage.com/track/click?u%3Dca0e4a185c9c1a4999da516b1%26id%3Dee049edc99%26e%3Dc26124877b&amp;source=gmail&amp;ust=1540496118996000&amp;usg=AFQjCNE0IDQus5axoOyhjYrt44c7jcj9dw\">2014</a>. And&nbsp;of course, the&nbsp;<a href=\"https://52frames.us6.list-manage.com/track/click?u=ca0e4a185c9c1a4999da516b1&amp;id=9c8d7a71db&amp;e=c26124877b\" target=\"_blank\" rel=\"noopener\" data-saferedirecturl=\"https://www.google.com/url?q=https://52frames.us6.list-manage.com/track/click?u%3Dca0e4a185c9c1a4999da516b1%26id%3D9c8d7a71db%26e%3Dc26124877b&amp;source=gmail&amp;ust=1540496118996000&amp;usg=AFQjCNH9yEf1GzVk8JtA9j8sR5Fr9-39Og\">Googles</a><a href=\"https://52frames.us6.list-manage.com/track/click?u=ca0e4a185c9c1a4999da516b1&amp;id=308b017127&amp;e=c26124877b\" target=\"_blank\" rel=\"noopener\" data-saferedirecturl=\"https://www.google.com/url?q=https://52frames.us6.list-manage.com/track/click?u%3Dca0e4a185c9c1a4999da516b1%26id%3D308b017127%26e%3Dc26124877b&amp;source=gmail&amp;ust=1540496118996000&amp;usg=AFQjCNGTU8qgrz7F3q7CCIUHXLHyHxV5lQ\">.</a>&nbsp;Oh, you sweet Googles.</strong></p>','smell,fakealbums,gonnagetdeleted',NULL,'2018-10-24 20:00:30','2018-11-04 18:29:42'),(4,NULL,NULL,55,'{\"owner_name\":\"2\",\"album_theme\":\"2\",\"album_week_number\":\"22\",\"url\":\"https:\\/\\/staging.52frames.com\\/albums\"}',56,'{\"owner_name\":\"2\",\"album_theme\":\"2\",\"album_week_number\":\"2\",\"url\":\"https:\\/\\/staging.52frames.com\\/albums\"}',57,58,59,60,62,61,67,68,1,1,2018,45,'2018-11-05','2018-11-11','Opposites Attract','opposites-attract','<p dir=\"ltr\">Dear creative Framers, our task this week is to not only photograph subjects that we do not expect to see together but to also portray the attraction between them. The photo is not just about the different two elements but also about the connection or tension between them.</p>\n<p>Think for example of a wrinkly grandmother holding a toddler in her arms (the opposites) and the toddler is gently touching the granny&rsquo;s skin (the attraction). Or a tall and short person not only standing next to each other but also making eye contact over the distance that separates them. Two women dressed in dressed in clothes from different religious&nbsp;but cooking together in a kitchen.</p>\n<p>This challenge has a strong storytelling element to it. The attraction between the two elements pulls the viewer in and will make her wonder how the two opposites came together in the first place OR what is going to happen next.</p>\n<p>Don&rsquo;t worry if you find yourself without models this week. By just placing two different objects next to each other, you are already creating tension in your photo</p>','<p dir=\"ltr\">Dear creative Framers, our task this week is to not only photograph subjects that we do not expect to see together but to also portray the attraction between them. The photo is not just about the different two elements but also about the connection or tension between them.</p>\n<p>Think for example of a wrinkly grandmother holding a toddler in her arms (the opposites) and the toddler is gently touching the granny&rsquo;s skin (the attraction). Or a tall and short person not only standing next to each other but also making eye contact over the distance that separates them. Two women dressed in dressed in clothes from different religious&nbsp;but cooking together in a kitchen.</p>\n<p>This challenge has a strong storytelling element to it. The attraction between the two elements pulls the viewer in and will make her wonder how the two opposites came together in the first place OR what is going to happen next.</p>\n<p>Don&rsquo;t worry if you find yourself without models this week. By just placing two different objects next to each other, you are already creating tension in your photo</p>','Day to Night','<p>For extra photography joo-joo, create a day to night photo.<br />Here are some tips on how to&nbsp;<a href=\"https://www.adorama.com/alc/how-to-capture-day-and-night-in-one-photo\" data-cke-saved-href=\"https://www.adorama.com/alc/how-to-capture-day-and-night-in-one-photo\">capture day and night</a>&nbsp;in one photo.</p>\n<p>Remember, it is&nbsp;<strong>not necessary</strong>&nbsp;to keep this<img class=\"alignright\" src=\"https://gallery.mailchimp.com/ca0e4a185c9c1a4999da516b1/images/1e786143-289d-4b27-832e-562450aa0939.png\" width=\"353\" height=\"212\" /><br />Extra Credit challenge in mind while shooting.<br />It&rsquo;s extra credit!</p>\n<p><em>*Please note!! You can only submit ONE photo per<br />week, for the week&rsquo;s challenge. This photo can<br />include&nbsp;the &ldquo;Extra Credit&rdquo; part of the challenge,<br />or the&nbsp;&ldquo;regular&rdquo; challenge,<br />but you can never submit<br />more than one photo!</em></p>\n<p>Photo credit:<strong>&nbsp;</strong>Susan Johnson&nbsp;<strong>&ndash;</strong><br />Week 40: Blue hour (2017)</p>','<ol>\n<li>It will not be easy to just find two opposite&nbsp;elements on a photo walk, you are going to have to actively look for them or plan a photo shoot.</li>\n<li>Think about the opposites that you want to photograph and how you are going to show the &lsquo;attraction&rsquo; between them: Tall and short, active and lazy, wet and dry, up and down, sunny and&nbsp;cloudy AND contrasting colors. There are MANY opposites to play around with!</li>\n<li>An article with&nbsp;<strong>very helpful&nbsp;</strong>advice for&nbsp;<a href=\"http://www.digital-photo-secrets.com/tip/6616/challenge-photograph-opposites/\" target=\"_blank\" rel=\"noopener\" data-cke-saved-href=\"http://www.digital-photo-secrets.com/tip/6616/challenge-photograph-opposites/\">photographing&nbsp;opposites</a>.</li>\n<li>Opposites attract images on&nbsp;<a href=\"https://www.pexels.com/search/opposites/%C2%A0\" target=\"_blank\" rel=\"noopener\" data-cke-saved-href=\"https://www.pexels.com/search/opposites/&nbsp;\">Pexels</a>,&nbsp;<a href=\"https://www.shutterstock.com/search/opposites+attract?page=1&amp;section=1&amp;searchterm=opposites%20attract&amp;language=en\" target=\"_blank\" rel=\"noopener\" data-cke-saved-href=\"https://www.shutterstock.com/search/opposites+attract?page=1&amp;section=1&amp;searchterm=opposites%20attract&amp;language=en\">Shutterstock</a>&nbsp;and&nbsp;<a href=\"https://www.istockphoto.com/il/photos/opposites?mediatype=photography&amp;phrase=opposites&amp;sort=mostpopular\" target=\"_blank\" rel=\"noopener\" data-cke-saved-href=\"https://www.istockphoto.com/il/photos/opposites?mediatype=photography&amp;phrase=opposites&amp;sort=mostpopular\">iStock</a>.</li>\n<li>Amazing&nbsp;<a href=\"https://www.viewbug.com/blog/simply-opposites-photo-contest-winners\" target=\"_blank\" rel=\"noopener\" data-cke-saved-href=\"https://www.viewbug.com/blog/simply-opposites-photo-contest-winners\">Opposites</a>&nbsp;photo contest winners.</li>\n<li><a href=\"https://medium.com/stories-behind-photography/opposites-attract-a-love-story-8f2f93e277ff\" target=\"_blank\" rel=\"noopener\" data-cke-saved-href=\"https://medium.com/stories-behind-photography/opposites-attract-a-love-story-8f2f93e277ff\">Opposites Attract</a>&nbsp;&ndash; Stories in Photography.Looking for more inspiration? Have a look at the &ldquo;<a href=\"https://www.facebook.com/pg/52frames/photos/?tab=album&amp;album_id=519246891433769\" target=\"_blank\" rel=\"noopener\" data-cke-saved-href=\"https://www.facebook.com/pg/52frames/photos/?tab=album&amp;album_id=519246891433769\">Opposites</a>&rdquo;&nbsp;album&nbsp;from 2012 and the&nbsp;<a href=\"https://www.facebook.com/pg/52frames/photos/?tab=album&amp;album_id=2299359206755853\" target=\"_blank\" rel=\"noopener\" data-cke-saved-href=\"https://www.facebook.com/pg/52frames/photos/?tab=album&amp;album_id=2299359206755853\">High Contrast</a>&nbsp;album from 2018.&nbsp;&nbsp;And of course the&nbsp;<a href=\"https://www.google.co.il/search?biw=1517&amp;bih=695&amp;tbm=isch&amp;sa=1&amp;ei=pB7eW9bwFIWWaYeklsAI&amp;q=opposites+attract+photography&amp;oq=opposites+attract+photo&amp;gs_l=img.1.0.35i39k1j0.1968.3162.0.4582.6.6.0.0.0.0.183.843.0j6.6.0....0...1c.1.64.img..0.6.841...0i67k1j0i24k1.0.A88AmQmsUxM\" target=\"_blank\" rel=\"noopener\" data-cke-saved-href=\"https://www.google.co.il/search?biw=1517&amp;bih=695&amp;tbm=isch&amp;sa=1&amp;ei=pB7eW9bwFIWWaYeklsAI&amp;q=opposites+attract+photography&amp;oq=opposites+attract+photo&amp;gs_l=img.1.0.35i39k1j0.1968.3162.0.4582.6.6.0.0.0.0.183.843.0j6.6.0....0...1c.1.64.img..0.6.841...0i67k1j0i24k1.0.A88AmQmsUxM\">Googles</a><a href=\"https://www.google.co.il/search?q=purple+photography&amp;source=lnms&amp;tbm=isch&amp;sa=X&amp;ved=0ahUKEwjf4qfBrffcAhVCMewKHURMCzkQ_AUICigB&amp;biw=1366&amp;bih=631\" target=\"_blank\" rel=\"noopener\" data-cke-saved-href=\"https://www.google.co.il/search?q=purple+photography&amp;source=lnms&amp;tbm=isch&amp;sa=X&amp;ved=0ahUKEwjf4qfBrffcAhVCMewKHURMCzkQ_AUICigB&amp;biw=1366&amp;bih=631\">,</a>&nbsp;oh, you sweet Googles.</li>\n</ol>\n<p><a href=\"https://www.google.co.il/search?biw=1517&amp;bih=695&amp;tbm=isch&amp;sa=1&amp;ei=pB7eW9bwFIWWaYeklsAI&amp;q=opposites+attract+photography&amp;oq=opposites+attract+photo&amp;gs_l=img.1.0.35i39k1j0.1968.3162.0.4582.6.6.0.0.0.0.183.843.0j6.6.0....0...1c.1.64.img..0.6.841...0i67k1j0i24k1.0.A88AmQmsUxM\" data-cke-saved-href=\"https://www.google.co.il/search?biw=1517&amp;bih=695&amp;tbm=isch&amp;sa=1&amp;ei=pB7eW9bwFIWWaYeklsAI&amp;q=opposites+attract+photography&amp;oq=opposites+attract+photo&amp;gs_l=img.1.0.35i39k1j0.1968.3162.0.4582.6.6.0.0.0.0.183.843.0j6.6.0....0...1c.1.64.img..0.6.841...0i67k1j0i24k1.0.A88AmQmsUxM\"><img src=\"https://gallery.mailchimp.com/ca0e4a185c9c1a4999da516b1/images/0f9737c6-a76c-40d5-b8c4-c5ee2eee29b9.png\" width=\"600\" height=\"268\" data-file-id=\"1524385\" data-cke-saved-src=\"https://gallery.mailchimp.com/ca0e4a185c9c1a4999da516b1/images/0f9737c6-a76c-40d5-b8c4-c5ee2eee29b9.png\" /></a></p>','opposites',NULL,'2018-11-06 18:36:26','2018-11-15 20:31:15'),(5,NULL,NULL,69,'{\"owner_name\":\"Yosef Adest\",\"album_theme\":\"sdf\",\"album_week_number\":\"2\",\"url\":\"https:\\/\\/www.facebook.com\\/52frames\\/photos\\/a.680233868668403\\/680237295334727\\/?type=3&theater\"}',70,'{\"owner_name\":\"Judy Windsor\",\"album_theme\":\"sdfsedf\",\"album_week_number\":\"23\",\"url\":\"https:\\/\\/www.facebook.com\\/52frames\\/photos\\/a.680233868668403\\/680237295334727\\/?type=3&theater\"}',72,71,74,NULL,NULL,NULL,NULL,NULL,1,1,2018,46,'2018-11-12','2018-11-18','In the Middle','in-the-middle','<div dir=\"ltr\"><strong>Week 46: In the Middle</strong></div>\n<h4 dir=\"ltr\"><a href=\"https://www.facebook.com/52frames/photos/a.680233868668403/680237295334727/?type=3&amp;theater\"><img src=\"https://gallery.mailchimp.com/ca0e4a185c9c1a4999da516b1/images/b842b655-44ee-4c92-abde-7afd27d2d7f2.png\" width=\"600\" height=\"450\" align=\"none\" data-file-id=\"1524433\" /></a></h4>\n<h4 dir=\"ltr\">Photo by: Yosef Adest, Week 47 &ndash; Shot from Above&nbsp; (2013)</h4>\n<div dir=\"ltr\">\n<p dir=\"ltr\">This week creative Framers, we are looking for wild and wonderful interpretations of the words &ldquo;In the middle&rdquo;. It could be a photo of a middle child or a child (or teacher!) in middle school. It could be something that is happening in the middle of the night, or in the middle of nowhere or in the Middle East.</p>\n<p dir=\"ltr\"><strong>It can even be a photo of the filling in the middle of a sandwich.</strong></p>\n<p dir=\"ltr\">You can also photograph subjects that are placed in the middle of a frame. Study symmetrical photography and consider turning on the grid in your camera to get a perfectly symmetrical photo. Remember to look to the right and look to the left, but take care to stay right in the middle!</p>\n</div>','<p dir=\"ltr\">This week creative Framers, we are looking for wild and wonderful interpretations of the words &ldquo;In the middle&rdquo;. It could be a photo of a middle child or a child (or teacher!) in middle school. It could be something that is happening in the middle of the night, or in the middle of nowhere or in the Middle East.</p>\n<p dir=\"ltr\"><strong>It can even be a photo of the filling in the middle of a sandwich.</strong></p>\n<p dir=\"ltr\">You can also photograph subjects that are placed in the middle of a frame. Study symmetrical photography and consider turning on the grid in your camera to get a perfectly symmetrical photo. Remember to look to the right and look to the left, but take care to stay right in the middle!</p>','1/2000 sec or faster','<p>For extra photography joo-joo, take &ldquo;In the Middle&rdquo; photo at 1/2000 sec or faster.</p>\n<p>Remember, it is&nbsp;<strong>not necessary</strong>&nbsp;to keep this<img class=\"alignright\" src=\"https://gallery.mailchimp.com/ca0e4a185c9c1a4999da516b1/images/6e363916-684d-4d17-bde7-4c30d7ffaacf.png\" width=\"400\" height=\"319\" /><br />Extra Credit challenge in mind while shooting.<br />It&rsquo;s extra credit!</p>\n<p><em>*Please note!! You can only submit ONE photo per<br />week, for the week&rsquo;s challenge. This photo can<br />include&nbsp;the &ldquo;Extra Credit&rdquo; part of the challenge,<br />or the&nbsp;&ldquo;regular&rdquo; challenge,<br />but you can never submit<br />more than one photo!</em></p>\n<p>Photo credit:&nbsp;<strong>Patricia Oderkirk</strong>&nbsp;<strong>&ndash;</strong><br />Week 38: Water (2017)</p>','<p dir=\"ltr\"><strong>Tips and Tuts for this week:&nbsp;</strong></p>\n<ol>\n<li>The magic of the&nbsp;<a href=\"https://twistedsifter.com/videos/the-power-of-the-middle-line-in-art-photography-and-film/\" target=\"_blank\" rel=\"noopener\">middle line</a>&nbsp;in composition.</li>\n<li><a href=\"https://www.picturecorrect.com/tips/eye-pleasing-examples-of-symmetry-in-photography/\" target=\"_blank\" rel=\"noopener\">Symmetrical (or objects in the middle!) photography</a>&nbsp;examples.</li>\n<li>And even more cool&nbsp;<a href=\"https://www.lightstalking.com/27-effective-photographic-uses-of-symmetry/\" target=\"_blank\" rel=\"noopener\">symmetrical&nbsp;</a>examples.</li>\n<li>Perfect&nbsp;<a href=\"https://iphonephotographyschool.com/shooting-symmetry/\" target=\"_blank\" rel=\"noopener\">symmetrical photos</a>&nbsp;taken with cell phones.</li>\n<li>In the&nbsp;<a href=\"https://www.gettyimages.com/photos/in-the-middle-of-nowhere?sort=mostpopular&amp;mediatype=photography&amp;phrase=in%20the%20middle%20of%20nowhere\" target=\"_blank\" rel=\"noopener\">middle of nowhere</a>&nbsp;stock images.</li>\n<li>56 photos of the&nbsp;<a href=\"https://www.nationalgeographic.com/travel/countries/your-middle-east-photos/\" target=\"_blank\" rel=\"noopener\">Middle East</a>.</li>\n<li>Photos of&nbsp;<a href=\"https://unsplash.com/search/photos/sandwich\" target=\"_blank\" rel=\"noopener\">sandwich fillings</a>&nbsp;that are going to make you hungry.</li>\n<li><a href=\"https://digital-photography-school.com/in-the-dark-10-tips-for-street-night-photography/\" target=\"_blank\" rel=\"noopener\">Urban night photography</a>.</li>\n</ol>\n<p dir=\"ltr\">We never have been very centered before, so we don&rsquo;t have any albums to show as examples. But of course, we still have the&nbsp;<a href=\"https://www.google.co.il/search?q=symmetrical+photography&amp;source=lnms&amp;tbm=isch&amp;sa=X&amp;ved=0ahUKEwiy9IeW1creAhUM0xoKHY7AB34Q_AUIDigB&amp;biw=1517&amp;bih=695\" target=\"_blank\" rel=\"noopener\">Googles,</a>&nbsp;oh, you sweet Googles.</p>\n<p><a href=\"https://www.google.co.il/search?q=symmetrical+photography&amp;source=lnms&amp;tbm=isch&amp;sa=X&amp;ved=0ahUKEwiy9IeW1creAhUM0xoKHY7AB34Q_AUIDigB&amp;biw=1517&amp;bih=695\"><img src=\"https://gallery.mailchimp.com/ca0e4a185c9c1a4999da516b1/images/91639302-d123-443d-aa0b-23d61b7bd3c1.png\" width=\"600\" height=\"282\" data-file-id=\"1524437\" /></a></p>','middle',NULL,'2018-11-15 20:36:14','2018-12-16 21:14:51'),(6,NULL,NULL,78,'{\"owner_name\":\"jen F\",\"album_theme\":\"Windows\",\"album_week_number\":\"45\",\"url\":\"https:\\/\\/www.facebook.com\\/52frames\\/photos\\/a.1296246930400424\\/1296268143731636\\/?type=3&theater\"}',79,'{\"owner_name\":\"jen F\",\"album_theme\":\"Windows\",\"album_week_number\":\"45\",\"url\":\"https:\\/\\/www.facebook.com\\/52frames\\/photos\\/a.1296246930400424\\/1296268143731636\\/?type=3&theater\"}',NULL,NULL,NULL,NULL,NULL,NULL,NULL,NULL,1,0,2018,49,'2018-12-03','2018-12-09','Windows','windows','<p dir=\"ltr\">Photographers have always had a love affair with windows, from&nbsp;<a href=\"https://en.wikipedia.org/wiki/View_from_the_Window_at_Le_Gras\" target=\"_blank\" rel=\"noopener\">View from the window at Le Gras</a>&nbsp;to&nbsp;<a href=\"https://uk.phaidon.com/agenda/photography/articles/2015/july/03/when-robert-frank-shot-the-american-flag/\" target=\"_blank\" rel=\"noopener\">Robert Frank&rsquo;s Parade, Hoboken, New Jersey</a>&nbsp;to numerous gorgeous Windows photos from our own 52Frames albums. Some argue that it is because a room with a window is a continuation of the eye with its pupil and the camera with its lens opening.</p>\n<p>Others say that we love windows because they represent an interesting contrast &ndash; windows allow us to connect with the outside world and yet at the same help us to place a screen between us and everything outside the window.</p>\n<p>Your challenge this week creative Framers is to decide if you want to shoot from the outside in or from the inside out. Your window can act as a frame, provide a reflection or you can even shoot&nbsp;<strong>through</strong>&nbsp;a window. You can shoot a train, car, airplane or boat window. Repeated window patterns or a large stained glass window. There are windows everywhere, so go and show us how the world looks through your window!</p>','<p dir=\"ltr\">Photographers have always had a love affair with windows, from&nbsp;<a href=\"https://en.wikipedia.org/wiki/View_from_the_Window_at_Le_Gras\" target=\"_blank\" rel=\"noopener\">View from the window at Le Gras</a>&nbsp;to&nbsp;<a href=\"https://uk.phaidon.com/agenda/photography/articles/2015/july/03/when-robert-frank-shot-the-american-flag/\" target=\"_blank\" rel=\"noopener\">Robert Frank&rsquo;s Parade, Hoboken, New Jersey</a>&nbsp;to numerous gorgeous Windows photos from our own 52Frames albums. Some argue that it is because a room with a window is a continuation of the eye with its pupil and the camera with its lens opening.</p>\n<p>Others say that we love windows because they represent an interesting contrast &ndash; windows allow us to connect with the outside world and yet at the same help us to place a screen between us and everything outside the window.</p>\n<p>Your challenge this week creative Framers is to decide if you want to shoot from the outside in or from the inside out. Your window can act as a frame, provide a reflection or you can even shoot&nbsp;<strong>through</strong>&nbsp;a window. You can shoot a train, car, airplane or boat window. Repeated window patterns or a large stained glass window. There are windows everywhere, so go and show us how the world looks through your window!</p>','Window Light','<h3><strong>Extra Credit: Window Light</strong></h3>\n<p>For extra photography joo-joo, make use of window light for your photo. It is okay if you decide NOT to include the window itself in this EC challenge.</p>\n<p>Remember, it is&nbsp;<strong>not necessary</strong>&nbsp;to keep this<img class=\"alignright\" src=\"https://gallery.mailchimp.com/ca0e4a185c9c1a4999da516b1/images/7bd9ee73-c958-43cc-9521-49723be93f05.png\" width=\"430\" height=\"287\" /><br />Extra Credit challenge in mind while shooting.<br />It&rsquo;s extra credit!</p>\n<p><em>*Please note!! You can only submit ONE photo per<br />week, for the week&rsquo;s challenge. This photo can<br />include&nbsp;the &ldquo;Extra Credit&rdquo; part of the challenge,<br />or the&nbsp;&ldquo;regular&rdquo; challenge,<br />but you can never submit<br />more than one photo!</em></p>\n<p>Photo credit:&nbsp;<strong>Jennifer Thackray</strong>&nbsp;<strong>&ndash;</strong><br />Week 35: Windows (2016)</p>','<p dir=\"ltr\"><strong>Tips and Tuts for this week:&nbsp;</strong></p>\n<ol>\n<li>If it is possible, definitely try and clean the window or windows that will be in your photo.&nbsp;<img src=\"/vendor/tinymce/js/tinymce/plugins/emoticons/img/smiley-smile.gif\" alt=\"smile\" /></li>\n<li>Window photography is a HUGE genre and we want to encourage you to try and shoot something out of your comfort zone.</li>\n<li><a href=\"http://www.terragalleria.com/blog/how-to-photograph-through-windows-my-top-12-tips/\" target=\"_blank\" rel=\"noopener\">Tips</a>&nbsp;for shooting through windows.</li>\n<li>How to&nbsp;<a href=\"https://www.youtube.com/watch?v=VUyJNr2wy6c\" target=\"_blank\" rel=\"noopener\">photograph through glass windows</a>.</li>\n<li>How your neighbors see you: &lsquo;<a href=\"https://www.yatzer.com/gail-albert-halaban-out-my-window\" target=\"_blank\" rel=\"noopener\">Out my Window</a>&lsquo; photo series by Gail Albert Halaban.</li>\n<li><a href=\"https://digital-photography-school.com/window-street-photography-or-why-you-should-get-out-of-your-comfort-zone-to-grow/\" target=\"_blank\" rel=\"noopener\">Window street photography</a></li>\n<li>Using&nbsp;<a href=\"https://learn.zoner.com/using-glass-reflections-in-your-pictures/\" target=\"_blank\" rel=\"noopener\">glass reflections</a>&nbsp;in your photos.</li>\n<li><a href=\"https://digital-photography-school.com/frame-your-images/\" target=\"_blank\" rel=\"noopener\">Frame your images with windows</a>.</li>\n</ol>\n<p dir=\"ltr\">For more inspiration have a look at the&nbsp;<a href=\"https://www.facebook.com/pg/52frames/photos/?tab=album&amp;album_id=1296246930400424\" target=\"_blank\" rel=\"noopener\">Windows</a>&nbsp;album of 2016,&nbsp;<a href=\"https://www.facebook.com/pg/52frames/photos/?tab=album&amp;album_id=522847807740344\" target=\"_blank\" rel=\"noopener\">From my Window&nbsp;</a>of 2012 and the&nbsp;<a href=\"https://www.facebook.com/pg/52frames/photos/?tab=album&amp;album_id=1955132504511860\" target=\"_blank\" rel=\"noopener\"><u>Drive-by</u></a>album of 2017. But of course, we still have the&nbsp;<a href=\"https://www.google.co.il/search?q=window+photography&amp;source=lnms&amp;tbm=isch&amp;sa=X&amp;ved=0ahUKEwjX7cHh-oHfAhVIz4UKHWzDBGQQ_AUIDigB&amp;biw=1517&amp;bih=695\" target=\"_blank\" rel=\"noopener\">Googles</a><a href=\"https://www.google.co.il/search?q=symmetrical+photography&amp;source=lnms&amp;tbm=isch&amp;sa=X&amp;ved=0ahUKEwiy9IeW1creAhUM0xoKHY7AB34Q_AUIDigB&amp;biw=1517&amp;bih=695\" target=\"_blank\" rel=\"noopener\">,</a>&nbsp;oh, you sweet Googles.</p>\n<p><a href=\"https://www.google.co.il/search?q=window+photography&amp;source=lnms&amp;tbm=isch&amp;sa=X&amp;ved=0ahUKEwjX7cHh-oHfAhVIz4UKHWzDBGQQ_AUIDigB&amp;biw=1517&amp;bih=695\"><img src=\"https://gallery.mailchimp.com/ca0e4a185c9c1a4999da516b1/images/63b88c18-51a3-4064-bdcd-0c53e04abea4.png\" width=\"600\" height=\"280\" data-file-id=\"1524509\" /></a></p>','windows',NULL,'2018-12-04 18:48:17','2018-12-04 18:49:18'),(7,NULL,NULL,80,'{\"owner_name\":\"Tim King\",\"album_theme\":\"Overexposed 2017\",\"album_week_number\":\"25\",\"url\":null}',81,'{\"owner_name\":\"Tim King\",\"album_theme\":\"Overexposed 2017\",\"album_week_number\":\"25\",\"url\":\"https:\\/\\/gallery.mailchimp.com\\/ca0e4a185c9c1a4999da516b1\\/images\\/2f4c3358-5b04-4b6b-af55-3fd2a5ff2503.png\"}',NULL,NULL,NULL,NULL,NULL,NULL,NULL,NULL,0,0,2018,50,'2018-12-10','2018-12-16','Break the Rules','break-the-rules','<h4 dir=\"ltr\">We have been working hard the entire year to learn the photography rules but now it is time to BREAK them!!! The problem is just that to know that you are breaking a rule, you must first know that there is a rule in the first place&nbsp;</h4>\n<div dir=\"ltr\">\n<p>Just like everything in life though, one must sometimes go with your gut in photography. One has to go out in that midday sun and shoot a photo with the sun in front of you, with no leading lines or rule of thirds in sight! It is often when we give ourselves the permission to relax and ignore the rules, that the artist in us can play and create to its heart&rsquo;s content.</p>\n<p>So dear creative Framers, you can either go and look for a rule to consciously break. OR you can just go and shoot without paying too much attention to the rules that we often keep in the back of our minds. OR you can take a photo of a rule breaker!</p>\n</div>',NULL,'Intentionally Blurred','<p>For extra photography joo-joo, take an intentionally<br />blurred photo &ndash; think&nbsp;<a href=\"https://www.daylighted.com/blog/impressionistic-photography/\" data-cke-saved-href=\"https://www.daylighted.com/blog/impressionistic-photography/\">impressionist</a>!</p>\n<p>Remember, it is&nbsp;<strong>not necessary</strong>&nbsp;to keep this<img class=\"alignright\" src=\"https://gallery.mailchimp.com/ca0e4a185c9c1a4999da516b1/images/5daaa43d-8adc-459d-8156-9f6c3feddb09.png\" width=\"475\" height=\"276\" /><br />Extra Credit challenge in mind while shooting.<br />It&rsquo;s extra credit!</p>\n<p><em>*Please note!! You can only submit ONE photo per<br />week, for the week&rsquo;s challenge. This photo can<br />include&nbsp;the &ldquo;Extra Credit&rdquo; part of the challenge,<br />or the&nbsp;&ldquo;regular&rdquo; challenge,<br />but you can never submit<br />more than one photo!</em></p>\n<p>Photo credit: Barbara Levy Bamberger&nbsp;<strong>&ndash;</strong><br />Week 47: Break the Rules (2016)</p>','<ol>\n<li><a href=\"https://www.nationalgeographic.com/photography/photo-tips/breaking-the-rules/\" target=\"_blank\" rel=\"noopener\" data-cke-saved-href=\"https://www.nationalgeographic.com/photography/photo-tips/breaking-the-rules/\">National Geographic photographers</a>&nbsp;breaking the rules.</li>\n<li>A&nbsp;<a href=\"https://www.photoblog.com/learn/big-list-photography-composition-rules/\" target=\"_blank\" rel=\"noopener\" data-cke-saved-href=\"https://www.photoblog.com/learn/big-list-photography-composition-rules/\">big list of composition rules</a>&nbsp;to remind you of WHAT can you &lsquo;do wrong&rsquo; for a change.</li>\n<li>Break the<a href=\"https://digital-photography-school.com/break-the-rules-of-photography-and-take-stunning-images/\" target=\"_blank\" rel=\"noopener\" data-cke-saved-href=\"https://digital-photography-school.com/break-the-rules-of-photography-and-take-stunning-images/\">&nbsp;rules of photography</a>&nbsp;and take stunning photos.</li>\n<li>10&nbsp;<a href=\"https://www.popphoto.com/gallery/nature-how-to-10-rules-to-break#page-3\" target=\"_blank\" rel=\"noopener\" data-cke-saved-href=\"https://www.popphoto.com/gallery/nature-how-to-10-rules-to-break#page-3\">nature photography rules</a>&nbsp;to break and&nbsp;even more rule breakers&nbsp;<a href=\"https://www.ephotozine.com/article/8-more-ways-to-break-photography-rules-17155\" target=\"_blank\" rel=\"noopener\" data-cke-saved-href=\"https://www.ephotozine.com/article/8-more-ways-to-break-photography-rules-17155\">here</a>.</li>\n<li><a href=\"http://www.digital-photo-secrets.com/tip/5823/out-of-focus-deliberately/\" target=\"_blank\" rel=\"noopener\" data-cke-saved-href=\"http://www.digital-photo-secrets.com/tip/5823/out-of-focus-deliberately/\">Out of focus, intentional camera shake and motion blur</a>.</li>\n<li>7&nbsp;<a href=\"https://digital-photography-school.com/7-street-photography-rules-that-should-be-broken/\" target=\"_blank\" rel=\"noopener\" data-cke-saved-href=\"https://digital-photography-school.com/7-street-photography-rules-that-should-be-broken/\">street photography rules</a>&nbsp;that should be broken.</li>\n</ol>\n<p dir=\"ltr\">For more inspiration have a look at the &ldquo;Break the rules&rdquo; albums of&nbsp;<a href=\"https://www.facebook.com/pg/52frames/photos/?tab=album&amp;album_id=1397570136934769\" target=\"_blank\" rel=\"noopener\" data-cke-saved-href=\"https://www.facebook.com/pg/52frames/photos/?tab=album&amp;album_id=1397570136934769\">2016</a>&nbsp;and&nbsp;<a href=\"https://www.facebook.com/pg/52frames/photos/?tab=album&amp;album_id=1055480951143691\" target=\"_blank\" rel=\"noopener\" data-cke-saved-href=\"https://www.facebook.com/pg/52frames/photos/?tab=album&amp;album_id=1055480951143691\">2015</a>and&nbsp;of course, also the&nbsp;<a href=\"https://www.google.co.il/search?q=break+photography+rules&amp;source=lnms&amp;tbm=isch&amp;sa=X&amp;ved=0ahUKEwjP29bBv5PfAhUExhoKHV7bAmwQ_AUIDigB&amp;biw=1366&amp;bih=626\" target=\"_blank\" rel=\"noopener\" data-cke-saved-href=\"https://www.google.co.il/search?q=break+photography+rules&amp;source=lnms&amp;tbm=isch&amp;sa=X&amp;ved=0ahUKEwjP29bBv5PfAhUExhoKHV7bAmwQ_AUIDigB&amp;biw=1366&amp;bih=626\">Googles</a><a href=\"https://www.google.co.il/search?q=symmetrical+photography&amp;source=lnms&amp;tbm=isch&amp;sa=X&amp;ved=0ahUKEwiy9IeW1creAhUM0xoKHY7AB34Q_AUIDigB&amp;biw=1517&amp;bih=695\" target=\"_blank\" rel=\"noopener\" data-cke-saved-href=\"https://www.google.co.il/search?q=symmetrical+photography&amp;source=lnms&amp;tbm=isch&amp;sa=X&amp;ved=0ahUKEwiy9IeW1creAhUM0xoKHY7AB34Q_AUIDigB&amp;biw=1517&amp;bih=695\">,</a>&nbsp;oh, you sweet Googles.</p>','breaktherules',NULL,'2018-12-16 22:02:44','2018-12-16 22:04:58'),(8,NULL,NULL,82,'{\"owner_name\":\"Bridget Mayfield\",\"album_theme\":\"Nature. 2015\",\"album_week_number\":\"15\",\"url\":null}',83,'{\"owner_name\":\"Kinnanom Ron\",\"album_theme\":\"Adventure, 2011\",\"album_week_number\":\"16\",\"url\":\"https:\\/\\/www.facebook.com\\/52frames\\/photos\\/a.406868652671594.100180.180889155269546\\/406879086003884\\/?type=3&theater\"}',NULL,NULL,NULL,NULL,NULL,NULL,NULL,NULL,0,0,2018,51,'2018-12-17','2018-12-23','Unexplored','unexplored','<p>Here at 52Frames it is just about 100% guaranteed that you will be&nbsp;<span style=\"text-decoration: line-through;\">forced to</span>&nbsp;<strong><em>encouraged</em></strong>&nbsp;to test your creative comfort zone. Are you scared to go up to a stranger and ask to photograph her? Well hello&nbsp;<a href=\"http://52frames.us6.list-manage2.com/track/click?u=ca0e4a185c9c1a4999da516b1&amp;id=e282105805&amp;e=c26124877b\" target=\"_blank\" rel=\"noopener\" data-saferedirecturl=\"https://www.google.com/url?q=http://52frames.us6.list-manage2.com/track/click?u%3Dca0e4a185c9c1a4999da516b1%26id%3De282105805%26e%3Dc26124877b&amp;source=gmail&amp;ust=1545084409192000&amp;usg=AFQjCNERve4C_RKmVqInn3tCSeEjaV7PCw\">Portrait of a Stranger</a>&nbsp;week!! Are you still unsure about long-exposure photography...then the&nbsp;<a href=\"http://52frames.us6.list-manage.com/track/click?u=ca0e4a185c9c1a4999da516b1&amp;id=96a662707b&amp;e=c26124877b\" target=\"_blank\" rel=\"noopener\" data-saferedirecturl=\"https://www.google.com/url?q=http://52frames.us6.list-manage.com/track/click?u%3Dca0e4a185c9c1a4999da516b1%26id%3D96a662707b%26e%3Dc26124877b&amp;source=gmail&amp;ust=1545084409192000&amp;usg=AFQjCNFXBoVpmfbhWxrPjeNtkcZfoqh8Vw\">Night Photography</a>&nbsp;challenge will be a nice push for you.<br /><br />This week however, we have a bit more of a&nbsp;<strong>physical challenge</strong>&nbsp;for you. You are going to have to do some exploring and photograph a place that you have never been to before. It can be a new coffee shop that opened recently, a neighborhood that you have never visited before or that hiking-trail you have always wanted to try out.&nbsp;<br /><br />Maybe you could go&nbsp;on a 2-day camping trip and test out your long-exposure photography you are unsure of, or simply&nbsp;take a different route back home from work.<br /><br />It\'s time to get lost in your own city or town. Go on a little adventure and then share with us the beauty that you have discovered.<br /><br />As always, you are more welcome to interpret this challenge in a figurative way...&nbsp; How about&nbsp;trying something (<a href=\"http://52frames.us6.list-manage1.com/track/click?u=ca0e4a185c9c1a4999da516b1&amp;id=da7a79ac5a&amp;e=c26124877b\" target=\"_blank\" rel=\"noopener\" data-saferedirecturl=\"https://www.google.com/url?q=http://52frames.us6.list-manage1.com/track/click?u%3Dca0e4a185c9c1a4999da516b1%26id%3Dda7a79ac5a%26e%3Dc26124877b&amp;source=gmail&amp;ust=1545084409192000&amp;usg=AFQjCNGZfCJP59ZwX3x4W1yBZLYwgZ8c_g\">photographically</a>) you\'ve never done before. Or maybe experience something you\'ve never done before and capture&nbsp;that emotion?</p>',NULL,'30 Miles from Home (48.2 km)','<p>For some extra credit joojoo, don&rsquo;t just leave the nest but spread your wings! :) At least 30 miles away from homebase. Research the place that you want to visit but allow yourself to explore, get lost&nbsp;and discover something totally new.<br /><br />Just remember to always use common sense and STAY SAFE!</p>','<ul dir=\"ltr\">\n<li><strong id=\"m_-6969430833282595795docs-internal-guid-986c17fa-0a05-51c9-ce0b-bd32f7045e0c\">Do your homework</strong><strong>.&nbsp;</strong>Check that the place that you want to visit is open on the day that you want to go and what the visiting hours are.<br />&nbsp;</li>\n<li dir=\"ltr\"><strong>Be Safe.&nbsp;</strong>Please take care if the place you want to visit is far and/or isolated. &nbsp;It is always a good idea to take a friend with you. Make sure that your cellphones&rsquo; batteries are loaded and that you have told people where you are going to.<br />&nbsp;</li>\n<li><strong>Go on an adventure.&nbsp;</strong>Consider an&nbsp;<a href=\"http://52frames.us6.list-manage.com/track/click?u=ca0e4a185c9c1a4999da516b1&amp;id=95212f3b97&amp;e=c26124877b\" target=\"_blank\" rel=\"noopener\" data-saferedirecturl=\"https://www.google.com/url?q=http://52frames.us6.list-manage.com/track/click?u%3Dca0e4a185c9c1a4999da516b1%26id%3D95212f3b97%26e%3Dc26124877b&amp;source=gmail&amp;ust=1545084409192000&amp;usg=AFQjCNGFnOXPCqDFcHXjlt1niCXoXvykaw\">urbex</a>&nbsp;(urban exploring) adventure. Just no breaking and entering! ;)<br />&nbsp;</li>\n<li><strong>Go to another country.&nbsp;</strong>If you are lucky enough to do some traveling this week, here are tips on&nbsp;<a href=\"http://52frames.us6.list-manage.com/track/click?u=ca0e4a185c9c1a4999da516b1&amp;id=67397b1b82&amp;e=c26124877b\" target=\"_blank\" rel=\"noopener\" data-saferedirecturl=\"https://www.google.com/url?q=http://52frames.us6.list-manage.com/track/click?u%3Dca0e4a185c9c1a4999da516b1%26id%3D67397b1b82%26e%3Dc26124877b&amp;source=gmail&amp;ust=1545084409192000&amp;usg=AFQjCNFCZhfeHwHbqo7KZ35x-XJsizoAPA\">travel photography</a>.Travel photographer&nbsp;<a href=\"http://52frames.us6.list-manage.com/track/click?u=ca0e4a185c9c1a4999da516b1&amp;id=6f9c752cfe&amp;e=c26124877b\" target=\"_blank\" rel=\"noopener\" data-saferedirecturl=\"https://www.google.com/url?q=http://52frames.us6.list-manage.com/track/click?u%3Dca0e4a185c9c1a4999da516b1%26id%3D6f9c752cfe%26e%3Dc26124877b&amp;source=gmail&amp;ust=1545084409192000&amp;usg=AFQjCNH8QuLUcKIpY9L7JPXn-gOmJPIYxQ\">Asher Svidensky</a>&nbsp;talks about how we should not capture people&nbsp;to show &ldquo;<em>how different THEY are</em>&rdquo; but rather to show &lsquo;<em>how diverse WE are</em>&rsquo;.<br />&nbsp;</li>\n<li><strong>Don\'t feel like you need to do something grand.&nbsp;</strong>You can simply walk down a block that you haven\'t been to in your city. Or lift a rock in your backyard to see what\'s underneath. Your exploring can be as bold as you want (purchase a plane ticket) or as small as you want (check out the back of that drawer you haven\'t cleaned in a decade). It doesn\'t make the exploration of a new thing, any less grand :)</li>\n</ul>','adventure',NULL,'2018-12-16 22:14:57','2018-12-16 22:15:01'),(9,NULL,NULL,85,'{\"owner_name\":\"sdf\",\"album_theme\":\"sdf\",\"album_week_number\":\"22\",\"url\":\"http:\\/\\/www.google.com\"}',86,'{\"owner_name\":\"sdvdsdv\",\"album_theme\":\"sdvd\",\"album_week_number\":\"22\",\"url\":\"http:\\/\\/www.google.com\"}',NULL,NULL,NULL,NULL,NULL,NULL,NULL,NULL,0,0,2019,9,'2019-02-25','2019-03-03','Negative Space','negative-space','<p>Our week nine challenge is about nothing! That is right creative writers, this week we are photographing negative space.&nbsp;<strong>Negative space</strong>&nbsp;is a strong composition tool not only used in photography but also in design, paintings, and more.Basically, negative space is the area that surrounds a subject. You may have noticed that the subject is sometimes referred to as the positive space. Think, for example, of a single word typed on a piece of white paper. The typed word is the subject or the positive space, and the white paper is the negative space.</p>\n<p>Negative space may &lsquo;look&rsquo; as though it is nothing, but it has a very important supportive role. It makes the subject stand out, adds balance, and often brings context to the photograph. The flypaper that supports a trapped fly, a cliff that gives a rock climber her background, and the blue sky against hanging clothes that tells us it is washing day &mdash; all are examples of negative space.</p>','<p>Our week nine challenge is about nothing! That is right creative writers, this week we are photographing negative space.&nbsp;<strong>Negative space</strong>&nbsp;is a strong composition tool not only used in photography but also in design, paintings, and more.Basically, negative space is the area that surrounds a subject. You may have noticed that the subject is sometimes referred to as the positive space. Think, for example, of a single word typed on a piece of white paper. The typed word is the subject or the positive space, and the white paper is the negative space.</p>\n<p>Negative space may &lsquo;look&rsquo; as though it is nothing, but it has a very important supportive role. It makes the subject stand out, adds balance, and often brings context to the photograph. The flypaper that supports a trapped fly, a cliff that gives a rock climber her background, and the blue sky against hanging clothes that tells us it is washing day &mdash; all are examples of negative space.</p>','In the Studio','<h3><strong>Extra Credit: In the Studio</strong></h3>\n<p>For extra photography joo-joo, shoot a negative space photo in the studio.<br /><img class=\"alignright\" src=\"https://gallery.mailchimp.com/ca0e4a185c9c1a4999da516b1/images/afe2144b-c42c-43d6-b43e-07edc250cfdb.png\" width=\"517\" height=\"346\" /><br />Remember, it is&nbsp;<strong>not necessary</strong>&nbsp;to keep this<br />Extra Credit challenge in mind while shooting.<br />It&rsquo;s extra credit!</p>\n<p><em>*Please note!! You can only submit ONE photo per<br />week, for the week&rsquo;s challenge. This photo can<br />include&nbsp;the &ldquo;Extra Credit&rdquo; part of the challenge,<br />or the&nbsp;&ldquo;regular&rdquo; challenge,<br />but you can never submit<br />more than one photo!</em></p>\n<p>Photo credit:&nbsp;<strong>Tyrell Doig&nbsp;</strong>&nbsp;<strong>&ndash;</strong><br />Week 3: Black and White (2017)</p>','<div dir=\"ltr\"><strong>Tips and Tuts for this week:&nbsp;</strong></div>\n<div dir=\"ltr\">\n<ol>\n<li>Negative space can be textured but remember it must always make the subject the focus.</li>\n<li>Try complementary colours for your positive and negative spaces to make your photo pop.</li>\n<li>Understanding and using&nbsp;<a href=\"https://www.photographymad.com/pages/view/understanding-and-using-negative-space-in-photography\" target=\"_blank\" rel=\"noopener noreferrer\" data-cke-saved-href=\"https://www.photographymad.com/pages/view/understanding-and-using-negative-space-in-photography\">negative space&nbsp;in photography</a>.</li>\n<li>How to use negative space in photography for&nbsp;<a href=\"https://expertphotography.com/how-to-use-negative-space-in-photography-for-more-powerful-images/\" target=\"_blank\" rel=\"noopener noreferrer\" data-cke-saved-href=\"https://expertphotography.com/how-to-use-negative-space-in-photography-for-more-powerful-images/\">more powerful images</a>.</li>\n<li>Negative space in the&nbsp;<a href=\"https://www.youtube.com/watch?v=7N3F0XZ2PKY\" target=\"_blank\" rel=\"noopener noreferrer\" data-cke-saved-href=\"https://www.youtube.com/watch?v=7N3F0XZ2PKY\">studio and in the field</a>.</li>\n<li>Negative space in an&nbsp;<a href=\"https://www.nicholasgooddenphotography.co.uk/london-blog/negative-space-in-photography\" target=\"_blank\" rel=\"noopener noreferrer\" data-cke-saved-href=\"https://www.nicholasgooddenphotography.co.uk/london-blog/negative-space-in-photography\">urban setting</a>.</li>\n<li><a href=\"http://pixelcurse.com/photography/35-great-examples-of-using-negative-space-in-photography\" target=\"_blank\" rel=\"noopener noreferrer\" data-cke-saved-href=\"http://pixelcurse.com/photography/35-great-examples-of-using-negative-space-in-photography\">35 examples&nbsp;</a>of using negative space in photography.</li>\n</ol>\n<p>Get some inspiration from our previous Negative Space&nbsp;albums of&nbsp;<a href=\"https://www.facebook.com/pg/52frames/photos/?tab=album&amp;album_id=1005157729509347\" target=\"_blank\" rel=\"noopener noreferrer\" data-cke-saved-href=\"https://www.facebook.com/pg/52frames/photos/?tab=album&amp;album_id=1005157729509347\">2015</a>,&nbsp;<a href=\"https://www.facebook.com/pg/52frames/photos/?tab=album&amp;album_id=1174440809247704\" target=\"_blank\" rel=\"noopener noreferrer\" data-cke-saved-href=\"https://www.facebook.com/pg/52frames/photos/?tab=album&amp;album_id=1174440809247704\">2016</a>,&nbsp;<a href=\"https://www.facebook.com/pg/52frames/photos/?tab=album&amp;album_id=1547531331938648\" target=\"_blank\" rel=\"noopener noreferrer\" data-cke-saved-href=\"https://www.facebook.com/pg/52frames/photos/?tab=album&amp;album_id=1547531331938648\">2017</a>&nbsp;and&nbsp;<a href=\"https://www.facebook.com/pg/52frames/photos/?tab=album&amp;album_id=2170848756273566\" target=\"_blank\" rel=\"noopener noreferrer\" data-cke-saved-href=\"https://www.facebook.com/pg/52frames/photos/?tab=album&amp;album_id=2170848756273566\">2018</a>. And also the&nbsp;<a href=\"https://www.google.com/search?q=negative+space+photography&amp;source=lnms&amp;tbm=isch&amp;sa=X&amp;ved=0ahUKEwjljP-93tLgAhVDnRoKHQ18DFsQ_AUIDigB&amp;biw=1366&amp;bih=625\" target=\"_blank\" rel=\"noopener noreferrer\" data-cke-saved-href=\"https://www.google.com/search?q=negative+space+photography&amp;source=lnms&amp;tbm=isch&amp;sa=X&amp;ved=0ahUKEwjljP-93tLgAhVDnRoKHQ18DFsQ_AUIDigB&amp;biw=1366&amp;bih=625\">Googles</a><a href=\"https://www.google.com/search?biw=1366&amp;bih=626&amp;tbm=isch&amp;sa=1&amp;ei=O4hoXPuXK9LUsAek6rLQCQ&amp;q=something+different+photography&amp;oq=something+different+photography&amp;gs_l=img.3..35i39.96123.105020..108257...2.0..0.173.1432.0j12......1....1..gws-wiz-img.......0i7i30j0i8i7i30.4aKkHPbJitM\" target=\"_blank\" rel=\"noopener noreferrer\" data-cke-saved-href=\"https://www.google.com/search?biw=1366&amp;bih=626&amp;tbm=isch&amp;sa=1&amp;ei=O4hoXPuXK9LUsAek6rLQCQ&amp;q=something+different+photography&amp;oq=something+different+photography&amp;gs_l=img.3..35i39.96123.105020..108257...2.0..0.173.1432.0j12......1....1..gws-wiz-img.......0i7i30j0i8i7i30.4aKkHPbJitM\">,</a>&nbsp;oh, you sweet Googles.</p>\n<p><a href=\"https://www.google.com/search?q=negative+space+photography&amp;source=lnms&amp;tbm=isch&amp;sa=X&amp;ved=0ahUKEwjljP-93tLgAhVDnRoKHQ18DFsQ_AUIDigB&amp;biw=1366&amp;bih=625\" data-cke-saved-href=\"https://www.google.com/search?q=negative+space+photography&amp;source=lnms&amp;tbm=isch&amp;sa=X&amp;ved=0ahUKEwjljP-93tLgAhVDnRoKHQ18DFsQ_AUIDigB&amp;biw=1366&amp;bih=625\"><img src=\"https://gallery.mailchimp.com/ca0e4a185c9c1a4999da516b1/images/352cb341-fc77-4665-b126-738fa246f0c9.png\" width=\"600\" height=\"215\" data-file-id=\"1524813\" data-cke-saved-src=\"https://gallery.mailchimp.com/ca0e4a185c9c1a4999da516b1/images/352cb341-fc77-4665-b126-738fa246f0c9.png\" /></a></p>\n</div>\n<div dir=\"ltr\">&nbsp;</div>','mirror,boy',NULL,'2019-03-03 18:05:09','2019-03-03 18:05:12');
/*!40000 ALTER TABLE `albums` ENABLE KEYS */;
UNLOCK TABLES;

--
-- Table structure for table `analytics_logs`
--

DROP TABLE IF EXISTS `analytics_logs`;
/*!40101 SET @saved_cs_client     = @@character_set_client */;
/*!40101 SET character_set_client = utf8 */;
CREATE TABLE `analytics_logs` (
  `id` bigint(20) unsigned NOT NULL AUTO_INCREMENT,
  `trigger_term_id` bigint(20) NOT NULL,
  `user_id` bigint(20) NOT NULL,
  `relative_page_path` varchar(191) COLLATE utf8mb4_unicode_520_ci NOT NULL,
  `tracked_item_id` bigint(20) NOT NULL,
  `extra_json` text COLLATE utf8mb4_unicode_520_ci,
  `created_at` timestamp NULL DEFAULT NULL,
  `updated_at` timestamp NULL DEFAULT NULL,
  PRIMARY KEY (`id`)
) ENGINE=InnoDB AUTO_INCREMENT=10 DEFAULT CHARSET=utf8mb4 COLLATE=utf8mb4_unicode_520_ci;
/*!40101 SET character_set_client = @saved_cs_client */;

--
-- Dumping data for table `analytics_logs`
--

LOCK TABLES `analytics_logs` WRITE;
/*!40000 ALTER TABLE `analytics_logs` DISABLE KEYS */;
INSERT INTO `analytics_logs` VALUES (1,1,1006,'/albums/2018/week-50-break-the-rules/photo/breeav',84,NULL,'2019-01-07 04:50:40','2019-01-07 04:50:40'),(2,1,1077,'/albums/2018/week-43-smell/photo/1025',50,NULL,'2019-01-14 08:41:04','2019-01-14 08:41:04'),(3,1,1077,'/albums/2018/week-43-smell/photo/1024',51,NULL,'2019-01-14 08:41:12','2019-01-14 08:41:12'),(4,1,1079,'/albums/2018/week-42-wabi-sabi/photo/1007',28,NULL,'2019-01-30 06:58:23','2019-01-30 06:58:23'),(5,1,1007,'/albums/2018/week-42-wabi-sabi/photo/annapa',36,NULL,'2019-02-10 19:18:24','2019-02-10 19:18:24'),(6,1,1007,'/albums/2018/week-42-wabi-sabi/photo/1025',29,NULL,'2019-02-10 19:18:31','2019-02-10 19:18:31'),(7,1,1007,'/albums/2018/week-42-wabi-sabi/photo/1007',28,NULL,'2019-03-03 18:08:26','2019-03-03 18:08:26'),(8,1,1007,'/albums/2018/week-42-wabi-sabi/photo/gogella',37,NULL,'2019-03-03 18:08:33','2019-03-03 18:08:33'),(9,1,1007,'/photographer/1007/photo/2019/week-9-negative-space',87,NULL,'2019-03-04 09:56:31','2019-03-04 09:56:31');
/*!40000 ALTER TABLE `analytics_logs` ENABLE KEYS */;
UNLOCK TABLES;

--
-- Table structure for table `analytics_trigger_terms`
--

DROP TABLE IF EXISTS `analytics_trigger_terms`;
/*!40101 SET @saved_cs_client     = @@character_set_client */;
/*!40101 SET character_set_client = utf8 */;
CREATE TABLE `analytics_trigger_terms` (
  `id` bigint(20) unsigned NOT NULL AUTO_INCREMENT,
  `creator_id` bigint(20) NOT NULL,
  `type_id` bigint(20) NOT NULL,
  `term` varchar(191) COLLATE utf8mb4_unicode_520_ci NOT NULL,
  `db_model` varchar(191) COLLATE utf8mb4_unicode_520_ci NOT NULL,
  `description` varchar(191) COLLATE utf8mb4_unicode_520_ci NOT NULL,
  `requires_login` tinyint(1) NOT NULL DEFAULT '0',
  `requires_unique_counting` tinyint(1) NOT NULL DEFAULT '0',
  `created_at` timestamp NULL DEFAULT NULL,
  `updated_at` timestamp NULL DEFAULT NULL,
  PRIMARY KEY (`id`)
) ENGINE=InnoDB AUTO_INCREMENT=2 DEFAULT CHARSET=utf8mb4 COLLATE=utf8mb4_unicode_520_ci;
/*!40101 SET character_set_client = @saved_cs_client */;

--
-- Dumping data for table `analytics_trigger_terms`
--

LOCK TABLES `analytics_trigger_terms` WRITE;
/*!40000 ALTER TABLE `analytics_trigger_terms` DISABLE KEYS */;
INSERT INTO `analytics_trigger_terms` VALUES (1,1001,1,'photo_view_unique_3secs','App\\Photo','Records the number of Photo views. Tracks logged-in users only, once per photo.',1,1,'2019-01-07 04:46:26','2019-01-07 04:46:26');
/*!40000 ALTER TABLE `analytics_trigger_terms` ENABLE KEYS */;
UNLOCK TABLES;

--
-- Table structure for table `analytics_types`
--

DROP TABLE IF EXISTS `analytics_types`;
/*!40101 SET @saved_cs_client     = @@character_set_client */;
/*!40101 SET character_set_client = utf8 */;
CREATE TABLE `analytics_types` (
  `id` bigint(20) unsigned NOT NULL AUTO_INCREMENT,
  `type` varchar(191) COLLATE utf8mb4_unicode_520_ci NOT NULL,
  `created_at` timestamp NULL DEFAULT NULL,
  `updated_at` timestamp NULL DEFAULT NULL,
  PRIMARY KEY (`id`)
) ENGINE=InnoDB AUTO_INCREMENT=2 DEFAULT CHARSET=utf8mb4 COLLATE=utf8mb4_unicode_520_ci;
/*!40101 SET character_set_client = @saved_cs_client */;

--
-- Dumping data for table `analytics_types`
--

LOCK TABLES `analytics_types` WRITE;
/*!40000 ALTER TABLE `analytics_types` DISABLE KEYS */;
INSERT INTO `analytics_types` VALUES (1,'impression','2019-01-07 04:46:26','2019-01-07 04:46:26');
/*!40000 ALTER TABLE `analytics_types` ENABLE KEYS */;
UNLOCK TABLES;

--
-- Table structure for table `bypass_album_uploads`
--

DROP TABLE IF EXISTS `bypass_album_uploads`;
/*!40101 SET @saved_cs_client     = @@character_set_client */;
/*!40101 SET character_set_client = utf8 */;
CREATE TABLE `bypass_album_uploads` (
  `album_id` bigint(20) unsigned NOT NULL,
  `user_id` bigint(20) unsigned NOT NULL,
  `created_at` timestamp NULL DEFAULT NULL,
  `updated_at` timestamp NULL DEFAULT NULL,
  KEY `bypass_album_uploads_album_id_foreign` (`album_id`),
  KEY `bypass_album_uploads_user_id_foreign` (`user_id`),
  CONSTRAINT `bypass_album_uploads_album_id_foreign` FOREIGN KEY (`album_id`) REFERENCES `albums` (`id`) ON DELETE CASCADE,
  CONSTRAINT `bypass_album_uploads_user_id_foreign` FOREIGN KEY (`user_id`) REFERENCES `users` (`id`) ON DELETE CASCADE
) ENGINE=InnoDB DEFAULT CHARSET=utf8mb4 COLLATE=utf8mb4_unicode_ci;
/*!40101 SET character_set_client = @saved_cs_client */;

--
-- Dumping data for table `bypass_album_uploads`
--

LOCK TABLES `bypass_album_uploads` WRITE;
/*!40000 ALTER TABLE `bypass_album_uploads` DISABLE KEYS */;
INSERT INTO `bypass_album_uploads` VALUES (2,1006,'2018-10-25 07:35:12','2018-10-25 07:35:12'),(3,1006,'2018-10-30 17:34:14','2018-10-30 17:34:14'),(3,1036,'2018-11-06 18:24:33','2018-11-06 18:24:33'),(4,1006,'2018-11-15 07:27:23','2018-11-15 07:27:23'),(5,1006,'2018-11-29 09:14:53','2018-11-29 09:14:53');
/*!40000 ALTER TABLE `bypass_album_uploads` ENABLE KEYS */;
UNLOCK TABLES;

--
-- Table structure for table `cities`
--

DROP TABLE IF EXISTS `cities`;
/*!40101 SET @saved_cs_client     = @@character_set_client */;
/*!40101 SET character_set_client = utf8 */;
CREATE TABLE `cities` (
  `id` bigint(20) unsigned NOT NULL AUTO_INCREMENT,
  `country_id` bigint(20) unsigned NOT NULL,
  `state_id` bigint(20) unsigned DEFAULT NULL,
  `name` varchar(191) COLLATE utf8mb4_unicode_ci NOT NULL,
  `created_at` timestamp NULL DEFAULT NULL,
  `updated_at` timestamp NULL DEFAULT NULL,
  PRIMARY KEY (`id`),
  KEY `cities_country_id_foreign` (`country_id`),
  KEY `cities_state_id_foreign` (`state_id`),
  CONSTRAINT `cities_country_id_foreign` FOREIGN KEY (`country_id`) REFERENCES `countries` (`id`) ON DELETE CASCADE,
  CONSTRAINT `cities_state_id_foreign` FOREIGN KEY (`state_id`) REFERENCES `states` (`id`) ON DELETE CASCADE
) ENGINE=InnoDB AUTO_INCREMENT=501 DEFAULT CHARSET=utf8mb4 COLLATE=utf8mb4_unicode_ci;
/*!40101 SET character_set_client = @saved_cs_client */;

--
-- Dumping data for table `cities`
--

LOCK TABLES `cities` WRITE;
/*!40000 ALTER TABLE `cities` DISABLE KEYS */;
INSERT INTO `cities` VALUES (1,8,2,'Sydney','2018-10-09 16:53:00','2018-10-09 16:53:00'),(2,8,2,'Central Coast','2018-10-09 16:53:00','2018-10-09 16:53:00'),(3,8,2,'Byron Bay','2018-10-09 16:53:00','2018-10-09 16:53:00'),(4,8,2,'Newcastle','2018-10-09 16:53:00','2018-10-09 16:53:00'),(5,8,4,'Gold Coast','2018-10-09 16:53:00','2018-10-09 16:53:00'),(6,8,4,'Brisbane','2018-10-09 16:53:00','2018-10-09 16:53:00'),(7,8,4,'Bundaberg','2018-10-09 16:53:00','2018-10-09 16:53:00'),(8,8,5,'Adelaide','2018-10-09 16:53:00','2018-10-09 16:53:00'),(9,8,7,'Melbourne','2018-10-09 16:53:00','2018-10-09 16:53:00'),(10,8,7,'Geelong','2018-10-09 16:53:00','2018-10-09 16:53:00'),(11,8,8,'Perth','2018-10-09 16:53:00','2018-10-09 16:53:00'),(12,31,9,'Montreal','2018-10-09 16:53:00','2018-10-09 16:53:00'),(13,31,10,'Vancouver','2018-10-09 16:53:00','2018-10-09 16:53:00'),(14,31,10,'Chilliwack','2018-10-09 16:53:00','2018-10-09 16:53:00'),(15,31,10,'Duncan','2018-10-09 16:53:00','2018-10-09 16:53:00'),(16,31,10,'Victoria','2018-10-09 16:53:00','2018-10-09 16:53:00'),(17,31,10,'Trail','2018-10-09 16:53:00','2018-10-09 16:53:00'),(18,31,10,'Richmond','2018-10-09 16:53:00','2018-10-09 16:53:00'),(19,31,10,'Surrey','2018-10-09 16:53:00','2018-10-09 16:53:00'),(20,31,11,'Calgary','2018-10-09 16:53:01','2018-10-09 16:53:01'),(21,31,11,'Edmonton','2018-10-09 16:53:01','2018-10-09 16:53:01'),(22,31,12,'Winnipeg','2018-10-09 16:53:01','2018-10-09 16:53:01'),(23,31,13,'Humboldt','2018-10-09 16:53:01','2018-10-09 16:53:01'),(24,31,13,'Regina','2018-10-09 16:53:01','2018-10-09 16:53:01'),(25,31,16,'St. John\'s','2018-10-09 16:53:01','2018-10-09 16:53:01'),(26,31,21,'Toronto','2018-10-09 16:53:01','2018-10-09 16:53:01'),(27,31,21,'Windsor','2018-10-09 16:53:01','2018-10-09 16:53:01'),(28,31,21,'London','2018-10-09 16:53:01','2018-10-09 16:53:01'),(29,31,21,'Ottawa','2018-10-09 16:53:01','2018-10-09 16:53:01'),(30,31,21,'Sudbury','2018-10-09 16:53:01','2018-10-09 16:53:01'),(31,31,21,'Hamilton','2018-10-09 16:53:01','2018-10-09 16:53:01'),(32,31,21,'Cambridge','2018-10-09 16:53:01','2018-10-09 16:53:01'),(33,31,21,'Lanark','2018-10-09 16:53:01','2018-10-09 16:53:01'),(34,31,21,'Milton','2018-10-09 16:53:01','2018-10-09 16:53:01'),(35,31,21,'Mississauga','2018-10-09 16:53:01','2018-10-09 16:53:01'),(36,31,21,'Dorval','2018-10-09 16:53:01','2018-10-09 16:53:01'),(37,81,22,'Jerusalem','2018-10-09 16:53:01','2018-10-09 16:53:01'),(38,81,23,'Tel Aviv-Yafo','2018-10-09 16:53:01','2018-10-09 16:53:01'),(39,81,25,'Bat Yam','2018-10-09 16:53:01','2018-10-09 16:53:01'),(40,81,25,'Kefar Sava','2018-10-09 16:53:01','2018-10-09 16:53:01'),(41,81,25,'Holon','2018-10-09 16:53:01','2018-10-09 16:53:01'),(42,81,26,'Nahariyya','2018-10-09 16:53:01','2018-10-09 16:53:01'),(43,81,27,'Be\'er Sheva','2018-10-09 16:53:01','2018-10-09 16:53:01'),(44,81,NULL,'Haifa','2018-10-09 16:53:01','2018-10-09 16:53:01'),(45,81,NULL,'Hadera','2018-10-09 16:53:01','2018-10-09 16:53:01'),(46,184,28,'Birmingham','2018-10-09 16:53:02','2018-10-09 16:53:02'),(47,184,28,'Bournemouth','2018-10-09 16:53:02','2018-10-09 16:53:02'),(48,184,28,'Bracknell','2018-10-09 16:53:02','2018-10-09 16:53:02'),(49,184,28,'Brighton','2018-10-09 16:53:02','2018-10-09 16:53:02'),(50,184,28,'Burton upon Trent','2018-10-09 16:53:02','2018-10-09 16:53:02'),(51,184,28,'Bury Saint Edmunds','2018-10-09 16:53:02','2018-10-09 16:53:02'),(52,184,28,'Cambridge','2018-10-09 16:53:02','2018-10-09 16:53:02'),(53,184,28,'Canterbury','2018-10-09 16:53:02','2018-10-09 16:53:02'),(54,184,28,'Chatham','2018-10-09 16:53:02','2018-10-09 16:53:02'),(55,184,28,'Crawley','2018-10-09 16:53:02','2018-10-09 16:53:02'),(56,184,28,'Ely','2018-10-09 16:53:02','2018-10-09 16:53:02'),(57,184,28,'Evesham','2018-10-09 16:53:02','2018-10-09 16:53:02'),(58,184,28,'Halifax','2018-10-09 16:53:02','2018-10-09 16:53:02'),(59,184,28,'Harpenden','2018-10-09 16:53:02','2018-10-09 16:53:02'),(60,184,28,'Hastings','2018-10-09 16:53:02','2018-10-09 16:53:02'),(61,184,28,'Hemel Hempstead','2018-10-09 16:53:02','2018-10-09 16:53:02'),(62,184,28,'High Wycombe','2018-10-09 16:53:02','2018-10-09 16:53:02'),(63,184,28,'Leeds','2018-10-09 16:53:02','2018-10-09 16:53:02'),(64,184,28,'Leicester','2018-10-09 16:53:02','2018-10-09 16:53:02'),(65,184,28,'London','2018-10-09 16:53:02','2018-10-09 16:53:02'),(66,184,28,'Manchester','2018-10-09 16:53:02','2018-10-09 16:53:02'),(67,184,28,'Newcastle upon Tyne','2018-10-09 16:53:02','2018-10-09 16:53:02'),(68,184,28,'North Walsham','2018-10-09 16:53:02','2018-10-09 16:53:02'),(69,184,28,'Norwich','2018-10-09 16:53:02','2018-10-09 16:53:02'),(70,184,28,'Oldham','2018-10-09 16:53:02','2018-10-09 16:53:02'),(71,184,28,'Peterborough','2018-10-09 16:53:02','2018-10-09 16:53:02'),(72,184,28,'Princes Risborough','2018-10-09 16:53:02','2018-10-09 16:53:02'),(73,184,28,'Rochdale','2018-10-09 16:53:02','2018-10-09 16:53:02'),(74,184,28,'Salford','2018-10-09 16:53:02','2018-10-09 16:53:02'),(75,184,28,'Sittingbourne','2018-10-09 16:53:02','2018-10-09 16:53:02'),(76,184,28,'Stoke-on-Trent','2018-10-09 16:53:02','2018-10-09 16:53:02'),(77,184,28,'Thame','2018-10-09 16:53:02','2018-10-09 16:53:02'),(78,184,28,'Wembley','2018-10-09 16:53:02','2018-10-09 16:53:02'),(79,184,29,'Carrickfergus','2018-10-09 16:53:02','2018-10-09 16:53:02'),(80,184,30,'Edinburgh','2018-10-09 16:53:02','2018-10-09 16:53:02'),(81,184,30,'Glasgow','2018-10-09 16:53:02','2018-10-09 16:53:02'),(82,186,32,'Birmingham','2018-10-09 16:53:02','2018-10-09 16:53:02'),(83,186,32,'Huntsville','2018-10-09 16:53:03','2018-10-09 16:53:03'),(84,186,32,'Montgomery','2018-10-09 16:53:03','2018-10-09 16:53:03'),(85,186,33,'Wasilla','2018-10-09 16:53:03','2018-10-09 16:53:03'),(86,186,33,'Knik-Fairview','2018-10-09 16:53:03','2018-10-09 16:53:03'),(87,186,34,'Chandler','2018-10-09 16:53:03','2018-10-09 16:53:03'),(88,186,34,'Colorado City','2018-10-09 16:53:03','2018-10-09 16:53:03'),(89,186,34,'Gilbert','2018-10-09 16:53:03','2018-10-09 16:53:03'),(90,186,34,'Peoria','2018-10-09 16:53:03','2018-10-09 16:53:03'),(91,186,34,'Phoenix','2018-10-09 16:53:03','2018-10-09 16:53:03'),(92,186,34,'Prescott Valley','2018-10-09 16:53:03','2018-10-09 16:53:03'),(93,186,35,'Fayetteville','2018-10-09 16:53:03','2018-10-09 16:53:03'),(94,186,36,'Anaheim','2018-10-09 16:53:03','2018-10-09 16:53:03'),(95,186,36,'Antelope','2018-10-09 16:53:03','2018-10-09 16:53:03'),(96,186,36,'Berkeley','2018-10-09 16:53:03','2018-10-09 16:53:03'),(97,186,36,'Camarillo','2018-10-09 16:53:03','2018-10-09 16:53:03'),(98,186,36,'El Dorado Hills','2018-10-09 16:53:03','2018-10-09 16:53:03'),(99,186,36,'Elk Grove','2018-10-09 16:53:03','2018-10-09 16:53:03'),(100,186,36,'Fairfield','2018-10-09 16:53:03','2018-10-09 16:53:03'),(101,186,36,'Folsom','2018-10-09 16:53:03','2018-10-09 16:53:03'),(102,186,36,'Glendale','2018-10-09 16:53:03','2018-10-09 16:53:03'),(103,186,36,'Livermore','2018-10-09 16:53:03','2018-10-09 16:53:03'),(104,186,36,'Long Beach','2018-10-09 16:53:03','2018-10-09 16:53:03'),(105,186,36,'Los Angeles','2018-10-09 16:53:03','2018-10-09 16:53:03'),(106,186,36,'Mariposa','2018-10-09 16:53:03','2018-10-09 16:53:03'),(107,186,36,'Modesto','2018-10-09 16:53:03','2018-10-09 16:53:03'),(108,186,36,'Oakland','2018-10-09 16:53:03','2018-10-09 16:53:03'),(109,186,36,'Ontario','2018-10-09 16:53:03','2018-10-09 16:53:03'),(110,186,36,'Palo Alto','2018-10-09 16:53:03','2018-10-09 16:53:03'),(111,186,36,'Pleasanton','2018-10-09 16:53:03','2018-10-09 16:53:03'),(112,186,36,'Red Bluff','2018-10-09 16:53:03','2018-10-09 16:53:03'),(113,186,36,'Redwood City','2018-10-09 16:53:03','2018-10-09 16:53:03'),(114,186,36,'Riverside','2018-10-09 16:53:03','2018-10-09 16:53:03'),(115,186,36,'Rocklin','2018-10-09 16:53:03','2018-10-09 16:53:03'),(116,186,36,'Sacramento','2018-10-09 16:53:03','2018-10-09 16:53:03'),(117,186,36,'San Diego','2018-10-09 16:53:03','2018-10-09 16:53:03'),(118,186,36,'San Francisco','2018-10-09 16:53:03','2018-10-09 16:53:03'),(119,186,36,'San Jose','2018-10-09 16:53:03','2018-10-09 16:53:03'),(120,186,36,'San Rafael','2018-10-09 16:53:03','2018-10-09 16:53:03'),(121,186,36,'Santa Ana','2018-10-09 16:53:03','2018-10-09 16:53:03'),(122,186,36,'Santa Barbara','2018-10-09 16:53:03','2018-10-09 16:53:03'),(123,186,36,'Santa Clarita','2018-10-09 16:53:03','2018-10-09 16:53:03'),(124,186,36,'Santa Monica','2018-10-09 16:53:03','2018-10-09 16:53:03'),(125,186,36,'Sunnyvale','2018-10-09 16:53:03','2018-10-09 16:53:03'),(126,186,36,'Vacaville','2018-10-09 16:53:03','2018-10-09 16:53:03'),(127,186,36,'Walnut Creek','2018-10-09 16:53:03','2018-10-09 16:53:03'),(128,186,37,'Aurora','2018-10-09 16:53:03','2018-10-09 16:53:03'),(129,186,37,'Broomfield','2018-10-09 16:53:03','2018-10-09 16:53:03'),(130,186,37,'Denver','2018-10-09 16:53:03','2018-10-09 16:53:03'),(131,186,37,'Erie','2018-10-09 16:53:03','2018-10-09 16:53:03'),(132,186,37,'Fort Collins','2018-10-09 16:53:03','2018-10-09 16:53:03'),(133,186,37,'Westminster','2018-10-09 16:53:03','2018-10-09 16:53:03'),(134,186,37,'Windsor','2018-10-09 16:53:03','2018-10-09 16:53:03'),(135,186,37,'Centennial','2018-10-09 16:53:03','2018-10-09 16:53:03'),(136,186,37,'Ken Caryl','2018-10-09 16:53:03','2018-10-09 16:53:03'),(137,186,37,'Lakewood','2018-10-09 16:53:03','2018-10-09 16:53:03'),(138,186,37,'Northglenn','2018-10-09 16:53:03','2018-10-09 16:53:03'),(139,186,37,'The Pinery','2018-10-09 16:53:03','2018-10-09 16:53:03'),(140,186,38,'Greenwich','2018-10-09 16:53:03','2018-10-09 16:53:03'),(141,186,38,'New Canaan','2018-10-09 16:53:03','2018-10-09 16:53:03'),(142,186,38,'New Milford','2018-10-09 16:53:03','2018-10-09 16:53:03'),(143,186,38,'Redding','2018-10-09 16:53:03','2018-10-09 16:53:03'),(144,186,38,'Stamford','2018-10-09 16:53:03','2018-10-09 16:53:03'),(145,186,38,'Stratford','2018-10-09 16:53:03','2018-10-09 16:53:03'),(146,186,38,'Suffield','2018-10-09 16:53:03','2018-10-09 16:53:03'),(147,186,38,'West Hartford','2018-10-09 16:53:03','2018-10-09 16:53:03'),(148,186,39,'Bethany Beach','2018-10-09 16:53:03','2018-10-09 16:53:03'),(149,186,39,'Claymont','2018-10-09 16:53:03','2018-10-09 16:53:03'),(150,186,39,'Wilmington','2018-10-09 16:53:03','2018-10-09 16:53:03'),(151,186,40,'Boynton Beach','2018-10-09 16:53:03','2018-10-09 16:53:03'),(152,186,40,'Brandon','2018-10-09 16:53:03','2018-10-09 16:53:03'),(153,186,40,'Daytona Beach','2018-10-09 16:53:03','2018-10-09 16:53:03'),(154,186,40,'Fort Pierce','2018-10-09 16:53:03','2018-10-09 16:53:03'),(155,186,40,'Gainesville','2018-10-09 16:53:03','2018-10-09 16:53:03'),(156,186,40,'Haines City','2018-10-09 16:53:03','2018-10-09 16:53:03'),(157,186,40,'Miami','2018-10-09 16:53:03','2018-10-09 16:53:03'),(158,186,40,'Ocala','2018-10-09 16:53:03','2018-10-09 16:53:03'),(159,186,40,'Ocoee','2018-10-09 16:53:03','2018-10-09 16:53:03'),(160,186,40,'Orlando','2018-10-09 16:53:03','2018-10-09 16:53:03'),(161,186,40,'Pompano Beach','2018-10-09 16:53:03','2018-10-09 16:53:03'),(162,186,40,'Spring Hill','2018-10-09 16:53:03','2018-10-09 16:53:03'),(163,186,40,'St. Augustine','2018-10-09 16:53:03','2018-10-09 16:53:03'),(164,186,40,'Tampa','2018-10-09 16:53:03','2018-10-09 16:53:03'),(165,186,40,'Winter Park','2018-10-09 16:53:03','2018-10-09 16:53:03'),(166,186,40,'Bee Ridge','2018-10-09 16:53:03','2018-10-09 16:53:03'),(167,186,40,'Egypt Lake-Leto','2018-10-09 16:53:03','2018-10-09 16:53:03'),(168,186,40,'Kendall','2018-10-09 16:53:03','2018-10-09 16:53:03'),(169,186,40,'Mango','2018-10-09 16:53:03','2018-10-09 16:53:03'),(170,186,40,'Poinciana','2018-10-09 16:53:03','2018-10-09 16:53:03'),(171,186,40,'Ruskin','2018-10-09 16:53:03','2018-10-09 16:53:03'),(172,186,40,'South Venice','2018-10-09 16:53:03','2018-10-09 16:53:03'),(173,186,41,'Atlanta','2018-10-09 16:53:03','2018-10-09 16:53:03'),(174,186,41,'Cumming','2018-10-09 16:53:03','2018-10-09 16:53:03'),(175,186,41,'Decatur','2018-10-09 16:53:03','2018-10-09 16:53:03'),(176,186,41,'Riverdale','2018-10-09 16:53:03','2018-10-09 16:53:03'),(177,186,41,'Roswell','2018-10-09 16:53:03','2018-10-09 16:53:03'),(178,186,41,'Smyrna','2018-10-09 16:53:03','2018-10-09 16:53:03'),(179,186,41,'Stockbridge','2018-10-09 16:53:03','2018-10-09 16:53:03'),(180,186,41,'Suwanee','2018-10-09 16:53:03','2018-10-09 16:53:03'),(181,186,41,'Tybee Island','2018-10-09 16:53:03','2018-10-09 16:53:03'),(182,186,41,'Brookhaven','2018-10-09 16:53:03','2018-10-09 16:53:03'),(183,186,41,'North Decatur','2018-10-09 16:53:03','2018-10-09 16:53:03'),(184,186,41,'Sandy Springs','2018-10-09 16:53:03','2018-10-09 16:53:03'),(185,186,42,'Kailua-Kona','2018-10-09 16:53:03','2018-10-09 16:53:03'),(186,186,43,'Caldwell','2018-10-09 16:53:03','2018-10-09 16:53:03'),(187,186,43,'Sandpoint','2018-10-09 16:53:03','2018-10-09 16:53:03'),(188,186,44,'Addison','2018-10-09 16:53:03','2018-10-09 16:53:03'),(189,186,44,'Cary','2018-10-09 16:53:03','2018-10-09 16:53:03'),(190,186,44,'Chicago','2018-10-09 16:53:03','2018-10-09 16:53:03'),(191,186,44,'Downers Grove','2018-10-09 16:53:03','2018-10-09 16:53:03'),(192,186,44,'Freeport','2018-10-09 16:53:03','2018-10-09 16:53:03'),(193,186,44,'Naperville','2018-10-09 16:53:03','2018-10-09 16:53:03'),(194,186,44,'Northbrook','2018-10-09 16:53:03','2018-10-09 16:53:03'),(195,186,44,'Westchester','2018-10-09 16:53:04','2018-10-09 16:53:04'),(196,186,44,'Hawthorn Woods','2018-10-09 16:53:04','2018-10-09 16:53:04'),(197,186,45,'Elkhart','2018-10-09 16:53:04','2018-10-09 16:53:04'),(198,186,45,'Frankfort','2018-10-09 16:53:04','2018-10-09 16:53:04'),(199,186,45,'Greenwood','2018-10-09 16:53:04','2018-10-09 16:53:04'),(200,186,45,'Indianapolis','2018-10-09 16:53:04','2018-10-09 16:53:04'),(201,186,45,'Schererville','2018-10-09 16:53:04','2018-10-09 16:53:04'),(202,186,45,'Seymour','2018-10-09 16:53:04','2018-10-09 16:53:04'),(203,186,45,'Valparaiso','2018-10-09 16:53:04','2018-10-09 16:53:04'),(204,186,46,'Iowa City','2018-10-09 16:53:04','2018-10-09 16:53:04'),(205,186,47,'Hugoton','2018-10-09 16:53:04','2018-10-09 16:53:04'),(206,186,47,'Kansas City','2018-10-09 16:53:04','2018-10-09 16:53:04'),(207,186,47,'Lakin','2018-10-09 16:53:04','2018-10-09 16:53:04'),(208,186,47,'Lawrence','2018-10-09 16:53:04','2018-10-09 16:53:04'),(209,186,48,'Fort Thomas','2018-10-09 16:53:04','2018-10-09 16:53:04'),(210,186,48,'Grayson','2018-10-09 16:53:04','2018-10-09 16:53:04'),(211,186,48,'Lexington','2018-10-09 16:53:04','2018-10-09 16:53:04'),(212,186,49,'Baton Rouge','2018-10-09 16:53:04','2018-10-09 16:53:04'),(213,186,49,'Covington','2018-10-09 16:53:04','2018-10-09 16:53:04'),(214,186,49,'Houma','2018-10-09 16:53:04','2018-10-09 16:53:04'),(215,186,49,'Monroe','2018-10-09 16:53:04','2018-10-09 16:53:04'),(216,186,50,'Rockland','2018-10-09 16:53:04','2018-10-09 16:53:04'),(217,186,50,'South Portland','2018-10-09 16:53:04','2018-10-09 16:53:04'),(218,186,50,'Brunswick','2018-10-09 16:53:04','2018-10-09 16:53:04'),(219,186,50,'Topsham','2018-10-09 16:53:04','2018-10-09 16:53:04'),(220,186,51,'Baltimore','2018-10-09 16:53:04','2018-10-09 16:53:04'),(221,186,51,'Bethesda','2018-10-09 16:53:04','2018-10-09 16:53:04'),(222,186,51,'Bowie','2018-10-09 16:53:04','2018-10-09 16:53:04'),(223,186,51,'Centreville','2018-10-09 16:53:04','2018-10-09 16:53:04'),(224,186,51,'Frederick','2018-10-09 16:53:04','2018-10-09 16:53:04'),(225,186,51,'Fort Washington','2018-10-09 16:53:04','2018-10-09 16:53:04'),(226,186,51,'Glen Burnie','2018-10-09 16:53:04','2018-10-09 16:53:04'),(227,186,51,'Lexington Park','2018-10-09 16:53:04','2018-10-09 16:53:04'),(228,186,51,'Pikesville','2018-10-09 16:53:04','2018-10-09 16:53:04'),(229,186,51,'Silver Spring','2018-10-09 16:53:04','2018-10-09 16:53:04'),(230,186,51,'North Bethesda','2018-10-09 16:53:04','2018-10-09 16:53:04'),(231,186,51,'Saint Charles','2018-10-09 16:53:04','2018-10-09 16:53:04'),(232,186,52,'Barnstable','2018-10-09 16:53:04','2018-10-09 16:53:04'),(233,186,52,'Boston','2018-10-09 16:53:04','2018-10-09 16:53:04'),(234,186,52,'Brockton','2018-10-09 16:53:04','2018-10-09 16:53:04'),(235,186,52,'Cambridge','2018-10-09 16:53:04','2018-10-09 16:53:04'),(236,186,52,'Marblehead','2018-10-09 16:53:04','2018-10-09 16:53:04'),(237,186,52,'Mashpee','2018-10-09 16:53:04','2018-10-09 16:53:04'),(238,186,52,'Medway','2018-10-09 16:53:04','2018-10-09 16:53:04'),(239,186,52,'Natick','2018-10-09 16:53:04','2018-10-09 16:53:04'),(240,186,52,'Needham','2018-10-09 16:53:04','2018-10-09 16:53:04'),(241,186,52,'Newton','2018-10-09 16:53:04','2018-10-09 16:53:04'),(242,186,52,'Quincy','2018-10-09 16:53:04','2018-10-09 16:53:04'),(243,186,52,'Rochester','2018-10-09 16:53:04','2018-10-09 16:53:04'),(244,186,52,'Somerville','2018-10-09 16:53:04','2018-10-09 16:53:04'),(245,186,52,'Wellesley','2018-10-09 16:53:04','2018-10-09 16:53:04'),(246,186,52,'Chatham','2018-10-09 16:53:04','2018-10-09 16:53:04'),(247,186,52,'Sandwich','2018-10-09 16:53:04','2018-10-09 16:53:04'),(248,186,52,'Winchendon','2018-10-09 16:53:04','2018-10-09 16:53:04'),(249,186,53,'Ann Arbor','2018-10-09 16:53:04','2018-10-09 16:53:04'),(250,186,53,'Battle Creek','2018-10-09 16:53:04','2018-10-09 16:53:04'),(251,186,53,'Boyne City','2018-10-09 16:53:04','2018-10-09 16:53:04'),(252,186,53,'Central Lake','2018-10-09 16:53:04','2018-10-09 16:53:04'),(253,186,53,'Charlevoix','2018-10-09 16:53:04','2018-10-09 16:53:04'),(254,186,53,'Detroit','2018-10-09 16:53:04','2018-10-09 16:53:04'),(255,186,53,'Jackson','2018-10-09 16:53:04','2018-10-09 16:53:04'),(256,186,53,'Kingsley','2018-10-09 16:53:04','2018-10-09 16:53:04'),(257,186,53,'Portage','2018-10-09 16:53:04','2018-10-09 16:53:04'),(258,186,53,'Royal Oak','2018-10-09 16:53:04','2018-10-09 16:53:04'),(259,186,53,'Springport','2018-10-09 16:53:04','2018-10-09 16:53:04'),(260,186,53,'Brownstown Charter Township','2018-10-09 16:53:04','2018-10-09 16:53:04'),(261,186,53,'Farmington Hills','2018-10-09 16:53:04','2018-10-09 16:53:04'),(262,186,53,'Orion charter Township','2018-10-09 16:53:04','2018-10-09 16:53:04'),(263,186,53,'Texas charter Township','2018-10-09 16:53:04','2018-10-09 16:53:04'),(264,186,55,'Cloquet','2018-10-09 16:53:04','2018-10-09 16:53:04'),(265,186,55,'Hastings','2018-10-09 16:53:04','2018-10-09 16:53:04'),(266,186,55,'Saint Paul','2018-10-09 16:53:04','2018-10-09 16:53:04'),(267,186,55,'Maple Grove','2018-10-09 16:53:04','2018-10-09 16:53:04'),(268,186,55,'Woodbury','2018-10-09 16:53:04','2018-10-09 16:53:04'),(269,186,55,'Clinton','2018-10-09 16:53:04','2018-10-09 16:53:04'),(270,186,55,'Madison','2018-10-09 16:53:04','2018-10-09 16:53:04'),(271,186,55,'Vancleave','2018-10-09 16:53:04','2018-10-09 16:53:04'),(272,186,56,'Blue Springs','2018-10-09 16:53:04','2018-10-09 16:53:04'),(273,186,56,'Columbia','2018-10-09 16:53:04','2018-10-09 16:53:04'),(274,186,56,'St. Louis','2018-10-09 16:53:04','2018-10-09 16:53:04'),(275,186,57,'Kalispell','2018-10-09 16:53:04','2018-10-09 16:53:04'),(276,186,58,'Omaha','2018-10-09 16:53:04','2018-10-09 16:53:04'),(277,186,60,'New London','2018-10-09 16:53:04','2018-10-09 16:53:04'),(278,186,61,'Bayonne','2018-10-09 16:53:04','2018-10-09 16:53:04'),(279,186,61,'Cedar Grove','2018-10-09 16:53:04','2018-10-09 16:53:04'),(280,186,61,'Cherry Hill','2018-10-09 16:53:04','2018-10-09 16:53:04'),(281,186,61,'Clifton','2018-10-09 16:53:04','2018-10-09 16:53:04'),(282,186,61,'Edison','2018-10-09 16:53:04','2018-10-09 16:53:04'),(283,186,61,'Fort Lee','2018-10-09 16:53:04','2018-10-09 16:53:04'),(284,186,61,'Hackensack','2018-10-09 16:53:04','2018-10-09 16:53:04'),(285,186,61,'Jersey City','2018-10-09 16:53:04','2018-10-09 16:53:04'),(286,186,61,'Livingston','2018-10-09 16:53:04','2018-10-09 16:53:04'),(287,186,61,'North Bergen','2018-10-09 16:53:04','2018-10-09 16:53:04'),(288,186,61,'Ocean City','2018-10-09 16:53:04','2018-10-09 16:53:04'),(289,186,61,'Passaic','2018-10-09 16:53:04','2018-10-09 16:53:04'),(290,186,61,'Sparta Township','2018-10-09 16:53:04','2018-10-09 16:53:04'),(291,186,61,'Warren','2018-10-09 16:53:04','2018-10-09 16:53:04'),(292,186,61,'Woodbridge Township','2018-10-09 16:53:04','2018-10-09 16:53:04'),(293,186,62,'Albuquerque','2018-10-09 16:53:04','2018-10-09 16:53:04'),(294,186,63,'Bellmore','2018-10-09 16:53:04','2018-10-09 16:53:04'),(295,186,63,'Centereach','2018-10-09 16:53:04','2018-10-09 16:53:04'),(296,186,63,'Deposit','2018-10-09 16:53:04','2018-10-09 16:53:04'),(297,186,63,'Elmont','2018-10-09 16:53:04','2018-10-09 16:53:04'),(298,186,63,'Hicksville','2018-10-09 16:53:05','2018-10-09 16:53:05'),(299,186,63,'Highland','2018-10-09 16:53:05','2018-10-09 16:53:05'),(300,186,63,'Hilton','2018-10-09 16:53:05','2018-10-09 16:53:05'),(301,186,63,'Levittown','2018-10-09 16:53:05','2018-10-09 16:53:05'),(302,186,63,'Liberty','2018-10-09 16:53:05','2018-10-09 16:53:05'),(303,186,63,'Mastic Beach','2018-10-09 16:53:05','2018-10-09 16:53:05'),(304,186,63,'Mineola','2018-10-09 16:53:05','2018-10-09 16:53:05'),(305,186,63,'Monticello','2018-10-09 16:53:05','2018-10-09 16:53:05'),(306,186,63,'Nesconset','2018-10-09 16:53:05','2018-10-09 16:53:05'),(307,186,63,'New York','2018-10-09 16:53:05','2018-10-09 16:53:05'),(308,186,63,'Oceanside','2018-10-09 16:53:05','2018-10-09 16:53:05'),(309,186,63,'Port Washington','2018-10-09 16:53:05','2018-10-09 16:53:05'),(310,186,63,'Sayville','2018-10-09 16:53:05','2018-10-09 16:53:05'),(311,186,63,'Selden','2018-10-09 16:53:05','2018-10-09 16:53:05'),(312,186,63,'Smithtown','2018-10-09 16:53:05','2018-10-09 16:53:05'),(313,186,63,'Spring Valley','2018-10-09 16:53:05','2018-10-09 16:53:05'),(314,186,63,'Syosset','2018-10-09 16:53:05','2018-10-09 16:53:05'),(315,186,63,'West Hempstead','2018-10-09 16:53:05','2018-10-09 16:53:05'),(316,186,63,'Westhampton Beach','2018-10-09 16:53:05','2018-10-09 16:53:05'),(317,186,63,'Woodmere','2018-10-09 16:53:05','2018-10-09 16:53:05'),(318,186,63,'Cheektowaga','2018-10-09 16:53:05','2018-10-09 16:53:05'),(319,186,63,'East Massapequa','2018-10-09 16:53:05','2018-10-09 16:53:05'),(320,186,63,'Tonawanda','2018-10-09 16:53:05','2018-10-09 16:53:05'),(321,186,63,'Wurtsboro','2018-10-09 16:53:05','2018-10-09 16:53:05'),(322,186,64,'Apex','2018-10-09 16:53:05','2018-10-09 16:53:05'),(323,186,64,'Asheville','2018-10-09 16:53:05','2018-10-09 16:53:05'),(324,186,64,'Black Mountain','2018-10-09 16:53:05','2018-10-09 16:53:05'),(325,186,64,'Boone','2018-10-09 16:53:05','2018-10-09 16:53:05'),(326,186,64,'Charlotte','2018-10-09 16:53:05','2018-10-09 16:53:05'),(327,186,64,'Cherokee','2018-10-09 16:53:05','2018-10-09 16:53:05'),(328,186,64,'Durham','2018-10-09 16:53:05','2018-10-09 16:53:05'),(329,186,64,'Elizabeth City','2018-10-09 16:53:05','2018-10-09 16:53:05'),(330,186,64,'Greenville','2018-10-09 16:53:05','2018-10-09 16:53:05'),(331,186,64,'Hillsborough','2018-10-09 16:53:05','2018-10-09 16:53:05'),(332,186,64,'Kill Devil Hills','2018-10-09 16:53:05','2018-10-09 16:53:05'),(333,186,64,'Leland','2018-10-09 16:53:05','2018-10-09 16:53:05'),(334,186,64,'Mars Hill','2018-10-09 16:53:05','2018-10-09 16:53:05'),(335,186,64,'Raleigh','2018-10-09 16:53:05','2018-10-09 16:53:05'),(336,186,64,'Sanford','2018-10-09 16:53:05','2018-10-09 16:53:05'),(337,186,64,'Wilson','2018-10-09 16:53:05','2018-10-09 16:53:05'),(338,186,64,'Holly Springs','2018-10-09 16:53:05','2018-10-09 16:53:05'),(339,186,66,'Cincinnati','2018-10-09 16:53:05','2018-10-09 16:53:05'),(340,186,66,'Cleveland','2018-10-09 16:53:05','2018-10-09 16:53:05'),(341,186,66,'Columbus','2018-10-09 16:53:05','2018-10-09 16:53:05'),(342,186,66,'Delaware','2018-10-09 16:53:05','2018-10-09 16:53:05'),(343,186,66,'Dublin','2018-10-09 16:53:05','2018-10-09 16:53:05'),(344,186,66,'Mentor','2018-10-09 16:53:05','2018-10-09 16:53:05'),(345,186,66,'Middletown','2018-10-09 16:53:05','2018-10-09 16:53:05'),(346,186,66,'Wickliffe','2018-10-09 16:53:05','2018-10-09 16:53:05'),(347,186,66,'Kettering','2018-10-09 16:53:05','2018-10-09 16:53:05'),(348,186,66,'Pepper Pike','2018-10-09 16:53:05','2018-10-09 16:53:05'),(349,186,66,'Upper Arlington','2018-10-09 16:53:05','2018-10-09 16:53:05'),(350,186,67,'Edmond','2018-10-09 16:53:05','2018-10-09 16:53:05'),(351,186,67,'Owasso','2018-10-09 16:53:05','2018-10-09 16:53:05'),(352,186,67,'Sand Springs','2018-10-09 16:53:05','2018-10-09 16:53:05'),(353,186,67,'Tulsa','2018-10-09 16:53:05','2018-10-09 16:53:05'),(354,186,68,'Beaverton','2018-10-09 16:53:05','2018-10-09 16:53:05'),(355,186,68,'Florence','2018-10-09 16:53:05','2018-10-09 16:53:05'),(356,186,68,'Medford','2018-10-09 16:53:05','2018-10-09 16:53:05'),(357,186,68,'Newport','2018-10-09 16:53:05','2018-10-09 16:53:05'),(358,186,68,'Portland','2018-10-09 16:53:05','2018-10-09 16:53:05'),(359,186,68,'Sweet Home','2018-10-09 16:53:05','2018-10-09 16:53:05'),(360,186,69,'Ardmore','2018-10-09 16:53:05','2018-10-09 16:53:05'),(361,186,69,'Bensalem','2018-10-09 16:53:05','2018-10-09 16:53:05'),(362,186,69,'Boyertown','2018-10-09 16:53:05','2018-10-09 16:53:05'),(363,186,69,'Bryn Athyn','2018-10-09 16:53:05','2018-10-09 16:53:05'),(364,186,69,'Hanover','2018-10-09 16:53:05','2018-10-09 16:53:05'),(365,186,69,'Kennett Square','2018-10-09 16:53:05','2018-10-09 16:53:05'),(366,186,69,'New Oxford','2018-10-09 16:53:05','2018-10-09 16:53:05'),(367,186,69,'Philadelphia','2018-10-09 16:53:05','2018-10-09 16:53:05'),(368,186,69,'Pittsburgh','2018-10-09 16:53:05','2018-10-09 16:53:05'),(369,186,69,'Reading','2018-10-09 16:53:05','2018-10-09 16:53:05'),(370,186,69,'Southampton','2018-10-09 16:53:05','2018-10-09 16:53:05'),(371,186,69,'Washington','2018-10-09 16:53:05','2018-10-09 16:53:05'),(372,186,69,'Wynnewood','2018-10-09 16:53:05','2018-10-09 16:53:05'),(373,186,69,'York','2018-10-09 16:53:05','2018-10-09 16:53:05'),(374,186,69,'Colonial Park','2018-10-09 16:53:05','2018-10-09 16:53:05'),(375,186,69,'East York','2018-10-09 16:53:05','2018-10-09 16:53:05'),(376,186,71,'Providence','2018-10-09 16:53:05','2018-10-09 16:53:05'),(377,186,72,'Bluffton','2018-10-09 16:53:05','2018-10-09 16:53:05'),(378,186,72,'Elgin','2018-10-09 16:53:05','2018-10-09 16:53:05'),(379,186,72,'Loris','2018-10-09 16:53:05','2018-10-09 16:53:05'),(380,186,72,'Mount Pleasant','2018-10-09 16:53:05','2018-10-09 16:53:05'),(381,186,72,'Carolina Forest','2018-10-09 16:53:05','2018-10-09 16:53:05'),(382,186,73,'Sioux Falls','2018-10-09 16:53:05','2018-10-09 16:53:05'),(383,186,74,'Chattanooga','2018-10-09 16:53:05','2018-10-09 16:53:05'),(384,186,74,'Jefferson City','2018-10-09 16:53:05','2018-10-09 16:53:05'),(385,186,74,'Lebanon','2018-10-09 16:53:05','2018-10-09 16:53:05'),(386,186,74,'Memphis','2018-10-09 16:53:05','2018-10-09 16:53:05'),(387,186,74,'Mount Juliet','2018-10-09 16:53:05','2018-10-09 16:53:05'),(388,186,74,'Murfreesboro','2018-10-09 16:53:05','2018-10-09 16:53:05'),(389,186,74,'Nashville','2018-10-09 16:53:05','2018-10-09 16:53:05'),(390,186,75,'Austin','2018-10-09 16:53:05','2018-10-09 16:53:05'),(391,186,75,'Conroe','2018-10-09 16:53:05','2018-10-09 16:53:05'),(392,186,75,'Copperas Cove','2018-10-09 16:53:05','2018-10-09 16:53:05'),(393,186,75,'Dallas','2018-10-09 16:53:05','2018-10-09 16:53:05'),(394,186,75,'El Paso','2018-10-09 16:53:05','2018-10-09 16:53:05'),(395,186,75,'Fort Worth','2018-10-09 16:53:05','2018-10-09 16:53:05'),(396,186,75,'Houston','2018-10-09 16:53:05','2018-10-09 16:53:05'),(397,186,75,'Irving','2018-10-09 16:53:05','2018-10-09 16:53:05'),(398,186,75,'Lubbock','2018-10-09 16:53:05','2018-10-09 16:53:05'),(399,186,75,'New Braunfels','2018-10-09 16:53:05','2018-10-09 16:53:05'),(400,186,75,'Plano','2018-10-09 16:53:05','2018-10-09 16:53:05'),(401,186,75,'San Antonio','2018-10-09 16:53:05','2018-10-09 16:53:05'),(402,186,75,'Southlake','2018-10-09 16:53:05','2018-10-09 16:53:05'),(403,186,75,'Spring Branch','2018-10-09 16:53:05','2018-10-09 16:53:05'),(404,186,78,'Draper','2018-10-09 16:53:05','2018-10-09 16:53:05'),(405,186,78,'Riverton','2018-10-09 16:53:06','2018-10-09 16:53:06'),(406,186,78,'Salt Lake City','2018-10-09 16:53:06','2018-10-09 16:53:06'),(407,186,78,'St. George','2018-10-09 16:53:06','2018-10-09 16:53:06'),(408,186,78,'Tremonton','2018-10-09 16:53:06','2018-10-09 16:53:06'),(409,186,79,'Alexandria','2018-10-09 16:53:06','2018-10-09 16:53:06'),(410,186,79,'Arlington','2018-10-09 16:53:06','2018-10-09 16:53:06'),(411,186,79,'Ashburn','2018-10-09 16:53:06','2018-10-09 16:53:06'),(412,186,79,'Burke','2018-10-09 16:53:06','2018-10-09 16:53:06'),(413,186,79,'Charlottesville','2018-10-09 16:53:06','2018-10-09 16:53:06'),(414,186,79,'Elkton','2018-10-09 16:53:06','2018-10-09 16:53:06'),(415,186,79,'Fairfax','2018-10-09 16:53:06','2018-10-09 16:53:06'),(416,186,79,'Glen Allen','2018-10-09 16:53:06','2018-10-09 16:53:06'),(417,186,79,'Lorton','2018-10-09 16:53:06','2018-10-09 16:53:06'),(418,186,79,'Midlothian','2018-10-09 16:53:06','2018-10-09 16:53:06'),(419,186,79,'Mount Vernon','2018-10-09 16:53:06','2018-10-09 16:53:06'),(420,186,79,'Newport News','2018-10-09 16:53:06','2018-10-09 16:53:06'),(421,186,79,'Reston','2018-10-09 16:53:06','2018-10-09 16:53:06'),(422,186,79,'Richmond','2018-10-09 16:53:06','2018-10-09 16:53:06'),(423,186,79,'Sterling','2018-10-09 16:53:06','2018-10-09 16:53:06'),(424,186,79,'Virginia Beach','2018-10-09 16:53:06','2018-10-09 16:53:06'),(425,186,79,'Waynesboro','2018-10-09 16:53:06','2018-10-09 16:53:06'),(426,186,79,'Williamsburg','2018-10-09 16:53:06','2018-10-09 16:53:06'),(427,186,79,'Belle Haven','2018-10-09 16:53:06','2018-10-09 16:53:06'),(428,186,79,'Bon Air','2018-10-09 16:53:06','2018-10-09 16:53:06'),(429,186,79,'Fort Hunt','2018-10-09 16:53:06','2018-10-09 16:53:06'),(430,186,79,'Groveton','2018-10-09 16:53:06','2018-10-09 16:53:06'),(431,186,79,'Hybla Valley','2018-10-09 16:53:06','2018-10-09 16:53:06'),(432,186,79,'Potomac Falls','2018-10-09 16:53:06','2018-10-09 16:53:06'),(433,186,79,'Tuckahoe','2018-10-09 16:53:06','2018-10-09 16:53:06'),(434,186,79,'Tysons','2018-10-09 16:53:06','2018-10-09 16:53:06'),(435,186,79,'Wolf Trap','2018-10-09 16:53:06','2018-10-09 16:53:06'),(436,186,79,'Wyndham','2018-10-09 16:53:06','2018-10-09 16:53:06'),(437,186,81,'Bellingham','2018-10-09 16:53:06','2018-10-09 16:53:06'),(438,186,81,'La Center','2018-10-09 16:53:06','2018-10-09 16:53:06'),(439,186,81,'Moses Lake','2018-10-09 16:53:06','2018-10-09 16:53:06'),(440,186,81,'Olympia','2018-10-09 16:53:06','2018-10-09 16:53:06'),(441,186,81,'Port Angeles','2018-10-09 16:53:06','2018-10-09 16:53:06'),(442,186,81,'Pullman','2018-10-09 16:53:06','2018-10-09 16:53:06'),(443,186,81,'Puyallup','2018-10-09 16:53:06','2018-10-09 16:53:06'),(444,186,81,'Renton','2018-10-09 16:53:06','2018-10-09 16:53:06'),(445,186,81,'Seattle','2018-10-09 16:53:06','2018-10-09 16:53:06'),(446,186,81,'Sequim','2018-10-09 16:53:06','2018-10-09 16:53:06'),(447,186,81,'Spokane','2018-10-09 16:53:06','2018-10-09 16:53:06'),(448,186,81,'Vancouver','2018-10-09 16:53:06','2018-10-09 16:53:06'),(449,186,81,'Walla Walla','2018-10-09 16:53:06','2018-10-09 16:53:06'),(450,186,81,'Five Corners','2018-10-09 16:53:06','2018-10-09 16:53:06'),(451,186,81,'South Hill','2018-10-09 16:53:06','2018-10-09 16:53:06'),(452,186,83,'Fairmont','2018-10-09 16:53:06','2018-10-09 16:53:06'),(453,186,83,'Hurricane','2018-10-09 16:53:06','2018-10-09 16:53:06'),(454,186,83,'Poca','2018-10-09 16:53:06','2018-10-09 16:53:06'),(455,186,83,'Teays Valley','2018-10-09 16:53:06','2018-10-09 16:53:06'),(456,186,84,'Kaukauna','2018-10-09 16:53:06','2018-10-09 16:53:06'),(457,186,84,'Neenah','2018-10-09 16:53:06','2018-10-09 16:53:06'),(458,186,84,'Oshkosh','2018-10-09 16:53:06','2018-10-09 16:53:06'),(459,186,84,'Pulaski','2018-10-09 16:53:06','2018-10-09 16:53:06'),(460,186,84,'Sauk City','2018-10-09 16:53:06','2018-10-09 16:53:06'),(461,186,84,'Weston','2018-10-09 16:53:06','2018-10-09 16:53:06'),(462,186,85,'Casper','2018-10-09 16:53:06','2018-10-09 16:53:06'),(463,186,85,'Rock Springs','2018-10-09 16:53:06','2018-10-09 16:53:06'),(464,135,NULL,'Cebu City','2018-10-09 17:33:11','2018-10-09 17:33:11'),(465,186,81,'Snohomishi','2018-10-18 20:17:21','2018-10-18 20:17:21'),(466,186,81,'Samammish','2018-10-18 20:19:06','2018-10-18 20:19:06'),(467,186,53,'Ludington','2018-10-18 20:24:07','2018-10-18 20:24:07'),(468,186,75,'Richland Hills','2018-10-18 20:46:30','2018-10-18 20:46:30'),(469,186,73,'Vermillion','2018-10-18 20:52:15','2018-10-18 20:52:15'),(470,186,63,'Jericho','2018-10-18 21:46:37','2018-10-18 21:46:37'),(471,186,84,'Two Rivers','2018-10-18 22:27:09','2018-10-18 22:27:09'),(472,186,53,'Albion','2018-10-19 03:02:31','2018-10-19 03:02:31'),(473,186,37,'Fort Garland','2018-10-19 05:22:46','2018-10-19 05:22:46'),(474,186,54,'St. Paul','2018-10-19 12:01:37','2018-10-19 12:01:37'),(475,186,53,'Kalamazoo','2018-10-19 19:23:17','2018-10-19 19:23:17'),(476,186,52,'Sharon','2018-10-19 20:41:05','2018-10-19 20:41:05'),(477,186,40,'Sarasota','2018-10-19 21:55:16','2018-10-19 21:55:16'),(478,126,NULL,'Horten','2018-10-19 21:56:56','2018-10-19 21:56:56'),(479,64,NULL,'Berlin','2018-10-20 09:16:07','2018-10-20 09:16:07'),(480,81,25,'Moshav Matityahu','2018-10-20 16:47:36','2018-10-20 16:47:36'),(481,186,80,'Centreville,','2018-10-20 18:42:49','2018-10-20 18:42:49'),(482,186,75,'canyon lake','2018-10-21 16:05:33','2018-10-21 16:05:33'),(483,186,67,'Norman','2018-10-21 17:58:48','2018-10-21 17:58:48'),(484,186,54,'Eagan','2018-10-21 18:06:12','2018-10-21 18:06:12'),(485,82,NULL,'Bologna','2018-10-21 20:23:04','2018-10-21 20:23:04'),(486,186,80,'Woodbridge','2018-10-21 23:59:52','2018-10-21 23:59:52'),(487,186,47,'Syracuse','2018-10-22 00:22:07','2018-10-22 00:22:07'),(488,186,63,'Monsey','2018-10-22 01:09:32','2018-10-22 01:09:32'),(489,184,28,'Ashford, Kent','2018-10-22 08:54:31','2018-10-22 08:54:31'),(490,184,28,'Newbury','2018-10-23 15:19:36','2018-10-23 15:19:36'),(491,184,28,'Bristol','2018-10-23 18:59:20','2018-10-23 18:59:20'),(492,186,44,'Villa Park','2018-10-23 22:43:09','2018-10-23 22:43:09'),(493,186,80,'Richmond, VA','2018-10-24 00:44:02','2018-10-24 00:44:02'),(494,186,75,'La Vernia','2018-10-24 20:42:47','2018-10-24 20:42:47'),(495,121,NULL,'Amstelveen','2018-10-30 18:51:53','2018-10-30 18:51:53'),(496,186,40,'Venice','2018-11-06 19:35:06','2018-11-06 19:35:06'),(497,186,80,'chesapeake','2018-11-15 21:51:05','2018-11-15 21:51:05'),(498,186,83,'Charleston','2018-11-18 13:25:03','2018-11-18 13:25:03'),(499,90,NULL,'Bishkek','2019-01-14 08:40:34','2019-01-14 08:40:34'),(500,142,NULL,'moscow','2019-01-21 05:59:34','2019-01-21 05:59:34');
/*!40000 ALTER TABLE `cities` ENABLE KEYS */;
UNLOCK TABLES;

--
-- Table structure for table `comments`
--

DROP TABLE IF EXISTS `comments`;
/*!40101 SET @saved_cs_client     = @@character_set_client */;
/*!40101 SET character_set_client = utf8 */;
CREATE TABLE `comments` (
  `id` bigint(20) unsigned NOT NULL AUTO_INCREMENT,
  `user_id` bigint(20) unsigned NOT NULL,
  `photo_id` bigint(20) unsigned DEFAULT NULL,
  `album_id` bigint(20) unsigned DEFAULT NULL,
  `reply_to_comment_id` bigint(20) unsigned DEFAULT NULL,
  `message` text COLLATE utf8mb4_unicode_ci NOT NULL,
  `created_at` timestamp NULL DEFAULT NULL,
  `updated_at` timestamp NULL DEFAULT NULL,
  PRIMARY KEY (`id`),
  KEY `comments_user_id_foreign` (`user_id`),
  KEY `comments_photo_id_foreign` (`photo_id`),
  KEY `comments_album_id_foreign` (`album_id`),
  KEY `comments_reply_to_comment_id_foreign` (`reply_to_comment_id`),
  CONSTRAINT `comments_album_id_foreign` FOREIGN KEY (`album_id`) REFERENCES `albums` (`id`) ON DELETE CASCADE,
  CONSTRAINT `comments_photo_id_foreign` FOREIGN KEY (`photo_id`) REFERENCES `photos` (`id`) ON DELETE CASCADE,
  CONSTRAINT `comments_reply_to_comment_id_foreign` FOREIGN KEY (`reply_to_comment_id`) REFERENCES `comments` (`id`) ON DELETE CASCADE,
  CONSTRAINT `comments_user_id_foreign` FOREIGN KEY (`user_id`) REFERENCES `users` (`id`) ON DELETE CASCADE
) ENGINE=InnoDB AUTO_INCREMENT=85 DEFAULT CHARSET=utf8mb4 COLLATE=utf8mb4_unicode_ci;
/*!40101 SET character_set_client = @saved_cs_client */;

--
-- Dumping data for table `comments`
--

LOCK TABLES `comments` WRITE;
/*!40000 ALTER TABLE `comments` DISABLE KEYS */;
INSERT INTO `comments` VALUES (3,1035,28,NULL,NULL,'For the test, here is a comment. Nice image.','2018-10-24 19:45:06','2018-10-24 19:45:06'),(4,1035,37,NULL,NULL,'I like this photo, nice lighting, the shadows create a nice leading line towards the model. The threes in the window reflection adds to the &quot;abandoned in the woods&quot; feeling. I do find the sign in the top of the image a bit disturbing, maybe more air above it or cropping it out would be better.','2018-10-24 19:51:43','2018-10-24 19:51:43'),(5,1035,36,NULL,NULL,'This is a nice wabi sabi photo, I love the colors and that shallow DOF gives a beautiful bookeh. To me the photo does not balance well, the three on the right side feels to heavy and takes away some focus from the leaf.','2018-10-24 20:01:58','2018-10-24 20:01:58'),(6,1035,29,NULL,NULL,'Intresting photo, not sure how to critique it, so I\'ll settle for testing the comments instead.','2018-10-24 20:03:31','2018-10-24 20:03:31'),(7,1035,35,NULL,NULL,'This is a nice composition, there is a lot of structure, but it works well with the leading line and the cracked paint. The image gives a well balanced feeling for my. Great photo.','2018-10-24 20:07:40','2018-10-24 20:07:50'),(8,1022,34,NULL,NULL,'I like the composition here, with the black background making the leaves pop. Great job capturing the details in the leaves, too.','2018-10-24 20:16:04','2018-10-24 20:16:04'),(9,1022,33,NULL,NULL,'Love the colors here. This seems much sharper and cleaner than what I remember seeing on Facebook albums. If this is what we\'re going to get on the new webpage, then I\'m excited.','2018-10-24 20:17:55','2018-10-24 20:17:55'),(10,1062,28,NULL,NULL,'Nice!','2018-10-24 20:23:16','2018-10-24 20:23:16'),(11,1035,34,NULL,NULL,'Nice composition, I love how you have captured the process of green changing to yellow in one leaf. I really like the black background. How do you get that background?','2018-10-24 20:24:33','2018-10-24 20:24:33'),(12,1035,33,NULL,NULL,'Beautiful photo, IT has a nice shallow DOF giving a beautiful bookeh, love hos there is leading lines even in the bookeh to help draw your attention towards the milkweed.','2018-10-24 20:27:14','2018-10-24 20:27:24'),(13,1035,32,NULL,NULL,'I find this photo very interesting, I love how the line of repeating  reflections curves and draws you further into the photo.','2018-10-24 20:30:29','2018-10-24 20:30:29'),(14,1024,34,NULL,NULL,'I really like the black background and beautiful job with the light, the textures and details are beautiful.','2018-10-24 21:14:22','2018-10-24 21:14:22'),(15,1024,32,NULL,NULL,'Is this thing on -- LOL!','2018-10-24 21:15:11','2018-10-24 21:15:11'),(16,1032,35,NULL,NULL,'Interesting, it took me a minute to realize what I was looking at.','2018-10-24 21:23:37','2018-10-24 21:23:37'),(17,1032,14,NULL,NULL,'Nice!','2018-10-24 21:24:09','2018-10-24 21:24:09'),(18,1020,28,NULL,NULL,'Great photo, love her expression.','2018-10-24 21:51:59','2018-10-24 21:51:59'),(19,1020,37,NULL,NULL,'Nice shadows.','2018-10-24 21:52:23','2018-10-24 21:52:23'),(20,1020,36,NULL,NULL,'Great colors, I really how this one looks.','2018-10-24 21:53:07','2018-10-24 21:53:07'),(21,1020,29,NULL,NULL,'Glad you gave the new site a shot.','2018-10-24 21:53:55','2018-10-24 21:54:04'),(22,1020,39,NULL,NULL,'Welcome','2018-10-24 21:54:24','2018-10-24 21:54:24'),(23,1020,35,NULL,NULL,'Good job, neat idea.','2018-10-24 21:54:57','2018-10-24 21:54:57'),(24,1020,34,NULL,NULL,'I love leaves.','2018-10-24 21:55:16','2018-10-24 21:55:16'),(25,1020,33,NULL,NULL,'This is beautiful, I see these a lot on my walks.','2018-10-24 21:55:38','2018-10-24 21:55:38'),(26,1020,32,NULL,NULL,'I like the black and white. Love the site too.','2018-10-24 21:56:03','2018-10-24 21:56:03'),(27,1020,31,NULL,NULL,'It\'s perfectly imperfect.','2018-10-24 21:56:33','2018-10-24 21:56:33'),(28,1020,16,NULL,NULL,'Are we allowed to &quot;like&quot; our own photo? LOL','2018-10-24 21:57:00','2018-10-24 21:57:00'),(29,1020,15,NULL,NULL,'Great shot, love it.','2018-10-24 21:57:26','2018-10-24 21:57:26'),(30,1020,25,NULL,NULL,'Very pretty','2018-10-24 22:02:15','2018-10-24 22:02:15'),(31,1020,14,NULL,NULL,'This is great.','2018-10-24 22:02:48','2018-10-24 22:02:48'),(32,1020,17,NULL,NULL,'What fun! And a nice photo too.','2018-10-24 22:03:48','2018-10-24 22:03:48'),(33,1018,28,NULL,NULL,'Beautiful woman!','2018-10-24 22:11:36','2018-10-24 22:11:36'),(34,1018,37,NULL,NULL,'Love the light','2018-10-24 22:12:46','2018-10-24 22:12:46'),(35,1018,35,NULL,NULL,'Nice','2018-10-24 22:14:21','2018-10-24 22:14:21'),(36,1018,34,NULL,NULL,'Love the colors on the black','2018-10-24 22:14:48','2018-10-24 22:14:48'),(37,1018,16,NULL,NULL,'Amazing place','2018-10-24 22:16:18','2018-10-24 22:16:18'),(38,1034,34,NULL,NULL,'I love the hdr feel of these two leaves. Very nice on the low key background.','2018-10-25 03:18:09','2018-10-25 03:18:09'),(39,1034,19,NULL,NULL,'Lovely composition and lighting.','2018-10-25 03:20:06','2018-10-25 03:20:06'),(40,1034,15,NULL,NULL,'Great focus on the details. I want to say &ldquo;poof&rdquo;!','2018-10-25 03:21:23','2018-10-25 03:21:23'),(41,1034,28,NULL,NULL,'Lovely smile and great lighting. Perfect in black and white.','2018-10-25 03:23:03','2018-10-25 03:23:03'),(42,1030,28,NULL,NULL,'Love the photo, but Yosef, did you submit this as a phone screenshot? It\'s letterboxed with black on top and bottom, so I have to scroll to see details.','2018-10-25 04:14:42','2018-10-25 04:14:42'),(43,1030,35,NULL,NULL,'This is an awesome idea and photo. As for the testing: I\'ve clicked through to see other people\'s profiles, used the &quot;more&quot; feature, checked landscape/portrait modes on my Android phone with rotation. Looks great so far!!! This looks better resolution than FB albums usually appear on my phone, too, which I LOVE. ????','2018-10-25 04:19:49','2018-10-25 04:19:49'),(44,1030,34,NULL,14,'This is an awesome photo, and I\'m taking advantage of Julie\'s comment to test the functionality... Replies seem to work great! I agree with all these comments, awesome photo, nice isolated capture of leaves, gorgeous lighting, so much depth of color and tonal range here. I\'d love to see your setup... ?','2018-10-25 04:22:13','2018-10-25 04:22:13'),(45,1030,33,NULL,9,'I agree with Mr. Bill, this is a lovely photo, and it\'s super sharp and bright. Definitely feels sharper than I\'m used to, and I think it might have higher resolution than the other photos in this album. Not sure if it\'s just because I\'m looking on my phone, though--will have to check on my computer tomorrow! Yosef, anyone: do you know if we will still be limited to 2048 on the longest side?','2018-10-25 04:26:39','2018-10-25 04:26:39'),(46,1030,30,NULL,NULL,'Ruth, I love this. I am so sad that this gorgeous girl is no longer with us, but I am glad you\'ve taken the opportunity of this unique album to share with us something about your little girl. Big hugs to you!','2018-10-25 04:39:43','2018-10-25 04:40:32'),(47,1020,16,NULL,37,'Thanks Diane, we actually were here last year and this is what I used for submission at that time. It was in Mesa Verde and was amazing.','2018-10-29 18:41:20','2018-10-29 18:41:20'),(48,1007,28,NULL,42,'ya :) I did it quickly.. this is just for testing, yo!','2018-11-04 18:18:43','2018-11-04 18:18:43'),(49,1018,51,NULL,NULL,'Refreshing!','2018-11-06 21:37:15','2018-11-06 21:37:15'),(50,1018,47,NULL,NULL,'Nice lighting','2018-11-06 22:08:16','2018-11-06 22:08:16'),(51,1020,46,NULL,NULL,'Nice job','2018-11-07 19:36:54','2018-11-07 19:36:54'),(52,1020,47,NULL,NULL,'Love it, this new site looks really neat.','2018-11-07 19:37:28','2018-11-07 19:37:28'),(53,1020,48,NULL,NULL,'Opps, that;s mine! Are we allowed to like our own LOL','2018-11-07 19:37:54','2018-11-07 19:37:54'),(54,1020,50,NULL,NULL,'Great find!','2018-11-07 19:38:09','2018-11-07 19:38:09'),(55,1020,45,NULL,NULL,'Nice, I was wondering what I was going to see when I clicked on this &quot;graphic&quot; photo!','2018-11-07 19:43:45','2018-11-07 19:43:45'),(56,1020,52,NULL,NULL,'YUMMY!','2018-11-07 19:44:12','2018-11-07 19:44:12'),(57,1020,48,NULL,NULL,'Commenting on my phone, works great.','2018-11-08 03:34:44','2018-11-08 03:34:44'),(58,1013,65,NULL,NULL,'I like the lighting.','2018-11-15 21:06:11','2018-11-15 21:06:11'),(59,1013,58,NULL,NULL,'Ha ha ha!! Love the expression.','2018-11-15 21:07:07','2018-11-15 21:07:07'),(60,1013,59,NULL,NULL,'The two fish are in the middle!','2018-11-15 21:07:54','2018-11-15 21:07:54'),(61,1013,60,NULL,NULL,'Tiny pumpkins? Or double exposure? Cute!','2018-11-15 21:10:16','2018-11-15 21:10:16'),(62,1013,62,NULL,NULL,'Beautiful!!','2018-11-15 21:10:43','2018-11-15 21:10:43'),(63,1013,61,NULL,NULL,'Beautiful.','2018-11-15 21:12:00','2018-11-15 21:12:00'),(64,1013,64,NULL,NULL,'Construction site?','2018-11-15 21:13:33','2018-11-15 21:13:33'),(65,1067,58,NULL,NULL,'I love her look of surprise!','2018-11-15 21:30:15','2018-11-15 21:30:15'),(66,1067,62,NULL,NULL,'Wow!','2018-11-15 21:30:54','2018-11-15 21:30:54'),(67,1067,61,NULL,NULL,'Good pick for testing :-)','2018-11-15 21:31:19','2018-11-15 21:31:19'),(68,1018,65,NULL,58,'Thanks Ruth!','2018-11-15 21:43:20','2018-11-15 21:43:20'),(69,1064,65,NULL,NULL,'I like the lighting too.  Love the use of the whisk to add to the story.','2018-11-15 22:53:57','2018-11-15 22:53:57'),(70,1064,58,NULL,NULL,'This is amazing. The details of the eye, the dirt, and the expression!','2018-11-15 22:54:58','2018-11-15 22:54:58'),(71,1064,60,NULL,NULL,'This is cute!  Must have been difficult to do!','2018-11-15 22:56:35','2018-11-15 22:56:35'),(72,1064,62,NULL,NULL,'cool!','2018-11-15 22:56:58','2018-11-15 22:56:58'),(73,1064,64,NULL,NULL,'Sadness... and beauty.','2018-11-15 22:58:34','2018-11-15 22:58:34'),(74,1020,58,NULL,NULL,'I like the black and white','2018-11-16 15:45:22','2018-11-16 15:45:22'),(75,1020,57,NULL,NULL,'That\'s okay, you are helping out by uploading a photo.','2018-11-16 15:46:11','2018-11-16 15:46:11'),(76,1020,59,NULL,NULL,'Nice','2018-11-16 15:46:26','2018-11-16 15:46:26'),(77,1020,64,NULL,64,'Yes, it\'s the last remaining part of a factory that was located there for almost 50 years. The lot is all cleared now and they are hoping to incorporate this into what ever gets build there.','2018-11-16 15:47:46','2018-11-16 15:47:46'),(78,1020,64,NULL,73,'Yes, it was very sad to see the building torn down and the hundreds of jobs leave.','2018-11-16 15:48:17','2018-11-16 15:48:17'),(79,1020,67,NULL,NULL,'Let\'s get more Patreon\'s so we can get our own website','2018-11-16 15:49:00','2018-11-16 15:49:00'),(80,1019,60,NULL,71,'It took some time but it was fun. Learned a lot!','2018-11-19 03:38:23','2018-11-19 03:38:23'),(81,1034,60,NULL,NULL,'This is so fun! Glad I could log into the test album.','2018-11-20 12:28:24','2018-11-20 12:28:24'),(82,1020,73,NULL,NULL,'Yes I do','2018-12-30 20:55:26','2018-12-30 20:55:26'),(83,1020,77,NULL,NULL,'Nice POV','2018-12-30 20:56:15','2018-12-30 20:56:15'),(84,1020,76,NULL,NULL,'I can see this one!!!','2018-12-30 20:56:57','2018-12-30 20:56:57');
/*!40000 ALTER TABLE `comments` ENABLE KEYS */;
UNLOCK TABLES;

--
-- Table structure for table `countries`
--

DROP TABLE IF EXISTS `countries`;
/*!40101 SET @saved_cs_client     = @@character_set_client */;
/*!40101 SET character_set_client = utf8 */;
CREATE TABLE `countries` (
  `id` bigint(20) unsigned NOT NULL AUTO_INCREMENT,
  `state_member_term` varchar(191) COLLATE utf8mb4_unicode_ci DEFAULT NULL,
  `name` varchar(191) COLLATE utf8mb4_unicode_ci NOT NULL,
  `created_at` timestamp NULL DEFAULT NULL,
  `updated_at` timestamp NULL DEFAULT NULL,
  PRIMARY KEY (`id`)
) ENGINE=InnoDB AUTO_INCREMENT=252 DEFAULT CHARSET=utf8mb4 COLLATE=utf8mb4_unicode_ci;
/*!40101 SET character_set_client = @saved_cs_client */;

--
-- Dumping data for table `countries`
--

LOCK TABLES `countries` WRITE;
/*!40000 ALTER TABLE `countries` DISABLE KEYS */;
INSERT INTO `countries` VALUES (1,NULL,'Afghanistan','2018-10-09 16:53:00','2018-10-09 16:53:00'),(2,NULL,'Albania','2018-10-09 16:53:00','2018-10-09 16:53:00'),(3,NULL,'Algeria','2018-10-09 16:53:00','2018-10-09 16:53:00'),(4,NULL,'Andorra','2018-10-09 16:53:00','2018-10-09 16:53:00'),(5,NULL,'Angola','2018-10-09 16:53:00','2018-10-09 16:53:00'),(6,NULL,'Antigua and Barbuda','2018-10-09 16:53:00','2018-10-09 16:53:00'),(7,NULL,'Argentina','2018-10-09 16:53:00','2018-10-09 16:53:00'),(8,'State/Territory','Australia','2018-10-09 16:53:00','2018-10-09 16:53:00'),(9,NULL,'Austria','2018-10-09 16:53:00','2018-10-09 16:53:00'),(10,NULL,'Azerbaijan','2018-10-09 16:53:00','2018-10-09 16:53:00'),(11,NULL,'Bahamas','2018-10-09 16:53:00','2018-10-09 16:53:00'),(12,NULL,'Bahrain','2018-10-09 16:53:00','2018-10-09 16:53:00'),(13,NULL,'Bangladesh','2018-10-09 16:53:00','2018-10-09 16:53:00'),(14,NULL,'Barbados','2018-10-09 16:53:00','2018-10-09 16:53:00'),(15,NULL,'Belarus','2018-10-09 16:53:00','2018-10-09 16:53:00'),(16,NULL,'Belgium','2018-10-09 16:53:00','2018-10-09 16:53:00'),(17,NULL,'Belize','2018-10-09 16:53:00','2018-10-09 16:53:00'),(18,NULL,'Benin','2018-10-09 16:53:00','2018-10-09 16:53:00'),(19,NULL,'Bhutan','2018-10-09 16:53:00','2018-10-09 16:53:00'),(20,NULL,'Bolivia','2018-10-09 16:53:00','2018-10-09 16:53:00'),(21,NULL,'Bosnia and Herzegovina','2018-10-09 16:53:00','2018-10-09 16:53:00'),(22,NULL,'Botswana','2018-10-09 16:53:00','2018-10-09 16:53:00'),(23,NULL,'Brazil','2018-10-09 16:53:00','2018-10-09 16:53:00'),(24,NULL,'Brunei Darussalam','2018-10-09 16:53:00','2018-10-09 16:53:00'),(25,NULL,'Bulgaria','2018-10-09 16:53:00','2018-10-09 16:53:00'),(26,NULL,'Burkina Faso','2018-10-09 16:53:00','2018-10-09 16:53:00'),(27,NULL,'Burundi','2018-10-09 16:53:00','2018-10-09 16:53:00'),(28,NULL,'Cabo Verde','2018-10-09 16:53:00','2018-10-09 16:53:00'),(29,NULL,'Cambodia','2018-10-09 16:53:00','2018-10-09 16:53:00'),(30,NULL,'Cameroon','2018-10-09 16:53:00','2018-10-09 16:53:00'),(31,'Province','Canada','2018-10-09 16:53:00','2018-10-09 16:53:00'),(32,NULL,'Central African Republic','2018-10-09 16:53:01','2018-10-09 16:53:01'),(33,NULL,'Chad','2018-10-09 16:53:01','2018-10-09 16:53:01'),(34,NULL,'Chile','2018-10-09 16:53:01','2018-10-09 16:53:01'),(35,NULL,'China','2018-10-09 16:53:01','2018-10-09 16:53:01'),(36,NULL,'Colombia','2018-10-09 16:53:01','2018-10-09 16:53:01'),(37,NULL,'Comoros','2018-10-09 16:53:01','2018-10-09 16:53:01'),(38,NULL,'Congo','2018-10-09 16:53:01','2018-10-09 16:53:01'),(39,NULL,'Costa Rica','2018-10-09 16:53:01','2018-10-09 16:53:01'),(40,NULL,'Côte d\'Ivoire','2018-10-09 16:53:01','2018-10-09 16:53:01'),(41,NULL,'Croatia','2018-10-09 16:53:01','2018-10-09 16:53:01'),(42,NULL,'Cuba','2018-10-09 16:53:01','2018-10-09 16:53:01'),(43,NULL,'Cyprus','2018-10-09 16:53:01','2018-10-09 16:53:01'),(44,NULL,'Czech Republic','2018-10-09 16:53:01','2018-10-09 16:53:01'),(45,NULL,'Democratic People\'s Republic of Korea (North Korea)','2018-10-09 16:53:01','2018-10-09 16:53:01'),(46,NULL,'Democratic Republic of the Cong','2018-10-09 16:53:01','2018-10-09 16:53:01'),(47,NULL,'Denmark','2018-10-09 16:53:01','2018-10-09 16:53:01'),(48,NULL,'Djibouti','2018-10-09 16:53:01','2018-10-09 16:53:01'),(49,NULL,'Dominica','2018-10-09 16:53:01','2018-10-09 16:53:01'),(50,NULL,'Dominican Republic','2018-10-09 16:53:01','2018-10-09 16:53:01'),(51,NULL,'Ecuador','2018-10-09 16:53:01','2018-10-09 16:53:01'),(52,NULL,'Egypt','2018-10-09 16:53:01','2018-10-09 16:53:01'),(53,NULL,'El Salvador','2018-10-09 16:53:01','2018-10-09 16:53:01'),(54,NULL,'Equatorial Guinea','2018-10-09 16:53:01','2018-10-09 16:53:01'),(55,NULL,'Eritrea','2018-10-09 16:53:01','2018-10-09 16:53:01'),(56,NULL,'Estonia','2018-10-09 16:53:01','2018-10-09 16:53:01'),(57,NULL,'Ethiopia','2018-10-09 16:53:01','2018-10-09 16:53:01'),(58,NULL,'Fiji','2018-10-09 16:53:01','2018-10-09 16:53:01'),(59,NULL,'Finland','2018-10-09 16:53:01','2018-10-09 16:53:01'),(60,NULL,'France','2018-10-09 16:53:01','2018-10-09 16:53:01'),(61,NULL,'Gabon','2018-10-09 16:53:01','2018-10-09 16:53:01'),(62,NULL,'Gambia','2018-10-09 16:53:01','2018-10-09 16:53:01'),(63,NULL,'Georgia','2018-10-09 16:53:01','2018-10-09 16:53:01'),(64,NULL,'Germany','2018-10-09 16:53:01','2018-10-09 16:53:01'),(65,NULL,'Ghana','2018-10-09 16:53:01','2018-10-09 16:53:01'),(66,NULL,'Greece','2018-10-09 16:53:01','2018-10-09 16:53:01'),(67,NULL,'Grenada','2018-10-09 16:53:01','2018-10-09 16:53:01'),(68,NULL,'Guatemala','2018-10-09 16:53:01','2018-10-09 16:53:01'),(69,NULL,'Guinea','2018-10-09 16:53:01','2018-10-09 16:53:01'),(70,NULL,'Guinea-Bissau','2018-10-09 16:53:01','2018-10-09 16:53:01'),(71,NULL,'Guyana','2018-10-09 16:53:01','2018-10-09 16:53:01'),(72,NULL,'Haiti','2018-10-09 16:53:01','2018-10-09 16:53:01'),(73,NULL,'Honduras','2018-10-09 16:53:01','2018-10-09 16:53:01'),(74,NULL,'Hungary','2018-10-09 16:53:01','2018-10-09 16:53:01'),(75,NULL,'Iceland','2018-10-09 16:53:01','2018-10-09 16:53:01'),(76,NULL,'India','2018-10-09 16:53:01','2018-10-09 16:53:01'),(77,NULL,'Indonesia','2018-10-09 16:53:01','2018-10-09 16:53:01'),(78,NULL,'Iran','2018-10-09 16:53:01','2018-10-09 16:53:01'),(79,NULL,'Iraq','2018-10-09 16:53:01','2018-10-09 16:53:01'),(80,NULL,'Ireland','2018-10-09 16:53:01','2018-10-09 16:53:01'),(81,'District','Israel','2018-10-09 16:53:01','2018-10-09 16:53:01'),(82,NULL,'Italy','2018-10-09 16:53:01','2018-10-09 16:53:01'),(83,NULL,'Jamaica','2018-10-09 16:53:01','2018-10-09 16:53:01'),(84,NULL,'Japan','2018-10-09 16:53:01','2018-10-09 16:53:01'),(85,NULL,'Jordan','2018-10-09 16:53:01','2018-10-09 16:53:01'),(86,NULL,'Kazakhstan','2018-10-09 16:53:01','2018-10-09 16:53:01'),(87,NULL,'Kenya','2018-10-09 16:53:01','2018-10-09 16:53:01'),(88,NULL,'Kiribati','2018-10-09 16:53:01','2018-10-09 16:53:01'),(89,NULL,'Kuwait','2018-10-09 16:53:01','2018-10-09 16:53:01'),(90,NULL,'Kyrgyzstan','2018-10-09 16:53:01','2018-10-09 16:53:01'),(91,NULL,'Lao People\'s Democratic Republic (Laos)','2018-10-09 16:53:01','2018-10-09 16:53:01'),(92,NULL,'Latvia','2018-10-09 16:53:01','2018-10-09 16:53:01'),(93,NULL,'Lebanon','2018-10-09 16:53:01','2018-10-09 16:53:01'),(94,NULL,'Lesotho','2018-10-09 16:53:01','2018-10-09 16:53:01'),(95,NULL,'Liberia','2018-10-09 16:53:01','2018-10-09 16:53:01'),(96,NULL,'Libya','2018-10-09 16:53:01','2018-10-09 16:53:01'),(97,NULL,'Liechtenstein','2018-10-09 16:53:01','2018-10-09 16:53:01'),(98,NULL,'Lithuania','2018-10-09 16:53:01','2018-10-09 16:53:01'),(99,NULL,'Luxembourg','2018-10-09 16:53:01','2018-10-09 16:53:01'),(100,NULL,'Macedonia','2018-10-09 16:53:01','2018-10-09 16:53:01'),(101,NULL,'Madagascar','2018-10-09 16:53:01','2018-10-09 16:53:01'),(102,NULL,'Malawi','2018-10-09 16:53:01','2018-10-09 16:53:01'),(103,NULL,'Malaysia','2018-10-09 16:53:01','2018-10-09 16:53:01'),(104,NULL,'Maldives','2018-10-09 16:53:01','2018-10-09 16:53:01'),(105,NULL,'Mali','2018-10-09 16:53:01','2018-10-09 16:53:01'),(106,NULL,'Malta','2018-10-09 16:53:01','2018-10-09 16:53:01'),(107,NULL,'Marshall Islands','2018-10-09 16:53:02','2018-10-09 16:53:02'),(108,NULL,'Mauritania','2018-10-09 16:53:02','2018-10-09 16:53:02'),(109,NULL,'Mauritius','2018-10-09 16:53:02','2018-10-09 16:53:02'),(110,NULL,'Mexico','2018-10-09 16:53:02','2018-10-09 16:53:02'),(111,NULL,'Micronesia (Federated States of)','2018-10-09 16:53:02','2018-10-09 16:53:02'),(112,NULL,'Monaco','2018-10-09 16:53:02','2018-10-09 16:53:02'),(113,NULL,'Mongolia','2018-10-09 16:53:02','2018-10-09 16:53:02'),(114,NULL,'Montenegro','2018-10-09 16:53:02','2018-10-09 16:53:02'),(115,NULL,'Morocco','2018-10-09 16:53:02','2018-10-09 16:53:02'),(116,NULL,'Mozambique','2018-10-09 16:53:02','2018-10-09 16:53:02'),(117,NULL,'Myanmar','2018-10-09 16:53:02','2018-10-09 16:53:02'),(118,NULL,'Namibia','2018-10-09 16:53:02','2018-10-09 16:53:02'),(119,NULL,'Nauru','2018-10-09 16:53:02','2018-10-09 16:53:02'),(120,NULL,'Nepal','2018-10-09 16:53:02','2018-10-09 16:53:02'),(121,NULL,'Netherlands','2018-10-09 16:53:02','2018-10-09 16:53:02'),(122,NULL,'New Zealand','2018-10-09 16:53:02','2018-10-09 16:53:02'),(123,NULL,'Nicaragua','2018-10-09 16:53:02','2018-10-09 16:53:02'),(124,NULL,'Niger','2018-10-09 16:53:02','2018-10-09 16:53:02'),(125,NULL,'Nigeria','2018-10-09 16:53:02','2018-10-09 16:53:02'),(126,NULL,'Norway','2018-10-09 16:53:02','2018-10-09 16:53:02'),(127,NULL,'Oman','2018-10-09 16:53:02','2018-10-09 16:53:02'),(128,NULL,'Pakistan','2018-10-09 16:53:02','2018-10-09 16:53:02'),(129,NULL,'Palau','2018-10-09 16:53:02','2018-10-09 16:53:02'),(130,NULL,'Palestinian Territories','2018-10-09 16:53:02','2018-10-09 16:53:02'),(131,NULL,'Panama','2018-10-09 16:53:02','2018-10-09 16:53:02'),(132,NULL,'Papua New Guinea','2018-10-09 16:53:02','2018-10-09 16:53:02'),(133,NULL,'Paraguay','2018-10-09 16:53:02','2018-10-09 16:53:02'),(134,NULL,'Peru','2018-10-09 16:53:02','2018-10-09 16:53:02'),(135,NULL,'Philippines','2018-10-09 16:53:02','2018-10-09 16:53:02'),(136,NULL,'Poland','2018-10-09 16:53:02','2018-10-09 16:53:02'),(137,NULL,'Portugal','2018-10-09 16:53:02','2018-10-09 16:53:02'),(138,NULL,'Qatar','2018-10-09 16:53:02','2018-10-09 16:53:02'),(139,NULL,'Republic of Korea (South Korea)','2018-10-09 16:53:02','2018-10-09 16:53:02'),(140,NULL,'Republic of Moldova','2018-10-09 16:53:02','2018-10-09 16:53:02'),(141,NULL,'Romania','2018-10-09 16:53:02','2018-10-09 16:53:02'),(142,NULL,'Russian Federation','2018-10-09 16:53:02','2018-10-09 16:53:02'),(143,NULL,'Rwanda','2018-10-09 16:53:02','2018-10-09 16:53:02'),(144,NULL,'Saint Kitts and Nevis','2018-10-09 16:53:02','2018-10-09 16:53:02'),(145,NULL,'Saint Lucia','2018-10-09 16:53:02','2018-10-09 16:53:02'),(146,NULL,'Saint Vincent and the Grenadines','2018-10-09 16:53:02','2018-10-09 16:53:02'),(147,NULL,'Samoa','2018-10-09 16:53:02','2018-10-09 16:53:02'),(148,NULL,'San Marino','2018-10-09 16:53:02','2018-10-09 16:53:02'),(149,NULL,'Sao Tome and Principe','2018-10-09 16:53:02','2018-10-09 16:53:02'),(150,NULL,'Saudi Arabia','2018-10-09 16:53:02','2018-10-09 16:53:02'),(151,NULL,'Senegal','2018-10-09 16:53:02','2018-10-09 16:53:02'),(152,NULL,'Serbia','2018-10-09 16:53:02','2018-10-09 16:53:02'),(153,NULL,'Seychelles','2018-10-09 16:53:02','2018-10-09 16:53:02'),(154,NULL,'Sierra Leone','2018-10-09 16:53:02','2018-10-09 16:53:02'),(155,NULL,'Singapore','2018-10-09 16:53:02','2018-10-09 16:53:02'),(156,NULL,'Slovakia','2018-10-09 16:53:02','2018-10-09 16:53:02'),(157,NULL,'Slovenia','2018-10-09 16:53:02','2018-10-09 16:53:02'),(158,NULL,'Solomon Islands','2018-10-09 16:53:02','2018-10-09 16:53:02'),(159,NULL,'Somalia','2018-10-09 16:53:02','2018-10-09 16:53:02'),(160,NULL,'South Africa','2018-10-09 16:53:02','2018-10-09 16:53:02'),(161,NULL,'South Sudan','2018-10-09 16:53:02','2018-10-09 16:53:02'),(162,NULL,'Spain','2018-10-09 16:53:02','2018-10-09 16:53:02'),(163,NULL,'Sri Lanka','2018-10-09 16:53:02','2018-10-09 16:53:02'),(164,NULL,'St Martin','2018-10-09 16:53:02','2018-10-09 16:53:02'),(165,NULL,'Sudan','2018-10-09 16:53:02','2018-10-09 16:53:02'),(166,NULL,'Suriname','2018-10-09 16:53:02','2018-10-09 16:53:02'),(167,NULL,'Swaziland','2018-10-09 16:53:02','2018-10-09 16:53:02'),(168,NULL,'Sweden','2018-10-09 16:53:02','2018-10-09 16:53:02'),(169,NULL,'Switzerland','2018-10-09 16:53:02','2018-10-09 16:53:02'),(170,NULL,'Syrian Arab Republic','2018-10-09 16:53:02','2018-10-09 16:53:02'),(171,NULL,'Tajikistan','2018-10-09 16:53:02','2018-10-09 16:53:02'),(172,NULL,'Thailand','2018-10-09 16:53:02','2018-10-09 16:53:02'),(173,NULL,'Timor-Leste','2018-10-09 16:53:02','2018-10-09 16:53:02'),(174,NULL,'Togo','2018-10-09 16:53:02','2018-10-09 16:53:02'),(175,NULL,'Tonga','2018-10-09 16:53:02','2018-10-09 16:53:02'),(176,NULL,'Trinidad and Tobago','2018-10-09 16:53:02','2018-10-09 16:53:02'),(177,NULL,'Tunisia','2018-10-09 16:53:02','2018-10-09 16:53:02'),(178,NULL,'Turkey','2018-10-09 16:53:02','2018-10-09 16:53:02'),(179,NULL,'Turkmenistan','2018-10-09 16:53:02','2018-10-09 16:53:02'),(180,NULL,'Tuvalu','2018-10-09 16:53:02','2018-10-09 16:53:02'),(181,NULL,'Uganda','2018-10-09 16:53:02','2018-10-09 16:53:02'),(182,NULL,'Ukraine','2018-10-09 16:53:02','2018-10-09 16:53:02'),(183,NULL,'United Arab Emirates','2018-10-09 16:53:02','2018-10-09 16:53:02'),(184,'Country','United Kingdom of Great Britain and Northern Ireland','2018-10-09 16:53:02','2018-10-09 16:53:02'),(185,NULL,'United Republic of Tanzania','2018-10-09 16:53:02','2018-10-09 16:53:02'),(186,'State','United States of America','2018-10-09 16:53:02','2018-10-09 16:53:02'),(187,NULL,'Uruguay','2018-10-09 16:53:06','2018-10-09 16:53:06'),(188,NULL,'Uzbekistan','2018-10-09 16:53:06','2018-10-09 16:53:06'),(189,NULL,'Vanuatu','2018-10-09 16:53:06','2018-10-09 16:53:06'),(190,NULL,'Venezuela','2018-10-09 16:53:06','2018-10-09 16:53:06'),(191,NULL,'Vietnam','2018-10-09 16:53:06','2018-10-09 16:53:06'),(192,NULL,'Yemen','2018-10-09 16:53:06','2018-10-09 16:53:06'),(193,NULL,'Zambia','2018-10-09 16:53:06','2018-10-09 16:53:06'),(194,NULL,'Zimbabwe','2018-10-09 16:53:06','2018-10-09 16:53:06'),(195,NULL,'American Samoa','2018-10-17 21:15:11','2018-10-17 21:15:11'),(196,NULL,'Anguilla','2018-10-17 21:15:11','2018-10-17 21:15:11'),(197,NULL,'Antarctica','2018-10-17 21:15:11','2018-10-17 21:15:11'),(198,NULL,'Armenia','2018-10-17 21:15:11','2018-10-17 21:15:11'),(199,NULL,'Aruba','2018-10-17 21:15:11','2018-10-17 21:15:11'),(200,NULL,'Bermuda','2018-10-17 21:15:11','2018-10-17 21:15:11'),(201,NULL,'Bouvet Island','2018-10-17 21:15:11','2018-10-17 21:15:11'),(202,NULL,'British Indian Ocean Territory','2018-10-17 21:15:11','2018-10-17 21:15:11'),(203,NULL,'Cape Verde','2018-10-17 21:15:11','2018-10-17 21:15:11'),(204,NULL,'Cayman Islands','2018-10-17 21:15:11','2018-10-17 21:15:11'),(205,NULL,'Christmas Island','2018-10-17 21:15:11','2018-10-17 21:15:11'),(206,NULL,'Cocos (keeling) Islands','2018-10-17 21:15:11','2018-10-17 21:15:11'),(207,NULL,'Congo, The Democratic Republic Of The','2018-10-17 21:15:11','2018-10-17 21:15:11'),(208,NULL,'Cook Islands','2018-10-17 21:15:11','2018-10-17 21:15:11'),(209,NULL,'East Timor','2018-10-17 21:15:11','2018-10-17 21:15:11'),(210,NULL,'Falkland Islands (Malvinas)','2018-10-17 21:15:11','2018-10-17 21:15:11'),(211,NULL,'Faroe Islands','2018-10-17 21:15:11','2018-10-17 21:15:11'),(212,NULL,'French Guiana','2018-10-17 21:15:11','2018-10-17 21:15:11'),(213,NULL,'French Polynesia','2018-10-17 21:15:11','2018-10-17 21:15:11'),(214,NULL,'French Southern Territories','2018-10-17 21:15:11','2018-10-17 21:15:11'),(215,NULL,'Gibraltar','2018-10-17 21:15:11','2018-10-17 21:15:11'),(216,NULL,'Greenland','2018-10-17 21:15:11','2018-10-17 21:15:11'),(217,NULL,'Guadeloupe','2018-10-17 21:15:11','2018-10-17 21:15:11'),(218,NULL,'Guam','2018-10-17 21:15:11','2018-10-17 21:15:11'),(219,NULL,'Heard Island And Mcdonald Islands','2018-10-17 21:15:11','2018-10-17 21:15:11'),(220,NULL,'Hong Kong','2018-10-17 21:15:11','2018-10-17 21:15:11'),(221,NULL,'Iran, Islamic Republic Of','2018-10-17 21:15:11','2018-10-17 21:15:11'),(222,NULL,'Kosovo','2018-10-17 21:15:11','2018-10-17 21:15:11'),(223,NULL,'Libyan Arab Jamahiriya','2018-10-17 21:15:11','2018-10-17 21:15:11'),(224,NULL,'Macau','2018-10-17 21:15:11','2018-10-17 21:15:11'),(225,NULL,'Macedonia, The Former Yugoslav Republic Of','2018-10-17 21:15:11','2018-10-17 21:15:11'),(226,NULL,'Martinique','2018-10-17 21:15:11','2018-10-17 21:15:11'),(227,NULL,'Mayotte','2018-10-17 21:15:11','2018-10-17 21:15:11'),(228,NULL,'Moldova, Republic Of','2018-10-17 21:15:11','2018-10-17 21:15:11'),(229,NULL,'Montserrat','2018-10-17 21:15:11','2018-10-17 21:15:11'),(230,NULL,'Netherlands Antilles','2018-10-17 21:15:11','2018-10-17 21:15:11'),(231,NULL,'New Caledonia','2018-10-17 21:15:11','2018-10-17 21:15:11'),(232,NULL,'Niue','2018-10-17 21:15:11','2018-10-17 21:15:11'),(233,NULL,'Norfolk Island','2018-10-17 21:15:11','2018-10-17 21:15:11'),(234,NULL,'Northern Mariana Islands','2018-10-17 21:15:11','2018-10-17 21:15:11'),(235,NULL,'Pitcairn','2018-10-17 21:15:11','2018-10-17 21:15:11'),(236,NULL,'Puerto Rico','2018-10-17 21:15:11','2018-10-17 21:15:11'),(237,NULL,'Reunion','2018-10-17 21:15:11','2018-10-17 21:15:11'),(238,NULL,'Saint Helena','2018-10-17 21:15:11','2018-10-17 21:15:11'),(239,NULL,'Saint Pierre And Miquelon','2018-10-17 21:15:11','2018-10-17 21:15:11'),(240,NULL,'Scotland','2018-10-17 21:15:11','2018-10-17 21:15:11'),(241,NULL,'South Georgia And The South Sandwich Islands','2018-10-17 21:15:11','2018-10-17 21:15:11'),(242,NULL,'Svalbard And Jan Mayen','2018-10-17 21:15:11','2018-10-17 21:15:11'),(243,NULL,'Taiwan','2018-10-17 21:15:11','2018-10-17 21:15:11'),(244,NULL,'Tanzania, United Republic Of','2018-10-17 21:15:11','2018-10-17 21:15:11'),(245,NULL,'Tokelau','2018-10-17 21:15:11','2018-10-17 21:15:11'),(246,NULL,'Turks And Caicos Islands','2018-10-17 21:15:11','2018-10-17 21:15:11'),(247,NULL,'United States Minor Outlying Islands','2018-10-17 21:15:11','2018-10-17 21:15:11'),(248,NULL,'Virgin Islands, British','2018-10-17 21:15:11','2018-10-17 21:15:11'),(249,NULL,'Virgin Islands, U.S.','2018-10-17 21:15:11','2018-10-17 21:15:11'),(250,NULL,'Wallis And Futuna','2018-10-17 21:15:11','2018-10-17 21:15:11'),(251,NULL,'Western Sahara','2018-10-17 21:15:11','2018-10-17 21:15:11');
/*!40000 ALTER TABLE `countries` ENABLE KEYS */;
UNLOCK TABLES;

--
-- Table structure for table `csv_uploaded_files`
--

DROP TABLE IF EXISTS `csv_uploaded_files`;
/*!40101 SET @saved_cs_client     = @@character_set_client */;
/*!40101 SET character_set_client = utf8 */;
CREATE TABLE `csv_uploaded_files` (
  `id` bigint(20) unsigned NOT NULL AUTO_INCREMENT,
  `user_id` bigint(20) unsigned NOT NULL,
  `processing` tinyint(1) NOT NULL DEFAULT '0',
  `category` varchar(191) COLLATE utf8mb4_unicode_ci NOT NULL,
  `filename` varchar(191) COLLATE utf8mb4_unicode_ci NOT NULL,
  `header_columns` text COLLATE utf8mb4_unicode_ci NOT NULL,
  `header_columns_with_samples` text COLLATE utf8mb4_unicode_ci,
  `records_found` bigint(20) NOT NULL DEFAULT '0',
  `columns_selected` text COLLATE utf8mb4_unicode_ci,
  `validation_summary` text COLLATE utf8mb4_unicode_ci,
  `created_at` timestamp NULL DEFAULT NULL,
  `updated_at` timestamp NULL DEFAULT NULL,
  PRIMARY KEY (`id`),
  KEY `csv_uploaded_files_user_id_foreign` (`user_id`),
  CONSTRAINT `csv_uploaded_files_user_id_foreign` FOREIGN KEY (`user_id`) REFERENCES `users` (`id`) ON DELETE CASCADE
) ENGINE=InnoDB DEFAULT CHARSET=utf8mb4 COLLATE=utf8mb4_unicode_ci;
/*!40101 SET character_set_client = @saved_cs_client */;

--
-- Dumping data for table `csv_uploaded_files`
--

LOCK TABLES `csv_uploaded_files` WRITE;
/*!40000 ALTER TABLE `csv_uploaded_files` DISABLE KEYS */;
/*!40000 ALTER TABLE `csv_uploaded_files` ENABLE KEYS */;
UNLOCK TABLES;

--
-- Table structure for table `csv_uploaded_rows`
--

DROP TABLE IF EXISTS `csv_uploaded_rows`;
/*!40101 SET @saved_cs_client     = @@character_set_client */;
/*!40101 SET character_set_client = utf8 */;
CREATE TABLE `csv_uploaded_rows` (
  `id` bigint(20) unsigned NOT NULL AUTO_INCREMENT,
  `file_id` bigint(20) unsigned NOT NULL,
  `cancelled` tinyint(1) NOT NULL DEFAULT '0',
  `migrated` tinyint(1) NOT NULL DEFAULT '0',
  `migrated_to_user_id` bigint(20) unsigned DEFAULT NULL,
  `album_id` bigint(20) unsigned DEFAULT NULL,
  `photo_id` bigint(20) unsigned DEFAULT NULL,
  `row_data` text COLLATE utf8mb4_unicode_ci NOT NULL,
  `validation_report` text COLLATE utf8mb4_unicode_ci,
  `created_at` timestamp NULL DEFAULT NULL,
  `updated_at` timestamp NULL DEFAULT NULL,
  PRIMARY KEY (`id`),
  KEY `csv_uploaded_rows_file_id_foreign` (`file_id`),
  CONSTRAINT `csv_uploaded_rows_file_id_foreign` FOREIGN KEY (`file_id`) REFERENCES `csv_uploaded_files` (`id`) ON DELETE CASCADE
) ENGINE=InnoDB DEFAULT CHARSET=utf8mb4 COLLATE=utf8mb4_unicode_ci;
/*!40101 SET character_set_client = @saved_cs_client */;

--
-- Dumping data for table `csv_uploaded_rows`
--

LOCK TABLES `csv_uploaded_rows` WRITE;
/*!40000 ALTER TABLE `csv_uploaded_rows` DISABLE KEYS */;
/*!40000 ALTER TABLE `csv_uploaded_rows` ENABLE KEYS */;
UNLOCK TABLES;

--
-- Table structure for table `exif_items`
--

DROP TABLE IF EXISTS `exif_items`;
/*!40101 SET @saved_cs_client     = @@character_set_client */;
/*!40101 SET character_set_client = utf8 */;
CREATE TABLE `exif_items` (
  `id` bigint(20) unsigned NOT NULL AUTO_INCREMENT,
  `parent_id` bigint(20) unsigned DEFAULT NULL,
  `type` varchar(191) COLLATE utf8mb4_unicode_ci NOT NULL,
  `group_name` varchar(191) COLLATE utf8mb4_unicode_ci DEFAULT NULL,
  `name` varchar(191) COLLATE utf8mb4_unicode_ci NOT NULL,
  `icon` varchar(191) COLLATE utf8mb4_unicode_ci DEFAULT NULL,
  `created_at` timestamp NULL DEFAULT NULL,
  `updated_at` timestamp NULL DEFAULT NULL,
  PRIMARY KEY (`id`),
  KEY `exif_items_parent_id_foreign` (`parent_id`),
  CONSTRAINT `exif_items_parent_id_foreign` FOREIGN KEY (`parent_id`) REFERENCES `exif_items` (`id`) ON DELETE CASCADE
) ENGINE=InnoDB AUTO_INCREMENT=301 DEFAULT CHARSET=utf8mb4 COLLATE=utf8mb4_unicode_ci;
/*!40101 SET character_set_client = @saved_cs_client */;

--
-- Dumping data for table `exif_items`
--

LOCK TABLES `exif_items` WRITE;
/*!40000 ALTER TABLE `exif_items` DISABLE KEYS */;
INSERT INTO `exif_items` VALUES (1,NULL,'group','about_photo_questions','Shooting and Processing',NULL,'2018-10-09 16:52:58','2018-10-09 16:52:58'),(2,1,'boolean','shoot_and_proc','Used External Flash',NULL,'2018-10-09 16:52:58','2018-10-09 16:52:58'),(3,1,'boolean','shoot_and_proc','1\" Shutter and Longer',NULL,'2018-10-09 16:52:58','2018-10-09 16:52:58'),(4,1,'boolean','shoot_and_proc','f1.8 Aperture and Wider',NULL,'2018-10-09 16:52:58','2018-10-09 16:52:58'),(5,1,'boolean','shoot_and_proc','Composite Edit',NULL,'2018-10-09 16:52:58','2018-10-09 16:52:58'),(6,1,'boolean','shoot_and_proc','HDR',NULL,'2018-10-09 16:52:58','2018-10-09 16:52:58'),(7,1,'boolean','shoot_and_proc','Shot with a Phone',NULL,'2018-10-09 16:52:58','2018-10-09 16:52:58'),(8,1,'boolean','shoot_and_proc','Black & White',NULL,'2018-10-09 16:52:58','2018-10-09 16:52:58'),(9,NULL,'group','about_photo_questions','Subject Matter',NULL,'2018-10-09 16:52:58','2018-10-09 16:52:58'),(10,9,'boolean','subject_matter','Architecture',NULL,'2018-10-09 16:52:58','2018-10-09 16:52:58'),(11,9,'boolean','subject_matter','Fine Art',NULL,'2018-10-09 16:52:58','2018-10-09 16:52:58'),(12,9,'boolean','subject_matter','Street Photography',NULL,'2018-10-09 16:52:58','2018-10-09 16:52:58'),(13,9,'boolean','subject_matter','Travel',NULL,'2018-10-09 16:52:58','2018-10-09 16:52:58'),(14,9,'boolean','subject_matter','Action',NULL,'2018-10-09 16:52:58','2018-10-09 16:52:58'),(15,9,'boolean','subject_matter','Humor',NULL,'2018-10-09 16:52:58','2018-10-09 16:52:58'),(16,9,'boolean','subject_matter','Nature',NULL,'2018-10-09 16:52:58','2018-10-09 16:52:58'),(17,9,'boolean','subject_matter','Macro',NULL,'2018-10-09 16:52:58','2018-10-09 16:52:58'),(18,9,'boolean','subject_matter','Abstract',NULL,'2018-10-09 16:52:58','2018-10-09 16:52:58'),(19,9,'boolean','subject_matter','Portrait/Self-Portrait',NULL,'2018-10-09 16:52:58','2018-10-09 16:52:58'),(20,9,'boolean','subject_matter','Landscape',NULL,'2018-10-09 16:52:58','2018-10-09 16:52:58'),(21,9,'boolean','subject_matter','Still Life',NULL,'2018-10-09 16:52:58','2018-10-09 16:52:58'),(22,NULL,'array','camera_settings_questions','Shutter Speed (Choose the closest option)',NULL,'2018-10-09 16:52:58','2018-10-09 16:52:58'),(23,22,'item','shutter','1/2000th of a second or faster',NULL,'2018-10-09 16:52:58','2018-10-09 16:52:58'),(24,22,'item','shutter','1/500th of a second',NULL,'2018-10-09 16:52:58','2018-10-09 16:52:58'),(25,22,'item','shutter','1/250th of a second',NULL,'2018-10-09 16:52:58','2018-10-09 16:52:58'),(26,22,'item','shutter','1/125th of a second',NULL,'2018-10-09 16:52:58','2018-10-09 16:52:58'),(27,22,'item','shutter','1/60th of a second',NULL,'2018-10-09 16:52:58','2018-10-09 16:52:58'),(28,22,'item','shutter','1/30th of a second',NULL,'2018-10-09 16:52:58','2018-10-09 16:52:58'),(29,22,'item','shutter','1/15th of a second',NULL,'2018-10-09 16:52:58','2018-10-09 16:52:58'),(30,22,'item','shutter','1/8th of a second',NULL,'2018-10-09 16:52:58','2018-10-09 16:52:58'),(31,22,'item','shutter','1/4th of a second',NULL,'2018-10-09 16:52:58','2018-10-09 16:52:58'),(32,22,'item','shutter','1/2nd of a second',NULL,'2018-10-09 16:52:58','2018-10-09 16:52:58'),(33,22,'item','shutter','1 second or slower',NULL,'2018-10-09 16:52:58','2018-10-09 16:52:58'),(34,NULL,'array','camera_settings_questions','Aperture (Choose the closest option)',NULL,'2018-10-09 16:52:58','2018-10-09 16:52:58'),(35,34,'item','aperture','f/1.4',NULL,'2018-10-09 16:52:58','2018-10-09 16:52:58'),(36,34,'item','aperture','f/1.8',NULL,'2018-10-09 16:52:58','2018-10-09 16:52:58'),(37,34,'item','aperture','f/2.8',NULL,'2018-10-09 16:52:58','2018-10-09 16:52:58'),(38,34,'item','aperture','f/3.5',NULL,'2018-10-09 16:52:58','2018-10-09 16:52:58'),(39,34,'item','aperture','f/4',NULL,'2018-10-09 16:52:58','2018-10-09 16:52:58'),(40,34,'item','aperture','f/5.6',NULL,'2018-10-09 16:52:58','2018-10-09 16:52:58'),(41,34,'item','aperture','f/8',NULL,'2018-10-09 16:52:58','2018-10-09 16:52:58'),(42,34,'item','aperture','f/11',NULL,'2018-10-09 16:52:58','2018-10-09 16:52:58'),(43,34,'item','aperture','f/16',NULL,'2018-10-09 16:52:58','2018-10-09 16:52:58'),(44,34,'item','aperture','f/22 and higher',NULL,'2018-10-09 16:52:58','2018-10-09 16:52:58'),(45,NULL,'array','camera_settings_questions','ISO (Choose the closest option)',NULL,'2018-10-09 16:52:58','2018-10-09 16:52:58'),(46,45,'item','iso','100 and below',NULL,'2018-10-09 16:52:58','2018-10-09 16:52:58'),(47,45,'item','iso','200',NULL,'2018-10-09 16:52:58','2018-10-09 16:52:58'),(48,45,'item','iso','400',NULL,'2018-10-09 16:52:58','2018-10-09 16:52:58'),(49,45,'item','iso','800',NULL,'2018-10-09 16:52:58','2018-10-09 16:52:58'),(50,45,'item','iso','1600',NULL,'2018-10-09 16:52:58','2018-10-09 16:52:58'),(51,45,'item','iso','3200 and above',NULL,'2018-10-09 16:52:58','2018-10-09 16:52:58'),(52,NULL,'text','camera_settings_questions','Focal Length',NULL,'2018-10-09 16:52:58','2018-10-09 16:52:58'),(53,NULL,'text','camera_settings_questions','Camera Manufacturer',NULL,'2018-10-09 16:52:58','2018-10-09 16:52:58'),(54,NULL,'text','camera_settings_questions','Camera Model',NULL,'2018-10-09 16:52:58','2018-10-09 16:52:58'),(55,NULL,'array','camera_settings_questions','Lens',NULL,'2018-10-09 16:52:58','2018-10-09 16:52:58'),(56,55,'item','lens','Apple Lensbaby',NULL,'2018-10-09 16:52:58','2018-10-09 16:52:58'),(57,55,'item','lens','Canon 10-18mm f/4.5-5.6 IS STM',NULL,'2018-10-09 16:52:58','2018-10-09 16:52:58'),(58,55,'item','lens','Canon 10-22mm f/3.5-4.5 USM',NULL,'2018-10-09 16:52:58','2018-10-09 16:52:58'),(59,55,'item','lens','Canon 11-16mm',NULL,'2018-10-09 16:52:58','2018-10-09 16:52:58'),(60,55,'item','lens','Canon 135mm f/2',NULL,'2018-10-09 16:52:58','2018-10-09 16:52:58'),(61,55,'item','lens','Canon 14mm f/2.8',NULL,'2018-10-09 16:52:58','2018-10-09 16:52:58'),(62,55,'item','lens','Canon 15mm f/2.8',NULL,'2018-10-09 16:52:58','2018-10-09 16:52:58'),(63,55,'item','lens','Canon 16-35mm f/2.8L',NULL,'2018-10-09 16:52:58','2018-10-09 16:52:58'),(64,55,'item','lens','Canon 16-35mm f/4L',NULL,'2018-10-09 16:52:58','2018-10-09 16:52:58'),(65,55,'item','lens','Canon 17-40mm f/4 L',NULL,'2018-10-09 16:52:58','2018-10-09 16:52:58'),(66,55,'item','lens','Canon 17-55mm f/2.8',NULL,'2018-10-09 16:52:58','2018-10-09 16:52:58'),(67,55,'item','lens','Canon 17-85mm f4-5.6 IS USM',NULL,'2018-10-09 16:52:58','2018-10-09 16:52:58'),(68,55,'item','lens','Canon 18-55mm f/3.5-5.6',NULL,'2018-10-09 16:52:58','2018-10-09 16:52:58'),(69,55,'item','lens','Canon 18-135mm f/3.5-5.6 IS',NULL,'2018-10-09 16:52:58','2018-10-09 16:52:58'),(70,55,'item','lens','Canon 18-200mm f/3.5-5.6 IS',NULL,'2018-10-09 16:52:58','2018-10-09 16:52:58'),(71,55,'item','lens','Canon EF-M 18-55mm',NULL,'2018-10-09 16:52:58','2018-10-09 16:52:58'),(72,55,'item','lens','Canon EF 28-300mm 6L IS USM',NULL,'2018-10-09 16:52:58','2018-10-09 16:52:58'),(73,55,'item','lens','Canon EF24-105 f/4L IS USM',NULL,'2018-10-09 16:52:58','2018-10-09 16:52:58'),(74,55,'item','lens','Canon 24-105mm f/3.5-5.6 IS STM',NULL,'2018-10-09 16:52:58','2018-10-09 16:52:58'),(75,55,'item','lens','Canon 24-70mm f/2.8',NULL,'2018-10-09 16:52:58','2018-10-09 16:52:58'),(76,55,'item','lens','Canon 24-70mm f/4 IS USM',NULL,'2018-10-09 16:52:58','2018-10-09 16:52:58'),(77,55,'item','lens','Canon 24-105mm f/4.0L IS USM',NULL,'2018-10-09 16:52:58','2018-10-09 16:52:58'),(78,55,'item','lens','Canon 24mm EF-S f/2.8 STM',NULL,'2018-10-09 16:52:58','2018-10-09 16:52:58'),(79,55,'item','lens','Canon 24mm f/1.4L',NULL,'2018-10-09 16:52:58','2018-10-09 16:52:58'),(80,55,'item','lens','Canon 24mm f/2.8',NULL,'2018-10-09 16:52:58','2018-10-09 16:52:58'),(81,55,'item','lens','Canon 300mm 2.8 L IS USM',NULL,'2018-10-09 16:52:58','2018-10-09 16:52:58'),(82,55,'item','lens','Canon 35-105mm',NULL,'2018-10-09 16:52:58','2018-10-09 16:52:58'),(83,55,'item','lens','Canon 35mm f/1.4',NULL,'2018-10-09 16:52:58','2018-10-09 16:52:58'),(84,55,'item','lens','Canon 35mm f/2',NULL,'2018-10-09 16:52:58','2018-10-09 16:52:58'),(85,55,'item','lens','Canon 400mm Prime',NULL,'2018-10-09 16:52:58','2018-10-09 16:52:58'),(86,55,'item','lens','Canon 40mm f/2.8',NULL,'2018-10-09 16:52:58','2018-10-09 16:52:58'),(87,55,'item','lens','Canon 50mm f/1.2',NULL,'2018-10-09 16:52:58','2018-10-09 16:52:58'),(88,55,'item','lens','Canon 50mm f/1.4',NULL,'2018-10-09 16:52:58','2018-10-09 16:52:58'),(89,55,'item','lens','Canon 50mm f/1.8',NULL,'2018-10-09 16:52:58','2018-10-09 16:52:58'),(90,55,'item','lens','Canon 50mm f/2.5 Compact Macro',NULL,'2018-10-09 16:52:58','2018-10-09 16:52:58'),(91,55,'item','lens','Canon 55-200mm f/4.5-5.6',NULL,'2018-10-09 16:52:58','2018-10-09 16:52:58'),(92,55,'item','lens','Canon 55-250mm f/4-5.6 IS',NULL,'2018-10-09 16:52:58','2018-10-09 16:52:58'),(93,55,'item','lens','Canon 60mm f/2.8 Macro',NULL,'2018-10-09 16:52:58','2018-10-09 16:52:58'),(94,55,'item','lens','Canon 70-200mm f/2.8L IS USM',NULL,'2018-10-09 16:52:58','2018-10-09 16:52:58'),(95,55,'item','lens','Canon 70-200mm f/2.8L USM',NULL,'2018-10-09 16:52:58','2018-10-09 16:52:58'),(96,55,'item','lens','Canon 70-200mm f/4L IS USM',NULL,'2018-10-09 16:52:58','2018-10-09 16:52:58'),(97,55,'item','lens','Canon 70-200mm f/4L USM',NULL,'2018-10-09 16:52:58','2018-10-09 16:52:58'),(98,55,'item','lens','Canon 70-300 f/4-5.6L IS USM',NULL,'2018-10-09 16:52:58','2018-10-09 16:52:58'),(99,55,'item','lens','Canon 75-300mm f/4-5.6 L',NULL,'2018-10-09 16:52:58','2018-10-09 16:52:58'),(100,55,'item','lens','Canon 80-200mm',NULL,'2018-10-09 16:52:58','2018-10-09 16:52:58'),(101,55,'item','lens','Canon 85mm f/1.2L USM',NULL,'2018-10-09 16:52:58','2018-10-09 16:52:58'),(102,55,'item','lens','Canon 85mm f/1.8 USM',NULL,'2018-10-09 16:52:58','2018-10-09 16:52:58'),(103,55,'item','lens','Canon 100mm f/2.8 Macro USM',NULL,'2018-10-09 16:52:58','2018-10-09 16:52:58'),(104,55,'item','lens','Canon 100mm f/2.8L Macro IS USM',NULL,'2018-10-09 16:52:58','2018-10-09 16:52:58'),(105,55,'item','lens','Canon EF 100-400mm f/4.5-5.6 L IS USM',NULL,'2018-10-09 16:52:58','2018-10-09 16:52:58'),(106,55,'item','lens','Canon Lensbaby Velvet 56',NULL,'2018-10-09 16:52:58','2018-10-09 16:52:58'),(107,55,'item','lens','Canon Petzval 85 Art',NULL,'2018-10-09 16:52:58','2018-10-09 16:52:58'),(108,55,'item','lens','Canon Vintage Vivitar 28-85mm Macro',NULL,'2018-10-09 16:52:58','2018-10-09 16:52:58'),(109,55,'item','lens','Fixed / Non interchangable / Cell Phone',NULL,'2018-10-09 16:52:58','2018-10-09 16:52:58'),(110,55,'item','lens','Fujifilm 10-24mm f/4',NULL,'2018-10-09 16:52:58','2018-10-09 16:52:58'),(111,55,'item','lens','Fujifilm 12mm Rokinon',NULL,'2018-10-09 16:52:58','2018-10-09 16:52:58'),(112,55,'item','lens','Fujifilm 16-55 f/2.8',NULL,'2018-10-09 16:52:58','2018-10-09 16:52:58'),(113,55,'item','lens','Fujifilm 16mm f/1.4',NULL,'2018-10-09 16:52:58','2018-10-09 16:52:58'),(114,55,'item','lens','Fujifilm 18-135mm',NULL,'2018-10-09 16:52:58','2018-10-09 16:52:58'),(115,55,'item','lens','Fujifilm 18-55mm f/2.8-4',NULL,'2018-10-09 16:52:58','2018-10-09 16:52:58'),(116,55,'item','lens','Fujifilm 23mm f/1.4',NULL,'2018-10-09 16:52:58','2018-10-09 16:52:58'),(117,55,'item','lens','Fujifilm 35mm  f/1.4',NULL,'2018-10-09 16:52:59','2018-10-09 16:52:59'),(118,55,'item','lens','Fujifilm 35mm f/2',NULL,'2018-10-09 16:52:59','2018-10-09 16:52:59'),(119,55,'item','lens','Fujifilm 56mm f/1.2',NULL,'2018-10-09 16:52:59','2018-10-09 16:52:59'),(120,55,'item','lens','Fujifilm 90mm f/2',NULL,'2018-10-09 16:52:59','2018-10-09 16:52:59'),(121,55,'item','lens','Fujifilm Rokinon 8mm Fisheye',NULL,'2018-10-09 16:52:59','2018-10-09 16:52:59'),(122,55,'item','lens','Fujifilm Soligor 75-205 f3.8',NULL,'2018-10-09 16:52:59','2018-10-09 16:52:59'),(123,55,'item','lens','Fujifilm XF 18mm-135mm',NULL,'2018-10-09 16:52:59','2018-10-09 16:52:59'),(124,55,'item','lens','Jupiter-9 85mm f/2',NULL,'2018-10-09 16:52:59','2018-10-09 16:52:59'),(125,55,'item','lens','Leica Elmarit-M 21mm',NULL,'2018-10-09 16:52:59','2018-10-09 16:52:59'),(126,55,'item','lens','Leica Vario-summilux',NULL,'2018-10-09 16:52:59','2018-10-09 16:52:59'),(127,55,'item','lens','Lensbaby 56 Velvet',NULL,'2018-10-09 16:52:59','2018-10-09 16:52:59'),(128,55,'item','lens','Lumix G20/F1.7 II',NULL,'2018-10-09 16:52:59','2018-10-09 16:52:59'),(129,55,'item','lens','Minolta 50mm f/1.7',NULL,'2018-10-09 16:52:59','2018-10-09 16:52:59'),(130,55,'item','lens','Nikon 10-24mm f/3.5-4.5G ED DX',NULL,'2018-10-09 16:52:59','2018-10-09 16:52:59'),(131,55,'item','lens','Nikon 105mm f/2.8',NULL,'2018-10-09 16:52:59','2018-10-09 16:52:59'),(132,55,'item','lens','Nikon 14-24mm f/2.8G ED',NULL,'2018-10-09 16:52:59','2018-10-09 16:52:59'),(133,55,'item','lens','Nikon 16 mm f/2.8 (fisheye)',NULL,'2018-10-09 16:52:59','2018-10-09 16:52:59'),(134,55,'item','lens','Nikon 16-300 mm f/3.5-6.3',NULL,'2018-10-09 16:52:59','2018-10-09 16:52:59'),(135,55,'item','lens','Nikon 16-35mm f/1.4',NULL,'2018-10-09 16:52:59','2018-10-09 16:52:59'),(136,55,'item','lens','Nikon 17-55mm f/2.8',NULL,'2018-10-09 16:52:59','2018-10-09 16:52:59'),(137,55,'item','lens','Nikon 18-105mm f/3.5-5.6',NULL,'2018-10-09 16:52:59','2018-10-09 16:52:59'),(138,55,'item','lens','Nikon 18-140mm f/3.5',NULL,'2018-10-09 16:52:59','2018-10-09 16:52:59'),(139,55,'item','lens','Nikon 18-200 f/3.5-5.6',NULL,'2018-10-09 16:52:59','2018-10-09 16:52:59'),(140,55,'item','lens','Nikon 18-300mm',NULL,'2018-10-09 16:52:59','2018-10-09 16:52:59'),(141,55,'item','lens','Nikon 18-35 f/1.8 Sigma Art',NULL,'2018-10-09 16:52:59','2018-10-09 16:52:59'),(142,55,'item','lens','Nikon 18-55mm f/3.5-5.6',NULL,'2018-10-09 16:52:59','2018-10-09 16:52:59'),(143,55,'item','lens','Nikon 18-70mm',NULL,'2018-10-09 16:52:59','2018-10-09 16:52:59'),(144,55,'item','lens','Nikon 20-300mm f/3.5',NULL,'2018-10-09 16:52:59','2018-10-09 16:52:59'),(145,55,'item','lens','Nikon 24-120mm f/4',NULL,'2018-10-09 16:52:59','2018-10-09 16:52:59'),(146,55,'item','lens','Nikon 24-70mm f/2.8',NULL,'2018-10-09 16:52:59','2018-10-09 16:52:59'),(147,55,'item','lens','Nikon 24-85mm f/3.5-4.5',NULL,'2018-10-09 16:52:59','2018-10-09 16:52:59'),(148,55,'item','lens','Nikon 24mm f/1.8',NULL,'2018-10-09 16:52:59','2018-10-09 16:52:59'),(149,55,'item','lens','Nikon 28-300mm f/3.5-5.6',NULL,'2018-10-09 16:52:59','2018-10-09 16:52:59'),(150,55,'item','lens','Nikon 300mm f/4',NULL,'2018-10-09 16:52:59','2018-10-09 16:52:59'),(151,55,'item','lens','Nikon 35mm f/1.4',NULL,'2018-10-09 16:52:59','2018-10-09 16:52:59'),(152,55,'item','lens','Nikon 35mm f/1.8',NULL,'2018-10-09 16:52:59','2018-10-09 16:52:59'),(153,55,'item','lens','Nikon 35mm f/1.8G',NULL,'2018-10-09 16:52:59','2018-10-09 16:52:59'),(154,55,'item','lens','Nikon 40mm f/2.8',NULL,'2018-10-09 16:52:59','2018-10-09 16:52:59'),(155,55,'item','lens','Nikon 5.1-25.5mm, f/1.8-5.6',NULL,'2018-10-09 16:52:59','2018-10-09 16:52:59'),(156,55,'item','lens','Nikon 50mm 1.4',NULL,'2018-10-09 16:52:59','2018-10-09 16:52:59'),(157,55,'item','lens','Nikon 50mm f/1.4g',NULL,'2018-10-09 16:52:59','2018-10-09 16:52:59'),(158,55,'item','lens','Nikon 50mm f/1.8d',NULL,'2018-10-09 16:52:59','2018-10-09 16:52:59'),(159,55,'item','lens','Nikon 50mm f/1.8g',NULL,'2018-10-09 16:52:59','2018-10-09 16:52:59'),(160,55,'item','lens','Nikon 55-200mm f/4-5.6G ED VR II',NULL,'2018-10-09 16:52:59','2018-10-09 16:52:59'),(161,55,'item','lens','Nikon 55-300mm f4.5-5.6 DX',NULL,'2018-10-09 16:52:59','2018-10-09 16:52:59'),(162,55,'item','lens','Nikon 60mm f/2.8 Macro',NULL,'2018-10-09 16:52:59','2018-10-09 16:52:59'),(163,55,'item','lens','Nikon 70-200mm',NULL,'2018-10-09 16:52:59','2018-10-09 16:52:59'),(164,55,'item','lens','Nikon 70-300mm',NULL,'2018-10-09 16:52:59','2018-10-09 16:52:59'),(165,55,'item','lens','Nikon 80-200mm f/2.8',NULL,'2018-10-09 16:52:59','2018-10-09 16:52:59'),(166,55,'item','lens','Nikon 85mm f/1.4d',NULL,'2018-10-09 16:52:59','2018-10-09 16:52:59'),(167,55,'item','lens','Nikon 85mm f/1.4g',NULL,'2018-10-09 16:52:59','2018-10-09 16:52:59'),(168,55,'item','lens','Nikon 85mm f/1.8d',NULL,'2018-10-09 16:52:59','2018-10-09 16:52:59'),(169,55,'item','lens','Nikon 85mm f/1.8g',NULL,'2018-10-09 16:52:59','2018-10-09 16:52:59'),(170,55,'item','lens','Nikon 85mm f/3.5',NULL,'2018-10-09 16:52:59','2018-10-09 16:52:59'),(171,55,'item','lens','Nikon Micro 60mm f/2.8',NULL,'2018-10-09 16:52:59','2018-10-09 16:52:59'),(172,55,'item','lens','Nikon18.0-55.0mm',NULL,'2018-10-09 16:52:59','2018-10-09 16:52:59'),(173,55,'item','lens','Olympus 12-40 Pro',NULL,'2018-10-09 16:52:59','2018-10-09 16:52:59'),(174,55,'item','lens','Olympus 12-40mm',NULL,'2018-10-09 16:52:59','2018-10-09 16:52:59'),(175,55,'item','lens','Olympus 14-42mm',NULL,'2018-10-09 16:52:59','2018-10-09 16:52:59'),(176,55,'item','lens','Olympus 25mm',NULL,'2018-10-09 16:52:59','2018-10-09 16:52:59'),(177,55,'item','lens','Olympus 40-150mm',NULL,'2018-10-09 16:52:59','2018-10-09 16:52:59'),(178,55,'item','lens','Olympus 45mm f/1.8',NULL,'2018-10-09 16:52:59','2018-10-09 16:52:59'),(179,55,'item','lens','Olympus 50-200mm',NULL,'2018-10-09 16:52:59','2018-10-09 16:52:59'),(180,55,'item','lens','Olympus Lumix G20/ f/1.7 II',NULL,'2018-10-09 16:52:59','2018-10-09 16:52:59'),(181,55,'item','lens','Olympus M.75-300mm F4.8-6.7 ||',NULL,'2018-10-09 16:52:59','2018-10-09 16:52:59'),(182,55,'item','lens','Olympus Zuiko 12mm f2',NULL,'2018-10-09 16:52:59','2018-10-09 16:52:59'),(183,55,'item','lens','Olympus Zuiko 17mm f/1.8',NULL,'2018-10-09 16:52:59','2018-10-09 16:52:59'),(184,55,'item','lens','Olympus Zuiko 45mm f/1.8',NULL,'2018-10-09 16:52:59','2018-10-09 16:52:59'),(185,55,'item','lens','Panasonic Leica DC-Vario-Summilux',NULL,'2018-10-09 16:52:59','2018-10-09 16:52:59'),(186,55,'item','lens','Panasonic Leica DG SUMMILUX 25mm ASPH f1.4',NULL,'2018-10-09 16:52:59','2018-10-09 16:52:59'),(187,55,'item','lens','Panasonic LUMIX G 20/F1.7',NULL,'2018-10-09 16:52:59','2018-10-09 16:52:59'),(188,55,'item','lens','Panasonic Lumix G Vario 14-140mm ASPH HD f3.5-5.6',NULL,'2018-10-09 16:52:59','2018-10-09 16:52:59'),(189,55,'item','lens','Panasonic Lumix G Vario 14-42',NULL,'2018-10-09 16:52:59','2018-10-09 16:52:59'),(190,55,'item','lens','Panasonic Lumix G Vario 14-42mm f3.5-f5.6',NULL,'2018-10-09 16:52:59','2018-10-09 16:52:59'),(191,55,'item','lens','Panasonic Lumix G Vario 45-200mm f4.0-f5.6',NULL,'2018-10-09 16:52:59','2018-10-09 16:52:59'),(192,55,'item','lens','Panasonic Lumix G Vario 7-14mm f4.0',NULL,'2018-10-09 16:52:59','2018-10-09 16:52:59'),(193,55,'item','lens','Panasonic Olympus 40-150mm',NULL,'2018-10-09 16:52:59','2018-10-09 16:52:59'),(194,55,'item','lens','Pentax 18-55mm',NULL,'2018-10-09 16:52:59','2018-10-09 16:52:59'),(195,55,'item','lens','Pentax 43mm',NULL,'2018-10-09 16:52:59','2018-10-09 16:52:59'),(196,55,'item','lens','Pentax DA 18-255mm',NULL,'2018-10-09 16:52:59','2018-10-09 16:52:59'),(197,55,'item','lens','Pentax da 50-200mm',NULL,'2018-10-09 16:52:59','2018-10-09 16:52:59'),(198,55,'item','lens','Petzval 85 Art',NULL,'2018-10-09 16:52:59','2018-10-09 16:52:59'),(199,55,'item','lens','Quantaray 18-200mm f/3.5-6.3',NULL,'2018-10-09 16:52:59','2018-10-09 16:52:59'),(200,55,'item','lens','Ricoh 28mm',NULL,'2018-10-09 16:52:59','2018-10-09 16:52:59'),(201,55,'item','lens','Rokinon 14mm f/2.8',NULL,'2018-10-09 16:52:59','2018-10-09 16:52:59'),(202,55,'item','lens','Rokinon 24mm f/1.4',NULL,'2018-10-09 16:52:59','2018-10-09 16:52:59'),(203,55,'item','lens','Rokinon 8mm fisheye',NULL,'2018-10-09 16:52:59','2018-10-09 16:52:59'),(204,55,'item','lens','Samyang 85mm f/1.4',NULL,'2018-10-09 16:52:59','2018-10-09 16:52:59'),(205,55,'item','lens','Sigma 10-20mm f 4-5.6 (Nikon)',NULL,'2018-10-09 16:52:59','2018-10-09 16:52:59'),(206,55,'item','lens','Sigma 105 f/2.8 Macro (Nikon)',NULL,'2018-10-09 16:52:59','2018-10-09 16:52:59'),(207,55,'item','lens','Sigma 105mm f/2.8',NULL,'2018-10-09 16:52:59','2018-10-09 16:52:59'),(208,55,'item','lens','Sigma 12-24mm (Nikon)',NULL,'2018-10-09 16:52:59','2018-10-09 16:52:59'),(209,55,'item','lens','Sigma 150-600mm',NULL,'2018-10-09 16:52:59','2018-10-09 16:52:59'),(210,55,'item','lens','Sigma 150mm f 2.8 Macro',NULL,'2018-10-09 16:52:59','2018-10-09 16:52:59'),(211,55,'item','lens','Sigma 17-50mm f/2.8 (Canon)',NULL,'2018-10-09 16:52:59','2018-10-09 16:52:59'),(212,55,'item','lens','Sigma 17-50mm f/2.8 (Nikon)',NULL,'2018-10-09 16:52:59','2018-10-09 16:52:59'),(213,55,'item','lens','Sigma 17-55mm 2.8 (Nikon)',NULL,'2018-10-09 16:52:59','2018-10-09 16:52:59'),(214,55,'item','lens','Sigma 17-70mm (Canon)',NULL,'2018-10-09 16:52:59','2018-10-09 16:52:59'),(215,55,'item','lens','Sigma 17-70mm f/2.8-4.0 (Nikon)',NULL,'2018-10-09 16:52:59','2018-10-09 16:52:59'),(216,55,'item','lens','Sigma 18-125mm (Nikon)',NULL,'2018-10-09 16:52:59','2018-10-09 16:52:59'),(217,55,'item','lens','Sigma 18-200mm f/3.5-6.3 (Nikon)',NULL,'2018-10-09 16:52:59','2018-10-09 16:52:59'),(218,55,'item','lens','Sigma 18-250mm (Nikon)',NULL,'2018-10-09 16:52:59','2018-10-09 16:52:59'),(219,55,'item','lens','Sigma 18-300mm  (Nikon)',NULL,'2018-10-09 16:52:59','2018-10-09 16:52:59'),(220,55,'item','lens','Sigma 18-300mm (Canon)',NULL,'2018-10-09 16:52:59','2018-10-09 16:52:59'),(221,55,'item','lens','Sigma 24-70mm (Canon)',NULL,'2018-10-09 16:52:59','2018-10-09 16:52:59'),(222,55,'item','lens','Sigma 24mm ART 1.4',NULL,'2018-10-09 16:52:59','2018-10-09 16:52:59'),(223,55,'item','lens','Sigma 28-70 f/2.8 (SONY)',NULL,'2018-10-09 16:52:59','2018-10-09 16:52:59'),(224,55,'item','lens','Sigma 30mm f/1.4 (Canon)',NULL,'2018-10-09 16:52:59','2018-10-09 16:52:59'),(225,55,'item','lens','Sigma 35mm f/1.4 Art (Canon)',NULL,'2018-10-09 16:52:59','2018-10-09 16:52:59'),(226,55,'item','lens','Sigma 35mm f/1.4 Art (Nikon)',NULL,'2018-10-09 16:52:59','2018-10-09 16:52:59'),(227,55,'item','lens','Sigma 50mm 1.4 (Canon)',NULL,'2018-10-09 16:52:59','2018-10-09 16:52:59'),(228,55,'item','lens','Sigma 70-300mm (Canon)',NULL,'2018-10-09 16:52:59','2018-10-09 16:52:59'),(229,55,'item','lens','Sigma 70-300mm f/4-5.6 (Canon)',NULL,'2018-10-09 16:52:59','2018-10-09 16:52:59'),(230,55,'item','lens','Sigma 70-300mm f/4.5-6 (Nikon)',NULL,'2018-10-09 16:52:59','2018-10-09 16:52:59'),(231,55,'item','lens','Sigma APO 150-500mm f/5-6.3 DG OS HSM',NULL,'2018-10-09 16:52:59','2018-10-09 16:52:59'),(232,55,'item','lens','Sigma art 18-35mm f/1.8 (Canon)',NULL,'2018-10-09 16:52:59','2018-10-09 16:52:59'),(233,55,'item','lens','Sigma art 18-35mm f/1.8 (Nikon)',NULL,'2018-10-09 16:52:59','2018-10-09 16:52:59'),(234,55,'item','lens','Sigma Art 24-105mm f/1.4 (Nikon)',NULL,'2018-10-09 16:52:59','2018-10-09 16:52:59'),(235,55,'item','lens','Sony 14mm 3.1 Samyang',NULL,'2018-10-09 16:52:59','2018-10-09 16:52:59'),(236,55,'item','lens','Sony 16-50mm',NULL,'2018-10-09 16:52:59','2018-10-09 16:52:59'),(237,55,'item','lens','Sony 18-200mm',NULL,'2018-10-09 16:52:59','2018-10-09 16:52:59'),(238,55,'item','lens','Sony 18-50mm',NULL,'2018-10-09 16:52:59','2018-10-09 16:52:59'),(239,55,'item','lens','Sony 18-55mm',NULL,'2018-10-09 16:52:59','2018-10-09 16:52:59'),(240,55,'item','lens','Sony 24-240mm',NULL,'2018-10-09 16:52:59','2018-10-09 16:52:59'),(241,55,'item','lens','Sony 24-70mm',NULL,'2018-10-09 16:52:59','2018-10-09 16:52:59'),(242,55,'item','lens','Sony 28-80mm f/3.5',NULL,'2018-10-09 16:52:59','2018-10-09 16:52:59'),(243,55,'item','lens','Sony 30mm f/3.5 Macro',NULL,'2018-10-09 16:52:59','2018-10-09 16:52:59'),(244,55,'item','lens','Sony 35 f/1.8',NULL,'2018-10-09 16:52:59','2018-10-09 16:52:59'),(245,55,'item','lens','Sony 50mm 1.4 Sigma',NULL,'2018-10-09 16:52:59','2018-10-09 16:52:59'),(246,55,'item','lens','Sony 50mm f/1.8',NULL,'2018-10-09 16:52:59','2018-10-09 16:52:59'),(247,55,'item','lens','Sony 55-210mm',NULL,'2018-10-09 16:52:59','2018-10-09 16:52:59'),(248,55,'item','lens','Sony 55mm ZA',NULL,'2018-10-09 16:52:59','2018-10-09 16:52:59'),(249,55,'item','lens','Sony 90mm Macro',NULL,'2018-10-09 16:52:59','2018-10-09 16:52:59'),(250,55,'item','lens','Sony DT 18-250mm',NULL,'2018-10-09 16:52:59','2018-10-09 16:52:59'),(251,55,'item','lens','Sony DT 50mm f/1.8 SAM',NULL,'2018-10-09 16:53:00','2018-10-09 16:53:00'),(252,55,'item','lens','Sony E 16mm f/2.8',NULL,'2018-10-09 16:53:00','2018-10-09 16:53:00'),(253,55,'item','lens','Sony E 35mm f/1.8 OSS',NULL,'2018-10-09 16:53:00','2018-10-09 16:53:00'),(254,55,'item','lens','Sony E 55-210mm',NULL,'2018-10-09 16:53:00','2018-10-09 16:53:00'),(255,55,'item','lens','Sony e16-70mm',NULL,'2018-10-09 16:53:00','2018-10-09 16:53:00'),(256,55,'item','lens','Sony lens G',NULL,'2018-10-09 16:53:00','2018-10-09 16:53:00'),(257,55,'item','lens','Sony Lensbaby Composer',NULL,'2018-10-09 16:53:00','2018-10-09 16:53:00'),(258,55,'item','lens','Sony Minolta 28-80mm f/5.6',NULL,'2018-10-09 16:53:00','2018-10-09 16:53:00'),(259,55,'item','lens','Sony Minolta 50mm Macro f/3.5',NULL,'2018-10-09 16:53:00','2018-10-09 16:53:00'),(260,55,'item','lens','Sony Minolta 85 1.4',NULL,'2018-10-09 16:53:00','2018-10-09 16:53:00'),(261,55,'item','lens','Sony Samyang 14mm 3.1 Cine',NULL,'2018-10-09 16:53:00','2018-10-09 16:53:00'),(262,55,'item','lens','Sony Sigma 30mm 2.8',NULL,'2018-10-09 16:53:00','2018-10-09 16:53:00'),(263,55,'item','lens','Sony Zeiss 55 f/1.8',NULL,'2018-10-09 16:53:00','2018-10-09 16:53:00'),(264,55,'item','lens','Tamron 10 - 24mm (Canon)',NULL,'2018-10-09 16:53:00','2018-10-09 16:53:00'),(265,55,'item','lens','Tamron 11-18mm (Sony)',NULL,'2018-10-09 16:53:00','2018-10-09 16:53:00'),(266,55,'item','lens','Tamron 150-600mm (Sony)',NULL,'2018-10-09 16:53:00','2018-10-09 16:53:00'),(267,55,'item','lens','Tamron 16-300mm f/3.5-6.3 (Nikon)',NULL,'2018-10-09 16:53:00','2018-10-09 16:53:00'),(268,55,'item','lens','Tamron 17-35mm 2.8-4 (Nikon)',NULL,'2018-10-09 16:53:00','2018-10-09 16:53:00'),(269,55,'item','lens','Tamron 17-50mm f/2.8 (Canon)',NULL,'2018-10-09 16:53:00','2018-10-09 16:53:00'),(270,55,'item','lens','Tamron 17-50mm f/2.8 (Nikon)',NULL,'2018-10-09 16:53:00','2018-10-09 16:53:00'),(271,55,'item','lens','Tamron 18-200mm (Canon)',NULL,'2018-10-09 16:53:00','2018-10-09 16:53:00'),(272,55,'item','lens','Tamron 18-270mm (Nikon)',NULL,'2018-10-09 16:53:00','2018-10-09 16:53:00'),(273,55,'item','lens','Tamron 180mm Macro (Canon)',NULL,'2018-10-09 16:53:00','2018-10-09 16:53:00'),(274,55,'item','lens','Tamron 24-70mm f/2.8',NULL,'2018-10-09 16:53:00','2018-10-09 16:53:00'),(275,55,'item','lens','Tamron 28-75mm 2.8 XR Di',NULL,'2018-10-09 16:53:00','2018-10-09 16:53:00'),(276,55,'item','lens','Tamron 35mm f/1.8',NULL,'2018-10-09 16:53:00','2018-10-09 16:53:00'),(277,55,'item','lens','Tamron 55-200mm (Canon)',NULL,'2018-10-09 16:53:00','2018-10-09 16:53:00'),(278,55,'item','lens','Tamron 60mm Macro (Nikon)',NULL,'2018-10-09 16:53:00','2018-10-09 16:53:00'),(279,55,'item','lens','Tamron 70-200 f/2.8 (Nikon)',NULL,'2018-10-09 16:53:00','2018-10-09 16:53:00'),(280,55,'item','lens','Tamron 70-300 F4/5.6 (Nikon)',NULL,'2018-10-09 16:53:00','2018-10-09 16:53:00'),(281,55,'item','lens','Tamron 70-300mm (Canon)',NULL,'2018-10-09 16:53:00','2018-10-09 16:53:00'),(282,55,'item','lens','Tamron 70-300mm (Nikon)',NULL,'2018-10-09 16:53:00','2018-10-09 16:53:00'),(283,55,'item','lens','Tamron 90mm (Nikon)',NULL,'2018-10-09 16:53:00','2018-10-09 16:53:00'),(284,55,'item','lens','Tamron 90mm f/2.8 Macro (Canon)',NULL,'2018-10-09 16:53:00','2018-10-09 16:53:00'),(285,55,'item','lens','Tamron AF 18-200mm F/3.5-6.3 XR Di-II (Nikon)',NULL,'2018-10-09 16:53:00','2018-10-09 16:53:00'),(286,55,'item','lens','Tamron sp 90mm (Nikon)',NULL,'2018-10-09 16:53:00','2018-10-09 16:53:00'),(287,55,'item','lens','Tokina 100mm macro',NULL,'2018-10-09 16:53:00','2018-10-09 16:53:00'),(288,55,'item','lens','Tokina 11-16mm f/2.8 (Canon)',NULL,'2018-10-09 16:53:00','2018-10-09 16:53:00'),(289,55,'item','lens','Tokina 11-16mm f/2.8 (Nikon)',NULL,'2018-10-09 16:53:00','2018-10-09 16:53:00'),(290,55,'item','lens','Tokina 16-50mm f/2.8 (Canon)',NULL,'2018-10-09 16:53:00','2018-10-09 16:53:00'),(291,55,'item','lens','Tokina AT-X 24-70mm f/2.8 (Canon)',NULL,'2018-10-09 16:53:00','2018-10-09 16:53:00'),(292,55,'item','lens','Tokina AT-X 24-70mm f/2.8 (Nikon)',NULL,'2018-10-09 16:53:00','2018-10-09 16:53:00'),(293,55,'item','lens','Yongnuo 50mm f/1.8',NULL,'2018-10-09 16:53:00','2018-10-09 16:53:00'),(294,55,'item','lens','Zeiss 50mm 1.4 Canon Fit',NULL,'2018-10-09 16:53:00','2018-10-09 16:53:00'),(295,55,'item','lens','Zeiss Batis 85mm',NULL,'2018-10-09 16:53:00','2018-10-09 16:53:00'),(296,55,'item','lens','Zeiss Touit 32mm f/1.8',NULL,'2018-10-09 16:53:00','2018-10-09 16:53:00'),(297,55,'item','lens','Other',NULL,'2018-10-09 16:53:00','2018-10-09 16:53:00'),(298,NULL,'array','camera_settings_questions','Flash',NULL,'2018-10-09 16:53:00','2018-10-09 16:53:00'),(299,298,'item','flash','The flash fired',NULL,'2018-10-09 16:53:00','2018-10-09 16:53:00'),(300,298,'item','flash','The flash did not fire',NULL,'2018-10-09 16:53:00','2018-10-09 16:53:00');
/*!40000 ALTER TABLE `exif_items` ENABLE KEYS */;
UNLOCK TABLES;

--
-- Table structure for table `failed_jobs`
--

DROP TABLE IF EXISTS `failed_jobs`;
/*!40101 SET @saved_cs_client     = @@character_set_client */;
/*!40101 SET character_set_client = utf8 */;
CREATE TABLE `failed_jobs` (
  `id` bigint(20) unsigned NOT NULL AUTO_INCREMENT,
  `connection` text COLLATE utf8mb4_unicode_ci NOT NULL,
  `queue` text COLLATE utf8mb4_unicode_ci NOT NULL,
  `payload` longtext COLLATE utf8mb4_unicode_ci NOT NULL,
  `exception` longtext COLLATE utf8mb4_unicode_ci NOT NULL,
  `failed_at` timestamp NOT NULL DEFAULT CURRENT_TIMESTAMP,
  PRIMARY KEY (`id`)
) ENGINE=InnoDB DEFAULT CHARSET=utf8mb4 COLLATE=utf8mb4_unicode_ci;
/*!40101 SET character_set_client = @saved_cs_client */;

--
-- Dumping data for table `failed_jobs`
--

LOCK TABLES `failed_jobs` WRITE;
/*!40000 ALTER TABLE `failed_jobs` DISABLE KEYS */;
/*!40000 ALTER TABLE `failed_jobs` ENABLE KEYS */;
UNLOCK TABLES;

--
-- Table structure for table `followers`
--

DROP TABLE IF EXISTS `followers`;
/*!40101 SET @saved_cs_client     = @@character_set_client */;
/*!40101 SET character_set_client = utf8 */;
CREATE TABLE `followers` (
  `follower_user_id` bigint(20) unsigned NOT NULL,
  `following_user_id` bigint(20) unsigned NOT NULL,
  `created_at` timestamp NULL DEFAULT NULL,
  `updated_at` timestamp NULL DEFAULT NULL,
  KEY `followers_follower_user_id_foreign` (`follower_user_id`),
  KEY `followers_following_user_id_foreign` (`following_user_id`),
  CONSTRAINT `followers_follower_user_id_foreign` FOREIGN KEY (`follower_user_id`) REFERENCES `users` (`id`) ON DELETE CASCADE,
  CONSTRAINT `followers_following_user_id_foreign` FOREIGN KEY (`following_user_id`) REFERENCES `users` (`id`) ON DELETE CASCADE
) ENGINE=InnoDB DEFAULT CHARSET=utf8mb4 COLLATE=utf8mb4_unicode_ci;
/*!40101 SET character_set_client = @saved_cs_client */;

--
-- Dumping data for table `followers`
--

LOCK TABLES `followers` WRITE;
/*!40000 ALTER TABLE `followers` DISABLE KEYS */;
INSERT INTO `followers` VALUES (1001,1006,'2018-10-09 17:33:47','2018-10-09 17:33:47'),(1035,1007,'2018-10-24 19:43:32','2018-10-24 19:43:32'),(1035,1048,'2018-10-24 19:45:21','2018-10-24 19:45:21'),(1035,1044,'2018-10-24 19:51:54','2018-10-24 19:51:54'),(1035,1025,'2018-10-24 20:02:10','2018-10-24 20:02:10'),(1035,1043,'2018-10-24 20:05:55','2018-10-24 20:05:55'),(1062,1007,'2018-10-24 20:06:57','2018-10-24 20:06:57'),(1022,1019,'2018-10-24 20:15:00','2018-10-24 20:15:00'),(1013,1015,'2018-10-24 20:20:04','2018-10-24 20:20:04'),(1013,1037,'2018-10-24 20:22:08','2018-10-24 20:22:08'),(1035,1019,'2018-10-24 20:24:36','2018-10-24 20:24:36'),(1035,1040,'2018-10-24 20:24:49','2018-10-24 20:24:49'),(1062,1043,'2018-10-24 20:26:36','2018-10-24 20:26:36'),(1062,1019,'2018-10-24 20:26:45','2018-10-24 20:26:45'),(1035,1039,'2018-10-24 20:27:52','2018-10-24 20:27:52'),(1035,1038,'2018-10-24 20:30:40','2018-10-24 20:30:40'),(1035,1013,'2018-10-24 20:35:08','2018-10-24 20:35:08'),(1035,1015,'2018-10-24 20:35:44','2018-10-24 20:35:44'),(1035,1012,'2018-10-24 20:35:52','2018-10-24 20:35:52'),(1020,1048,'2018-10-24 22:01:30','2018-10-24 22:01:30'),(1020,1007,'2018-10-24 22:01:46','2018-10-24 22:01:46'),(1020,1012,'2018-10-24 22:02:36','2018-10-24 22:02:36'),(1034,1019,'2018-10-25 03:16:49','2018-10-25 03:16:49'),(1030,1044,'2018-10-25 04:15:42','2018-10-25 04:15:42'),(1043,1030,'2018-10-26 03:41:10','2018-10-26 03:41:10'),(1043,1018,'2018-10-26 03:41:27','2018-10-26 03:41:27'),(1043,1020,'2018-10-26 03:41:42','2018-10-26 03:41:42'),(1043,1032,'2018-10-26 03:42:10','2018-10-26 03:42:10'),(1043,1040,'2018-10-26 03:43:00','2018-10-26 03:43:00'),(1043,1022,'2018-10-26 03:43:41','2018-10-26 03:43:41'),(1043,1037,'2018-10-26 03:45:24','2018-10-26 03:45:24'),(1043,1012,'2018-10-26 03:46:58','2018-10-26 03:46:58'),(1013,1018,'2018-11-15 21:05:41','2018-11-15 21:05:41'),(1013,1062,'2018-11-15 21:06:44','2018-11-15 21:06:44'),(1013,1019,'2018-11-15 21:08:17','2018-11-15 21:08:17'),(1013,1035,'2018-11-15 21:10:32','2018-11-15 21:10:32'),(1013,1067,'2018-11-15 21:11:19','2018-11-15 21:11:19'),(1013,1064,'2018-11-15 21:11:43','2018-11-15 21:11:43'),(1013,1020,'2018-11-15 21:12:30','2018-11-15 21:12:30'),(1067,1035,'2018-11-15 21:30:57','2018-11-15 21:30:57'),(1030,1062,'2018-11-16 01:15:49','2018-11-16 01:15:49'),(1030,1035,'2018-11-16 01:16:32','2018-11-16 01:16:32'),(1020,1018,'2018-11-16 15:55:11','2018-11-16 15:55:11'),(1079,1007,'2019-01-30 06:58:27','2019-01-30 06:58:27'),(1007,1044,'2019-02-10 19:18:59','2019-02-10 19:18:59'),(1007,1025,'2019-03-03 18:09:21','2019-03-03 18:09:21'),(1007,1048,'2019-03-04 09:55:43','2019-03-04 09:55:43');
/*!40000 ALTER TABLE `followers` ENABLE KEYS */;
UNLOCK TABLES;

--
-- Table structure for table `jobs`
--

DROP TABLE IF EXISTS `jobs`;
/*!40101 SET @saved_cs_client     = @@character_set_client */;
/*!40101 SET character_set_client = utf8 */;
CREATE TABLE `jobs` (
  `id` bigint(20) unsigned NOT NULL AUTO_INCREMENT,
  `queue` varchar(191) COLLATE utf8mb4_unicode_ci NOT NULL,
  `payload` longtext COLLATE utf8mb4_unicode_ci NOT NULL,
  `attempts` tinyint(3) unsigned NOT NULL,
  `reserved_at` int(10) unsigned DEFAULT NULL,
  `available_at` int(10) unsigned NOT NULL,
  `created_at` int(10) unsigned NOT NULL,
  PRIMARY KEY (`id`),
  KEY `jobs_queue_reserved_at_index` (`queue`,`reserved_at`)
) ENGINE=InnoDB AUTO_INCREMENT=93 DEFAULT CHARSET=utf8mb4 COLLATE=utf8mb4_unicode_ci;
/*!40101 SET character_set_client = @saved_cs_client */;

--
-- Dumping data for table `jobs`
--

LOCK TABLES `jobs` WRITE;
/*!40000 ALTER TABLE `jobs` DISABLE KEYS */;
/*!40000 ALTER TABLE `jobs` ENABLE KEYS */;
UNLOCK TABLES;

--
-- Table structure for table `loves`
--

DROP TABLE IF EXISTS `loves`;
/*!40101 SET @saved_cs_client     = @@character_set_client */;
/*!40101 SET character_set_client = utf8 */;
CREATE TABLE `loves` (
  `id` bigint(20) unsigned NOT NULL AUTO_INCREMENT,
  `user_id` bigint(20) unsigned NOT NULL,
  `photo_id` bigint(20) unsigned DEFAULT NULL,
  `album_id` bigint(20) unsigned DEFAULT NULL,
  `created_at` timestamp NULL DEFAULT NULL,
  `updated_at` timestamp NULL DEFAULT NULL,
  PRIMARY KEY (`id`),
  KEY `loves_user_id_foreign` (`user_id`),
  KEY `loves_photo_id_foreign` (`photo_id`),
  KEY `loves_album_id_foreign` (`album_id`),
  CONSTRAINT `loves_album_id_foreign` FOREIGN KEY (`album_id`) REFERENCES `albums` (`id`) ON DELETE CASCADE,
  CONSTRAINT `loves_photo_id_foreign` FOREIGN KEY (`photo_id`) REFERENCES `photos` (`id`) ON DELETE CASCADE,
  CONSTRAINT `loves_user_id_foreign` FOREIGN KEY (`user_id`) REFERENCES `users` (`id`) ON DELETE CASCADE
) ENGINE=InnoDB AUTO_INCREMENT=125 DEFAULT CHARSET=utf8mb4 COLLATE=utf8mb4_unicode_ci;
/*!40101 SET character_set_client = @saved_cs_client */;

--
-- Dumping data for table `loves`
--

LOCK TABLES `loves` WRITE;
/*!40000 ALTER TABLE `loves` DISABLE KEYS */;
INSERT INTO `loves` VALUES (2,1035,28,NULL,'2018-10-24 19:45:15','2018-10-24 19:45:15'),(3,1035,37,NULL,'2018-10-24 19:45:18','2018-10-24 19:45:18'),(4,1035,36,NULL,'2018-10-24 19:51:54','2018-10-24 19:51:54'),(5,1035,29,NULL,'2018-10-24 20:02:07','2018-10-24 20:02:07'),(6,1035,35,NULL,'2018-10-24 20:05:54','2018-10-24 20:05:54'),(7,1022,33,NULL,'2018-10-24 20:16:22','2018-10-24 20:16:22'),(8,1022,32,NULL,'2018-10-24 20:18:18','2018-10-24 20:18:18'),(9,1054,33,NULL,'2018-10-24 20:19:05','2018-10-24 20:19:05'),(10,1013,25,NULL,'2018-10-24 20:19:26','2018-10-24 20:19:26'),(11,1013,15,NULL,'2018-10-24 20:19:57','2018-10-24 20:19:57'),(12,1013,28,NULL,'2018-10-24 20:21:02','2018-10-24 20:21:02'),(13,1051,19,NULL,'2018-10-24 20:21:17','2018-10-24 20:21:17'),(14,1013,30,NULL,'2018-10-24 20:21:41','2018-10-24 20:21:41'),(15,1035,34,NULL,'2018-10-24 20:24:35','2018-10-24 20:24:35'),(16,1035,33,NULL,'2018-10-24 20:24:47','2018-10-24 20:24:47'),(17,1062,37,NULL,'2018-10-24 20:25:50','2018-10-24 20:25:50'),(18,1062,36,NULL,'2018-10-24 20:25:52','2018-10-24 20:25:52'),(19,1062,29,NULL,'2018-10-24 20:25:54','2018-10-24 20:25:54'),(20,1062,35,NULL,'2018-10-24 20:25:58','2018-10-24 20:25:58'),(21,1035,32,NULL,'2018-10-24 20:27:39','2018-10-24 20:27:39'),(22,1035,31,NULL,'2018-10-24 20:30:39','2018-10-24 20:30:39'),(23,1013,31,NULL,'2018-10-24 20:34:39','2018-10-24 20:34:39'),(25,1035,25,NULL,'2018-10-24 20:35:05','2018-10-24 20:35:05'),(26,1035,24,NULL,'2018-10-24 20:35:17','2018-10-24 20:35:17'),(27,1035,19,NULL,'2018-10-24 20:35:23','2018-10-24 20:35:23'),(28,1035,15,NULL,'2018-10-24 20:35:44','2018-10-24 20:35:44'),(29,1035,14,NULL,'2018-10-24 20:35:51','2018-10-24 20:35:51'),(31,1024,33,NULL,'2018-10-24 21:14:35','2018-10-24 21:14:35'),(32,1064,35,NULL,'2018-10-24 21:17:05','2018-10-24 21:17:05'),(33,1032,35,NULL,'2018-10-24 21:23:04','2018-10-24 21:23:04'),(34,1032,14,NULL,'2018-10-24 21:23:58','2018-10-24 21:23:58'),(35,1024,34,NULL,'2018-10-24 21:40:02','2018-10-24 21:40:02'),(36,1020,28,NULL,'2018-10-24 21:52:03','2018-10-24 21:52:03'),(37,1020,37,NULL,'2018-10-24 21:52:26','2018-10-24 21:52:26'),(38,1020,36,NULL,'2018-10-24 21:52:40','2018-10-24 21:52:40'),(39,1020,29,NULL,'2018-10-24 21:53:23','2018-10-24 21:53:23'),(40,1020,39,NULL,'2018-10-24 21:54:18','2018-10-24 21:54:18'),(41,1020,35,NULL,'2018-10-24 21:54:32','2018-10-24 21:54:32'),(42,1020,34,NULL,'2018-10-24 21:55:07','2018-10-24 21:55:07'),(43,1020,33,NULL,'2018-10-24 21:55:23','2018-10-24 21:55:23'),(44,1020,32,NULL,'2018-10-24 21:55:46','2018-10-24 21:55:46'),(45,1020,31,NULL,'2018-10-24 21:56:13','2018-10-24 21:56:13'),(47,1020,15,NULL,'2018-10-24 21:57:13','2018-10-24 21:57:13'),(48,1020,16,NULL,'2018-10-24 22:00:57','2018-10-24 22:00:57'),(49,1020,25,NULL,'2018-10-24 22:02:05','2018-10-24 22:02:05'),(50,1020,14,NULL,'2018-10-24 22:02:37','2018-10-24 22:02:37'),(51,1020,24,NULL,'2018-10-24 22:03:22','2018-10-24 22:03:22'),(52,1020,19,NULL,'2018-10-24 22:03:23','2018-10-24 22:03:23'),(53,1020,17,NULL,'2018-10-24 22:03:27','2018-10-24 22:03:27'),(54,1018,37,NULL,'2018-10-24 22:11:53','2018-10-24 22:11:53'),(55,1018,35,NULL,'2018-10-24 22:13:49','2018-10-24 22:13:49'),(56,1018,34,NULL,'2018-10-24 22:14:30','2018-10-24 22:14:30'),(57,1018,33,NULL,'2018-10-24 22:14:59','2018-10-24 22:14:59'),(58,1018,24,NULL,'2018-10-24 22:15:35','2018-10-24 22:15:35'),(59,1018,19,NULL,'2018-10-24 22:15:46','2018-10-24 22:15:46'),(60,1018,16,NULL,'2018-10-24 22:16:07','2018-10-24 22:16:07'),(61,1018,15,NULL,'2018-10-24 22:16:24','2018-10-24 22:16:24'),(62,1018,14,NULL,'2018-10-24 22:16:31','2018-10-24 22:16:31'),(63,1034,19,NULL,'2018-10-25 03:19:11','2018-10-25 03:19:11'),(64,1034,15,NULL,'2018-10-25 03:20:26','2018-10-25 03:20:26'),(65,1034,28,NULL,'2018-10-25 03:21:44','2018-10-25 03:21:44'),(66,1030,37,NULL,'2018-10-25 04:10:28','2018-10-25 04:10:28'),(67,1030,28,NULL,'2018-10-25 04:10:38','2018-10-25 04:10:38'),(68,1030,35,NULL,'2018-10-25 04:17:27','2018-10-25 04:17:27'),(69,1030,34,NULL,'2018-10-25 04:20:01','2018-10-25 04:20:01'),(70,1030,31,NULL,'2018-10-25 04:27:23','2018-10-25 04:27:23'),(71,1030,30,NULL,'2018-10-25 04:36:39','2018-10-25 04:36:39'),(72,1030,27,NULL,'2018-10-25 04:40:47','2018-10-25 04:40:47'),(73,1030,19,NULL,'2018-10-25 04:41:30','2018-10-25 04:41:30'),(74,1043,28,NULL,'2018-10-26 03:39:17','2018-10-26 03:39:17'),(75,1043,37,NULL,'2018-10-26 03:39:24','2018-10-26 03:39:24'),(76,1043,33,NULL,'2018-10-26 03:42:41','2018-10-26 03:42:41'),(77,1043,32,NULL,'2018-10-26 03:44:14','2018-10-26 03:44:14'),(78,1043,19,NULL,'2018-10-26 03:45:48','2018-10-26 03:45:48'),(79,1043,16,NULL,'2018-10-26 03:46:32','2018-10-26 03:46:32'),(80,1043,15,NULL,'2018-10-26 03:46:40','2018-10-26 03:46:40'),(81,1043,14,NULL,'2018-10-26 03:46:45','2018-10-26 03:46:45'),(83,1020,48,NULL,'2018-11-04 00:32:50','2018-11-04 00:32:50'),(84,1018,51,NULL,'2018-11-06 16:30:19','2018-11-06 16:30:19'),(85,1018,48,NULL,'2018-11-06 22:07:26','2018-11-06 22:07:26'),(86,1020,46,NULL,'2018-11-07 19:36:36','2018-11-07 19:36:36'),(87,1020,47,NULL,'2018-11-07 19:37:05','2018-11-07 19:37:05'),(88,1020,50,NULL,'2018-11-07 19:38:01','2018-11-07 19:38:01'),(89,1020,45,NULL,'2018-11-07 19:43:14','2018-11-07 19:43:14'),(90,1020,52,NULL,'2018-11-07 19:44:01','2018-11-07 19:44:01'),(91,1020,53,NULL,'2018-11-08 03:35:19','2018-11-08 03:35:19'),(92,1013,57,NULL,'2018-11-15 21:05:10','2018-11-15 21:05:10'),(93,1013,58,NULL,'2018-11-15 21:05:12','2018-11-15 21:05:12'),(94,1013,59,NULL,'2018-11-15 21:05:14','2018-11-15 21:05:14'),(95,1013,60,NULL,'2018-11-15 21:05:17','2018-11-15 21:05:17'),(96,1013,62,NULL,'2018-11-15 21:05:19','2018-11-15 21:05:19'),(97,1013,61,NULL,'2018-11-15 21:05:23','2018-11-15 21:05:23'),(98,1013,64,NULL,'2018-11-15 21:05:25','2018-11-15 21:05:25'),(99,1013,65,NULL,'2018-11-15 21:05:29','2018-11-15 21:05:29'),(100,1067,57,NULL,'2018-11-15 21:29:59','2018-11-15 21:29:59'),(101,1067,58,NULL,'2018-11-15 21:30:01','2018-11-15 21:30:01'),(102,1018,57,NULL,'2018-11-15 21:43:41','2018-11-15 21:43:41'),(103,1018,58,NULL,'2018-11-15 21:43:58','2018-11-15 21:43:58'),(104,1018,61,NULL,'2018-11-15 21:44:05','2018-11-15 21:44:05'),(105,1064,65,NULL,'2018-11-15 22:59:41','2018-11-15 22:59:41'),(106,1062,60,NULL,'2018-11-15 23:39:55','2018-11-15 23:39:55'),(107,1024,61,NULL,'2018-11-15 23:47:01','2018-11-15 23:47:01'),(108,1020,57,NULL,'2018-11-16 15:44:37','2018-11-16 15:44:37'),(109,1020,58,NULL,'2018-11-16 15:45:03','2018-11-16 15:45:03'),(110,1020,59,NULL,'2018-11-16 15:46:20','2018-11-16 15:46:20'),(111,1020,67,NULL,'2018-11-16 15:48:36','2018-11-16 15:48:36'),(112,1019,57,NULL,'2018-11-19 03:36:30','2018-11-19 03:36:30'),(113,1019,58,NULL,'2018-11-19 03:36:31','2018-11-19 03:36:31'),(115,1019,60,NULL,'2018-11-19 03:36:51','2018-11-19 03:36:51'),(116,1019,64,NULL,'2018-11-19 03:38:36','2018-11-19 03:38:36'),(117,1019,68,NULL,'2018-11-19 03:38:37','2018-11-19 03:38:37'),(118,1019,65,NULL,'2018-11-19 03:38:39','2018-11-19 03:38:39'),(119,1019,67,NULL,'2018-11-19 03:38:41','2018-11-19 03:38:41'),(120,1019,61,NULL,'2018-11-19 03:38:43','2018-11-19 03:38:43'),(121,1019,62,NULL,'2018-11-19 03:38:44','2018-11-19 03:38:44'),(122,1019,59,NULL,'2018-11-19 03:38:47','2018-11-19 03:38:47'),(123,1020,71,NULL,'2018-12-30 20:56:23','2018-12-30 20:56:23'),(124,1007,37,NULL,'2019-03-03 18:09:04','2019-03-03 18:09:04');
/*!40000 ALTER TABLE `loves` ENABLE KEYS */;
UNLOCK TABLES;

--
-- Table structure for table `manifesto_answers`
--

DROP TABLE IF EXISTS `manifesto_answers`;
/*!40101 SET @saved_cs_client     = @@character_set_client */;
/*!40101 SET character_set_client = utf8 */;
CREATE TABLE `manifesto_answers` (
  `user_id` bigint(20) unsigned NOT NULL,
  `commitment_understanding` tinyint(1) NOT NULL DEFAULT '0',
  `being_constant_understanding` tinyint(1) NOT NULL DEFAULT '0',
  `creative_process_understanding` tinyint(1) NOT NULL DEFAULT '0',
  `vulnerability_understanding` tinyint(1) NOT NULL DEFAULT '0',
  `non_perfection_understanding` tinyint(1) NOT NULL DEFAULT '0',
  `understanding_to_release_the_notion_of_perfection` tinyint(1) NOT NULL DEFAULT '0',
  `understanding_for_the_sake_of_consistency` tinyint(1) NOT NULL DEFAULT '0',
  `why` text COLLATE utf8mb4_unicode_ci,
  `created_at` timestamp NULL DEFAULT NULL,
  `updated_at` timestamp NULL DEFAULT NULL,
  KEY `manifesto_answers_user_id_foreign` (`user_id`),
  CONSTRAINT `manifesto_answers_user_id_foreign` FOREIGN KEY (`user_id`) REFERENCES `users` (`id`) ON DELETE CASCADE
) ENGINE=InnoDB DEFAULT CHARSET=utf8mb4 COLLATE=utf8mb4_unicode_ci;
/*!40101 SET character_set_client = @saved_cs_client */;

--
-- Dumping data for table `manifesto_answers`
--

LOCK TABLES `manifesto_answers` WRITE;
/*!40000 ALTER TABLE `manifesto_answers` DISABLE KEYS */;
INSERT INTO `manifesto_answers` VALUES (1006,1,1,1,1,1,1,1,NULL,'2018-10-09 17:33:11','2018-10-09 17:33:11'),(1007,1,1,1,1,1,1,1,NULL,'2018-10-10 17:36:47','2018-10-10 17:36:47'),(1008,1,1,1,1,1,1,1,'Generic response to staging','2018-10-18 20:17:21','2018-10-18 20:17:21'),(1009,1,1,1,1,1,1,1,'Just here for the testing :)','2018-10-18 20:19:06','2018-10-18 20:19:06'),(1010,1,1,1,1,1,1,1,'Testing :)','2018-10-18 20:24:07','2018-10-18 20:24:07'),(1011,1,1,1,1,1,1,1,'To become a better photographer, to challenge myself, and to meet new Photographer friends.','2018-10-18 20:39:35','2018-10-18 20:39:35'),(1012,1,1,1,1,1,1,1,'Being challenged to take photos that stretch me, teach me and are out of my comfort zone.','2018-10-18 20:42:07','2018-10-18 20:42:07'),(1014,1,1,1,1,1,1,1,'Learn new things on a regular basis.','2018-10-18 20:44:35','2018-10-18 20:44:35'),(1013,1,1,1,1,1,1,1,'I joined to share my photos, to learn more, and to have something consistent in my life.','2018-10-18 20:46:30','2018-10-18 20:46:30'),(1015,1,1,1,1,1,1,1,'Photography helps me be more observant, \"in the moment,\" and open to the beauty in this world.  Being a part of 52 frames these past 8 months has helped me carry this practice into my daily life.  Love taking photos - have learned alot - and look forward to learning more!','2018-10-18 20:52:14','2018-10-18 20:52:14'),(1017,1,1,1,1,1,1,1,'I have been enjoying the challenge of the weekly assignments.  It has helped me grow as a photographer and forced me out of my comfort zone.','2018-10-18 21:05:30','2018-10-18 21:05:30'),(1019,1,1,1,1,1,1,1,'Improve my photography and my creativity.\nTo have something just for me!\nAnd maybe make some friends along the way.','2018-10-18 21:46:37','2018-10-18 21:46:37'),(1020,1,1,1,1,1,1,1,'To take pictures! What else in life is there!','2018-10-18 22:27:08','2018-10-18 22:27:08'),(1016,1,1,1,1,1,1,1,'To be inspired to shoot every week and to improve the quality of my work by collaborating with other photographers','2018-10-18 23:41:30','2018-10-18 23:41:30'),(1021,1,1,1,1,1,1,1,'There were many reasons... I feel that 52Frames can tell a tiny bit of my story. In addition to meeting the brief every week, my photos have to be connected to me in some way because if I were to no longer be here, my images would  still exist and they\'d \'speak\' about my life, my family and my experiences.','2018-10-19 00:30:37','2018-10-19 00:30:37'),(1022,1,1,1,1,1,1,1,'Because I need a constant commitment to get out an use my camera, and to exercise my creativity muscles. 52Frames has kept me from running off the rails in the past, and I hope it continues for the future.','2018-10-19 03:02:31','2018-10-19 03:02:31'),(1024,1,1,1,1,1,1,1,'I want to improve my photography skills, ensure that I will try to be creative every week, see the world more artistically and enjoy being a part of the world-wide 52Frames community.','2018-10-19 03:54:49','2018-10-19 03:54:49'),(1025,1,1,1,1,1,1,1,'Wanted to find a way to grow as a photographer in a fun and creative way. I am anticipating learning from other photographers and pushing myself to learn and photograph new things and in new ways.','2018-10-19 05:22:46','2018-10-19 05:22:46'),(1026,1,1,1,1,1,1,1,NULL,'2018-10-19 12:01:37','2018-10-19 12:01:37'),(1027,1,1,1,1,1,1,1,'I originally joined 52Frames January of 2016. At that time I needed something that would make me pick up my camera and use it regularly and not just for an event here and there. I wanted to learn more about my camera and photography techniques in general. 52Frames launched me on a path I never would have dreamed of, from amazing growth in my own photography, to styles of photography I never would have tried on my own, to appreciating critiques, learning how to edit, and to being part of an amazing community.\n\nSo why am I joining \"again?\" 52Frames has become part of my life. I have not missed a week since joining in January of 2016. There is a discipline that comes along with that which for me is something I need. I like the structure to it, the ever changing themes, and look forward to the album every week. This group has helped me in so many was as a photographer in the technical sense., but even more, I have made friends with people in this community. I am constantly inspired, encouraged and motivated by the people of 52Frames., and I am very happy to be part of this group.','2018-10-19 13:25:47','2018-10-19 13:25:47'),(1028,1,1,1,1,1,1,1,'Photoblog365 was a constant in my life last year, and while I need more time to focus on my thesis this year, I still want to have photography to help me express myself.','2018-10-19 15:54:27','2018-10-19 15:54:27'),(1029,1,1,1,1,1,1,1,'Great community','2018-10-19 16:08:08','2018-10-19 16:08:08'),(1030,1,1,1,1,1,1,1,NULL,'2018-10-19 17:22:49','2018-10-19 17:49:02'),(1031,1,1,1,1,1,1,1,'Improve my photography skills. Be more creative with my photography.','2018-10-19 19:23:17','2018-10-19 19:23:17'),(1032,1,1,1,1,1,1,1,'To get myself back into looking at the world in a more creative way. To get myself back to taking photos.','2018-10-19 20:41:05','2018-10-19 20:41:05'),(1033,1,1,1,1,1,1,1,'I\'m already part of 52Frames. Sending up to help test.','2018-10-19 21:49:36','2018-10-19 21:49:36'),(1034,1,1,1,1,1,1,1,'To learn from other photographers and to learn about myself through the process of shooting every week.','2018-10-19 21:55:16','2018-10-19 21:55:16'),(1035,1,1,1,1,1,1,1,'Signing up for testing','2018-10-19 21:56:56','2018-10-19 21:56:56'),(1018,1,1,1,1,1,1,1,'To be challenged and grow','2018-10-20 02:27:31','2018-10-20 02:27:31'),(1036,1,1,1,1,1,1,1,'I really really wanna be picked for 52picls every Faible week cause this is my only goal when I heard about tjis project. I will complain over and over again if I don’t make it and ask the Committee over and over again why they didn’t choose me.... (end of irony)','2018-10-20 09:16:06','2018-10-20 09:16:06'),(1037,1,1,1,1,1,1,1,'To have a creative outlet and improve my photography skills.','2018-10-20 16:47:36','2018-10-20 16:47:36'),(1038,1,1,1,1,1,1,1,'Consistency,','2018-10-20 18:42:49','2018-10-20 18:42:49'),(1039,1,1,1,1,1,1,1,NULL,'2018-10-21 13:34:55','2018-10-21 13:34:55'),(1041,1,1,1,1,1,1,1,'I am looking for serious critique of my photos so that i can learn, grow and be challenged with my photos. .  .. . all the while having fun and not taking it too seriously :)','2018-10-21 16:05:33','2018-10-21 16:05:33'),(1042,1,1,1,1,1,1,1,'When I started with 52F I had never used a DSLR; I’ve learned everything with these challenges and have gotten to capture so many great memories!!! Thanks guys!!!','2018-10-21 17:58:48','2018-10-21 17:58:48'),(1040,1,1,1,1,1,1,1,'I like having a project that challenges my creativity and forces me to capture an image every week.  I  also like having feedback to help my photography improve.','2018-10-21 18:06:12','2018-10-21 18:06:12'),(1043,1,1,1,1,1,1,1,NULL,'2018-10-21 20:11:06','2018-11-12 01:55:52'),(1044,1,1,1,1,1,1,1,'I\'m joining 52frames because I want  to learn more about photography and  creativity and submitting every week  improve my skills.','2018-10-21 20:23:04','2018-10-21 20:23:04'),(1046,1,1,1,1,1,1,1,'To learn more about taking photos, to enjoy the creativity others share in their photos and to have fun actually taking photos consistently for 52 weeks.','2018-10-21 23:59:52','2018-10-21 23:59:52'),(1047,1,1,1,1,1,1,1,'I enjoy the challenge and seeing others work that inspires me. I enjoy have a commitment','2018-10-22 00:22:07','2018-10-22 00:22:07'),(1048,1,1,1,1,1,1,1,'To take photo\'s more often and learn from my mistakes (also just learn.)','2018-10-22 01:09:31','2018-10-22 01:09:31'),(1049,1,1,1,1,1,1,1,'I take much better photos when I\'m in 52Frames and my camera does not sit unused in a cupboard!','2018-10-22 08:54:31','2018-10-22 08:54:31'),(1050,1,1,1,1,1,1,1,'inspiration','2018-10-22 09:42:43','2018-10-22 09:42:43'),(1051,1,1,1,1,1,1,1,'I was to improve my skills in photography, challenge myself on a regular basis to improve and be inspired by others\' work.','2018-10-22 15:49:35','2018-10-22 15:49:35'),(1052,1,1,1,1,1,1,1,NULL,'2018-10-22 15:58:51','2018-10-22 15:58:51'),(1053,1,1,1,1,1,1,1,NULL,'2018-10-22 18:16:33','2018-10-22 18:16:33'),(1054,1,1,1,1,1,1,1,NULL,'2018-10-22 23:34:35','2018-10-22 23:34:35'),(1056,1,1,1,1,1,1,1,'asdfasf asdf asdf asdf asdfasdf  afsd','2018-10-23 12:38:12','2018-10-23 12:38:12'),(1057,1,1,1,1,1,1,1,'to be challenged, learn and get constructive feedback on my photos','2018-10-23 15:00:04','2018-10-23 15:00:04'),(1058,1,1,1,1,1,1,1,'To encourage the weekly enjoyment of finding a suitable image for the challenge.','2018-10-23 15:19:35','2018-10-23 15:19:35'),(1059,1,1,1,1,1,1,1,'.','2018-10-23 18:59:20','2018-10-23 18:59:20'),(1060,1,1,1,1,1,1,1,'I joined 52Frames to force myself to go out and shoot more. I also need to branch out of my comfort zone and challenge myself to try new techniques. I enjoy seeing other photographers\' interpretation of the challenge.','2018-10-23 22:43:09','2018-10-23 22:43:09'),(1061,1,1,1,1,1,1,1,'I want to improve my photography technique and art. I think the best way to do this is to keep shooting. I hope to get weekly motivation from 52Frames to photograph more and exercise my creativity.','2018-10-24 00:44:02','2018-10-24 00:44:02'),(1062,1,1,1,1,1,1,1,'To force myself to do something creative every week!','2018-10-24 14:51:46','2018-10-24 14:51:46'),(1064,1,1,1,1,1,1,1,'I  need this.  I really need this.  :-)\n\nSeriously, I enjoy taking pictures and wish to learn more about my camera.  Honest to God? I am using this as a reason to get me out.  I don\'t remember what I said back in June when I joined; but, I am so glad I did!','2018-10-24 20:42:47','2018-10-24 20:42:47'),(1065,1,1,1,1,1,1,1,NULL,'2018-10-30 18:51:53','2018-10-30 18:51:53'),(1066,1,1,1,1,1,1,1,NULL,'2018-11-06 19:35:05','2018-11-06 19:35:05'),(1067,1,1,1,1,1,1,1,NULL,'2018-11-06 21:49:28','2018-11-06 21:49:28'),(1068,1,1,1,1,1,1,1,'Secret reasons','2018-11-08 20:16:00','2018-11-08 20:16:00'),(1069,1,1,1,1,1,1,1,'Exercises like this get me out of my comfort zone','2018-11-15 21:51:05','2018-11-15 21:51:05'),(1070,1,1,1,1,1,1,1,'I am already a member.  I love that it has made me consider ideas and processes I have not considered before.  I also love that it actually forces me to get out and take photos even when I am not feeling it.  It has made me more creative and confident!','2018-11-18 13:25:03','2018-11-18 13:25:03'),(1077,1,1,1,1,1,1,1,NULL,'2019-01-14 08:40:34','2019-01-14 08:40:34'),(1079,1,1,1,1,1,1,1,NULL,'2019-01-21 05:59:34','2019-01-21 05:59:34');
/*!40000 ALTER TABLE `manifesto_answers` ENABLE KEYS */;
UNLOCK TABLES;

--
-- Table structure for table `migrations`
--

DROP TABLE IF EXISTS `migrations`;
/*!40101 SET @saved_cs_client     = @@character_set_client */;
/*!40101 SET character_set_client = utf8 */;
CREATE TABLE `migrations` (
  `id` int(10) unsigned NOT NULL AUTO_INCREMENT,
  `migration` varchar(191) COLLATE utf8mb4_unicode_ci NOT NULL,
  `batch` int(11) NOT NULL,
  PRIMARY KEY (`id`)
) ENGINE=InnoDB AUTO_INCREMENT=29 DEFAULT CHARSET=utf8mb4 COLLATE=utf8mb4_unicode_ci;
/*!40101 SET character_set_client = @saved_cs_client */;

--
-- Dumping data for table `migrations`
--

LOCK TABLES `migrations` WRITE;
/*!40000 ALTER TABLE `migrations` DISABLE KEYS */;
INSERT INTO `migrations` VALUES (1,'2014_10_12_000000_create_users_table',1),(2,'2014_10_12_100000_create_password_resets_table',1),(3,'2016_06_01_000001_create_oauth_auth_codes_table',1),(4,'2016_06_01_000002_create_oauth_access_tokens_table',1),(5,'2016_06_01_000003_create_oauth_refresh_tokens_table',1),(6,'2016_06_01_000004_create_oauth_clients_table',1),(7,'2016_06_01_000005_create_oauth_personal_access_clients_table',1),(8,'2017_07_26_145516_create_social_accounts_table',1),(9,'2017_08_11_133402_manifesto_related',1),(10,'2017_08_21_165341_followers',1),(11,'2017_08_24_103649_roles-related-tables',1),(12,'2017_08_24_134821_album-related-tables',1),(13,'2017_09_12_161422_photo-related-tables',1),(14,'2017_09_20_191256_create_sessions_table',1),(15,'2017_10_09_093139_create_jobs_table',1),(16,'2017_10_09_100855_create_failed_jobs_table',1),(17,'2017_10_30_151036_social_interactions',1),(18,'2017_11_20_053927_album_sorting',1),(19,'2018_01_20_043531_notifications-related',1),(20,'2018_02_13_190914_cover_and_sample_photos',1),(21,'2018_02_16_205113_avatar_from_social_accounts',1),(22,'2018_03_29_214011_wufoo_dump_compress_photos',1),(23,'2018_05_03_034857_update_fb_profile_url',1),(24,'2018_05_07_143016_account_being_deleted_flag',1),(25,'2018_05_07_162714_foreign_keys_to_unsigned_bigint',1),(26,'2018_05_07_162831_add_foreign_key_constraints',1),(27,'2018_05_16_180211_import_prev_years_and_related_tables',1),(28,'2018_12_18_004046_analytics',2);
/*!40000 ALTER TABLE `migrations` ENABLE KEYS */;
UNLOCK TABLES;

--
-- Table structure for table `notifications`
--

DROP TABLE IF EXISTS `notifications`;
/*!40101 SET @saved_cs_client     = @@character_set_client */;
/*!40101 SET character_set_client = utf8 */;
CREATE TABLE `notifications` (
  `id` bigint(20) unsigned NOT NULL AUTO_INCREMENT,
  `sent` tinyint(1) NOT NULL DEFAULT '0',
  `keyword` varchar(191) COLLATE utf8mb4_unicode_ci NOT NULL,
  `for_user_id` bigint(20) unsigned NOT NULL,
  `source_model_type` varchar(191) COLLATE utf8mb4_unicode_ci NOT NULL,
  `source_model_id` bigint(20) unsigned NOT NULL,
  `by_user_id` bigint(20) unsigned NOT NULL,
  `related_model_type` varchar(191) COLLATE utf8mb4_unicode_ci NOT NULL,
  `related_model_id` bigint(20) unsigned NOT NULL,
  `involved_model_type` varchar(191) COLLATE utf8mb4_unicode_ci DEFAULT NULL,
  `involved_model_id` bigint(20) unsigned DEFAULT NULL,
  `target_action_json` text COLLATE utf8mb4_unicode_ci,
  `created_at` timestamp NULL DEFAULT NULL,
  `updated_at` timestamp NULL DEFAULT NULL,
  PRIMARY KEY (`id`),
  KEY `notifications_sent_keyword_index` (`sent`,`keyword`),
  KEY `notifications_for_user_id_foreign` (`for_user_id`),
  KEY `notifications_by_user_id_foreign` (`by_user_id`),
  CONSTRAINT `notifications_by_user_id_foreign` FOREIGN KEY (`by_user_id`) REFERENCES `users` (`id`) ON DELETE CASCADE,
  CONSTRAINT `notifications_for_user_id_foreign` FOREIGN KEY (`for_user_id`) REFERENCES `users` (`id`) ON DELETE CASCADE
) ENGINE=InnoDB AUTO_INCREMENT=246 DEFAULT CHARSET=utf8mb4 COLLATE=utf8mb4_unicode_ci;
/*!40101 SET character_set_client = @saved_cs_client */;

--
-- Dumping data for table `notifications`
--

LOCK TABLES `notifications` WRITE;
/*!40000 ALTER TABLE `notifications` DISABLE KEYS */;
INSERT INTO `notifications` VALUES (1,0,'profile_follow',1006,'App\\User',1006,1001,'App\\User',1001,NULL,NULL,NULL,'2018-10-09 17:33:47','2018-10-09 17:33:47'),(2,0,'profile_follow',1007,'App\\User',1007,1035,'App\\User',1035,NULL,NULL,NULL,'2018-10-24 19:43:32','2018-10-24 19:43:32'),(3,0,'photo_comment',1007,'App\\Photo',28,1035,'App\\Comment',3,NULL,NULL,NULL,'2018-10-24 19:45:06','2018-10-24 19:45:06'),(4,0,'photo_love',1007,'App\\Photo',28,1035,'App\\Love',2,NULL,NULL,NULL,'2018-10-24 19:45:15','2018-10-24 19:45:15'),(5,0,'photo_love',1048,'App\\Photo',37,1035,'App\\Love',3,NULL,NULL,NULL,'2018-10-24 19:45:18','2018-10-24 19:45:18'),(6,0,'profile_follow',1048,'App\\User',1048,1035,'App\\User',1035,NULL,NULL,NULL,'2018-10-24 19:45:21','2018-10-24 19:45:21'),(7,0,'photo_comment',1048,'App\\Photo',37,1035,'App\\Comment',4,NULL,NULL,NULL,'2018-10-24 19:51:43','2018-10-24 19:51:43'),(8,0,'photo_love',1044,'App\\Photo',36,1035,'App\\Love',4,NULL,NULL,NULL,'2018-10-24 19:51:54','2018-10-24 19:51:54'),(9,0,'profile_follow',1044,'App\\User',1044,1035,'App\\User',1035,NULL,NULL,NULL,'2018-10-24 19:51:54','2018-10-24 19:51:54'),(10,0,'photo_comment',1044,'App\\Photo',36,1035,'App\\Comment',5,NULL,NULL,NULL,'2018-10-24 20:01:58','2018-10-24 20:01:58'),(11,0,'photo_love',1025,'App\\Photo',29,1035,'App\\Love',5,NULL,NULL,NULL,'2018-10-24 20:02:07','2018-10-24 20:02:07'),(12,0,'profile_follow',1025,'App\\User',1025,1035,'App\\User',1035,NULL,NULL,NULL,'2018-10-24 20:02:10','2018-10-24 20:02:10'),(13,0,'photo_comment',1025,'App\\Photo',29,1035,'App\\Comment',6,NULL,NULL,NULL,'2018-10-24 20:03:31','2018-10-24 20:03:31'),(14,0,'photo_love',1043,'App\\Photo',35,1035,'App\\Love',6,NULL,NULL,NULL,'2018-10-24 20:05:54','2018-10-24 20:05:54'),(15,0,'profile_follow',1043,'App\\User',1043,1035,'App\\User',1035,NULL,NULL,NULL,'2018-10-24 20:05:55','2018-10-24 20:05:55'),(16,0,'profile_follow',1007,'App\\User',1007,1062,'App\\User',1062,NULL,NULL,NULL,'2018-10-24 20:06:57','2018-10-24 20:06:57'),(17,0,'photo_comment',1043,'App\\Photo',35,1035,'App\\Comment',7,NULL,NULL,NULL,'2018-10-24 20:07:40','2018-10-24 20:07:40'),(18,0,'profile_follow',1019,'App\\User',1019,1022,'App\\User',1022,NULL,NULL,NULL,'2018-10-24 20:15:00','2018-10-24 20:15:00'),(19,0,'photo_comment',1019,'App\\Photo',34,1022,'App\\Comment',8,NULL,NULL,NULL,'2018-10-24 20:16:04','2018-10-24 20:16:04'),(20,0,'photo_love',1040,'App\\Photo',33,1022,'App\\Love',7,NULL,NULL,NULL,'2018-10-24 20:16:22','2018-10-24 20:16:22'),(21,0,'photo_comment',1040,'App\\Photo',33,1022,'App\\Comment',9,NULL,NULL,NULL,'2018-10-24 20:17:55','2018-10-24 20:17:55'),(22,0,'photo_love',1039,'App\\Photo',32,1022,'App\\Love',8,NULL,NULL,NULL,'2018-10-24 20:18:18','2018-10-24 20:18:18'),(23,0,'photo_love',1040,'App\\Photo',33,1054,'App\\Love',9,NULL,NULL,NULL,'2018-10-24 20:19:05','2018-10-24 20:19:05'),(24,0,'photo_love',1015,'App\\Photo',15,1013,'App\\Love',11,NULL,NULL,NULL,'2018-10-24 20:19:57','2018-10-24 20:19:57'),(25,0,'profile_follow',1015,'App\\User',1015,1013,'App\\User',1013,NULL,NULL,NULL,'2018-10-24 20:20:04','2018-10-24 20:20:04'),(26,0,'photo_love',1007,'App\\Photo',28,1013,'App\\Love',12,NULL,NULL,NULL,'2018-10-24 20:21:02','2018-10-24 20:21:02'),(27,0,'photo_love',1024,'App\\Photo',19,1051,'App\\Love',13,NULL,NULL,NULL,'2018-10-24 20:21:17','2018-10-24 20:21:17'),(28,0,'photo_love',1037,'App\\Photo',30,1013,'App\\Love',14,NULL,NULL,NULL,'2018-10-24 20:21:41','2018-10-24 20:21:41'),(29,0,'profile_follow',1037,'App\\User',1037,1013,'App\\User',1013,NULL,NULL,NULL,'2018-10-24 20:22:08','2018-10-24 20:22:08'),(30,0,'photo_comment',1007,'App\\Photo',28,1062,'App\\Comment',10,NULL,NULL,NULL,'2018-10-24 20:23:16','2018-10-24 20:23:16'),(31,0,'photo_comment',1019,'App\\Photo',34,1035,'App\\Comment',11,NULL,NULL,NULL,'2018-10-24 20:24:33','2018-10-24 20:24:33'),(32,0,'photo_love',1019,'App\\Photo',34,1035,'App\\Love',15,NULL,NULL,NULL,'2018-10-24 20:24:35','2018-10-24 20:24:35'),(33,0,'profile_follow',1019,'App\\User',1019,1035,'App\\User',1035,NULL,NULL,NULL,'2018-10-24 20:24:36','2018-10-24 20:24:36'),(34,0,'photo_love',1040,'App\\Photo',33,1035,'App\\Love',16,NULL,NULL,NULL,'2018-10-24 20:24:47','2018-10-24 20:24:47'),(35,0,'profile_follow',1040,'App\\User',1040,1035,'App\\User',1035,NULL,NULL,NULL,'2018-10-24 20:24:49','2018-10-24 20:24:49'),(36,0,'photo_love',1048,'App\\Photo',37,1062,'App\\Love',17,NULL,NULL,NULL,'2018-10-24 20:25:50','2018-10-24 20:25:50'),(37,0,'photo_love',1044,'App\\Photo',36,1062,'App\\Love',18,NULL,NULL,NULL,'2018-10-24 20:25:52','2018-10-24 20:25:52'),(38,0,'photo_love',1025,'App\\Photo',29,1062,'App\\Love',19,NULL,NULL,NULL,'2018-10-24 20:25:54','2018-10-24 20:25:54'),(39,0,'photo_love',1043,'App\\Photo',35,1062,'App\\Love',20,NULL,NULL,NULL,'2018-10-24 20:25:58','2018-10-24 20:25:58'),(40,0,'profile_follow',1043,'App\\User',1043,1062,'App\\User',1062,NULL,NULL,NULL,'2018-10-24 20:26:36','2018-10-24 20:26:36'),(41,0,'profile_follow',1019,'App\\User',1019,1062,'App\\User',1062,NULL,NULL,NULL,'2018-10-24 20:26:45','2018-10-24 20:26:45'),(42,0,'photo_comment',1040,'App\\Photo',33,1035,'App\\Comment',12,NULL,NULL,NULL,'2018-10-24 20:27:14','2018-10-24 20:27:14'),(43,0,'photo_love',1039,'App\\Photo',32,1035,'App\\Love',21,NULL,NULL,NULL,'2018-10-24 20:27:39','2018-10-24 20:27:39'),(44,0,'profile_follow',1039,'App\\User',1039,1035,'App\\User',1035,NULL,NULL,NULL,'2018-10-24 20:27:52','2018-10-24 20:27:52'),(45,0,'photo_comment',1039,'App\\Photo',32,1035,'App\\Comment',13,NULL,NULL,NULL,'2018-10-24 20:30:29','2018-10-24 20:30:29'),(46,0,'photo_love',1038,'App\\Photo',31,1035,'App\\Love',22,NULL,NULL,NULL,'2018-10-24 20:30:39','2018-10-24 20:30:39'),(47,0,'profile_follow',1038,'App\\User',1038,1035,'App\\User',1035,NULL,NULL,NULL,'2018-10-24 20:30:40','2018-10-24 20:30:40'),(48,0,'photo_love',1038,'App\\Photo',31,1013,'App\\Love',23,NULL,NULL,NULL,'2018-10-24 20:34:39','2018-10-24 20:34:39'),(49,0,'photo_love',1013,'App\\Photo',25,1035,'App\\Love',25,NULL,NULL,NULL,'2018-10-24 20:35:05','2018-10-24 20:35:05'),(50,0,'profile_follow',1013,'App\\User',1013,1035,'App\\User',1035,NULL,NULL,NULL,'2018-10-24 20:35:08','2018-10-24 20:35:08'),(51,0,'photo_love',1028,'App\\Photo',24,1035,'App\\Love',26,NULL,NULL,NULL,'2018-10-24 20:35:17','2018-10-24 20:35:17'),(52,0,'photo_love',1024,'App\\Photo',19,1035,'App\\Love',27,NULL,NULL,NULL,'2018-10-24 20:35:23','2018-10-24 20:35:23'),(53,0,'photo_love',1015,'App\\Photo',15,1035,'App\\Love',28,NULL,NULL,NULL,'2018-10-24 20:35:44','2018-10-24 20:35:44'),(54,0,'profile_follow',1015,'App\\User',1015,1035,'App\\User',1035,NULL,NULL,NULL,'2018-10-24 20:35:44','2018-10-24 20:35:44'),(55,0,'photo_love',1012,'App\\Photo',14,1035,'App\\Love',29,NULL,NULL,NULL,'2018-10-24 20:35:51','2018-10-24 20:35:51'),(56,0,'profile_follow',1012,'App\\User',1012,1035,'App\\User',1035,NULL,NULL,NULL,'2018-10-24 20:35:52','2018-10-24 20:35:52'),(57,0,'photo_love',1019,'App\\Photo',34,1024,'App\\Love',30,NULL,NULL,NULL,'2018-10-24 21:12:03','2018-10-24 21:12:03'),(58,0,'photo_comment',1019,'App\\Photo',34,1024,'App\\Comment',14,NULL,NULL,NULL,'2018-10-24 21:14:22','2018-10-24 21:14:22'),(59,0,'photo_love',1040,'App\\Photo',33,1024,'App\\Love',31,NULL,NULL,NULL,'2018-10-24 21:14:35','2018-10-24 21:14:35'),(60,0,'photo_comment',1039,'App\\Photo',32,1024,'App\\Comment',15,NULL,NULL,NULL,'2018-10-24 21:15:11','2018-10-24 21:15:11'),(61,0,'photo_love',1043,'App\\Photo',35,1064,'App\\Love',32,NULL,NULL,NULL,'2018-10-24 21:17:05','2018-10-24 21:17:05'),(62,0,'photo_love',1043,'App\\Photo',35,1032,'App\\Love',33,NULL,NULL,NULL,'2018-10-24 21:23:04','2018-10-24 21:23:04'),(63,0,'photo_comment',1043,'App\\Photo',35,1032,'App\\Comment',16,NULL,NULL,NULL,'2018-10-24 21:23:37','2018-10-24 21:23:37'),(64,0,'photo_love',1012,'App\\Photo',14,1032,'App\\Love',34,NULL,NULL,NULL,'2018-10-24 21:23:58','2018-10-24 21:23:58'),(65,0,'photo_comment',1012,'App\\Photo',14,1032,'App\\Comment',17,NULL,NULL,NULL,'2018-10-24 21:24:09','2018-10-24 21:24:09'),(66,0,'photo_love',1019,'App\\Photo',34,1024,'App\\Love',35,NULL,NULL,NULL,'2018-10-24 21:40:02','2018-10-24 21:40:02'),(67,0,'photo_comment',1007,'App\\Photo',28,1020,'App\\Comment',18,NULL,NULL,NULL,'2018-10-24 21:51:59','2018-10-24 21:51:59'),(68,0,'photo_love',1007,'App\\Photo',28,1020,'App\\Love',36,NULL,NULL,NULL,'2018-10-24 21:52:03','2018-10-24 21:52:03'),(69,0,'photo_comment',1048,'App\\Photo',37,1020,'App\\Comment',19,NULL,NULL,NULL,'2018-10-24 21:52:23','2018-10-24 21:52:23'),(70,0,'photo_love',1048,'App\\Photo',37,1020,'App\\Love',37,NULL,NULL,NULL,'2018-10-24 21:52:26','2018-10-24 21:52:26'),(71,0,'photo_love',1044,'App\\Photo',36,1020,'App\\Love',38,NULL,NULL,NULL,'2018-10-24 21:52:40','2018-10-24 21:52:40'),(72,0,'photo_comment',1044,'App\\Photo',36,1020,'App\\Comment',20,NULL,NULL,NULL,'2018-10-24 21:53:07','2018-10-24 21:53:07'),(73,0,'photo_love',1025,'App\\Photo',29,1020,'App\\Love',39,NULL,NULL,NULL,'2018-10-24 21:53:23','2018-10-24 21:53:23'),(74,0,'photo_comment',1025,'App\\Photo',29,1020,'App\\Comment',21,NULL,NULL,NULL,'2018-10-24 21:53:55','2018-10-24 21:53:55'),(75,0,'photo_love',1005,'App\\Photo',39,1020,'App\\Love',40,NULL,NULL,NULL,'2018-10-24 21:54:19','2018-10-24 21:54:19'),(76,0,'photo_comment',1005,'App\\Photo',39,1020,'App\\Comment',22,NULL,NULL,NULL,'2018-10-24 21:54:24','2018-10-24 21:54:24'),(77,0,'photo_love',1043,'App\\Photo',35,1020,'App\\Love',41,NULL,NULL,NULL,'2018-10-24 21:54:32','2018-10-24 21:54:32'),(78,0,'photo_comment',1043,'App\\Photo',35,1020,'App\\Comment',23,NULL,NULL,NULL,'2018-10-24 21:54:57','2018-10-24 21:54:57'),(79,0,'photo_love',1019,'App\\Photo',34,1020,'App\\Love',42,NULL,NULL,NULL,'2018-10-24 21:55:07','2018-10-24 21:55:07'),(80,0,'photo_comment',1019,'App\\Photo',34,1020,'App\\Comment',24,NULL,NULL,NULL,'2018-10-24 21:55:16','2018-10-24 21:55:16'),(81,0,'photo_love',1040,'App\\Photo',33,1020,'App\\Love',43,NULL,NULL,NULL,'2018-10-24 21:55:23','2018-10-24 21:55:23'),(82,0,'photo_comment',1040,'App\\Photo',33,1020,'App\\Comment',25,NULL,NULL,NULL,'2018-10-24 21:55:38','2018-10-24 21:55:38'),(83,0,'photo_love',1039,'App\\Photo',32,1020,'App\\Love',44,NULL,NULL,NULL,'2018-10-24 21:55:46','2018-10-24 21:55:46'),(84,0,'photo_comment',1039,'App\\Photo',32,1020,'App\\Comment',26,NULL,NULL,NULL,'2018-10-24 21:56:03','2018-10-24 21:56:03'),(85,0,'photo_love',1038,'App\\Photo',31,1020,'App\\Love',45,NULL,NULL,NULL,'2018-10-24 21:56:13','2018-10-24 21:56:13'),(86,0,'photo_comment',1038,'App\\Photo',31,1020,'App\\Comment',27,NULL,NULL,NULL,'2018-10-24 21:56:33','2018-10-24 21:56:33'),(87,0,'photo_love',1015,'App\\Photo',15,1020,'App\\Love',47,NULL,NULL,NULL,'2018-10-24 21:57:14','2018-10-24 21:57:14'),(88,0,'photo_comment',1015,'App\\Photo',15,1020,'App\\Comment',29,NULL,NULL,NULL,'2018-10-24 21:57:26','2018-10-24 21:57:26'),(89,0,'profile_follow',1048,'App\\User',1048,1020,'App\\User',1020,NULL,NULL,NULL,'2018-10-24 22:01:30','2018-10-24 22:01:30'),(90,0,'profile_follow',1007,'App\\User',1007,1020,'App\\User',1020,NULL,NULL,NULL,'2018-10-24 22:01:47','2018-10-24 22:01:47'),(91,0,'photo_love',1013,'App\\Photo',25,1020,'App\\Love',49,NULL,NULL,NULL,'2018-10-24 22:02:05','2018-10-24 22:02:05'),(92,0,'photo_comment',1013,'App\\Photo',25,1020,'App\\Comment',30,NULL,NULL,NULL,'2018-10-24 22:02:15','2018-10-24 22:02:15'),(93,0,'profile_follow',1012,'App\\User',1012,1020,'App\\User',1020,NULL,NULL,NULL,'2018-10-24 22:02:36','2018-10-24 22:02:36'),(94,0,'photo_love',1012,'App\\Photo',14,1020,'App\\Love',50,NULL,NULL,NULL,'2018-10-24 22:02:37','2018-10-24 22:02:37'),(95,0,'photo_comment',1012,'App\\Photo',14,1020,'App\\Comment',31,NULL,NULL,NULL,'2018-10-24 22:02:48','2018-10-24 22:02:48'),(96,0,'photo_love',1028,'App\\Photo',24,1020,'App\\Love',51,NULL,NULL,NULL,'2018-10-24 22:03:23','2018-10-24 22:03:23'),(97,0,'photo_love',1024,'App\\Photo',19,1020,'App\\Love',52,NULL,NULL,NULL,'2018-10-24 22:03:24','2018-10-24 22:03:24'),(98,0,'photo_love',1016,'App\\Photo',17,1020,'App\\Love',53,NULL,NULL,NULL,'2018-10-24 22:03:27','2018-10-24 22:03:27'),(99,0,'photo_comment',1016,'App\\Photo',17,1020,'App\\Comment',32,NULL,NULL,NULL,'2018-10-24 22:03:48','2018-10-24 22:03:48'),(100,0,'photo_comment',1007,'App\\Photo',28,1018,'App\\Comment',33,NULL,NULL,NULL,'2018-10-24 22:11:36','2018-10-24 22:11:36'),(101,0,'photo_love',1048,'App\\Photo',37,1018,'App\\Love',54,NULL,NULL,NULL,'2018-10-24 22:11:53','2018-10-24 22:11:53'),(102,0,'photo_comment',1048,'App\\Photo',37,1018,'App\\Comment',34,NULL,NULL,NULL,'2018-10-24 22:12:46','2018-10-24 22:12:46'),(103,0,'photo_love',1043,'App\\Photo',35,1018,'App\\Love',55,NULL,NULL,NULL,'2018-10-24 22:13:49','2018-10-24 22:13:49'),(104,0,'photo_comment',1043,'App\\Photo',35,1018,'App\\Comment',35,NULL,NULL,NULL,'2018-10-24 22:14:21','2018-10-24 22:14:21'),(105,0,'photo_love',1019,'App\\Photo',34,1018,'App\\Love',56,NULL,NULL,NULL,'2018-10-24 22:14:30','2018-10-24 22:14:30'),(106,0,'photo_comment',1019,'App\\Photo',34,1018,'App\\Comment',36,NULL,NULL,NULL,'2018-10-24 22:14:48','2018-10-24 22:14:48'),(107,0,'photo_love',1040,'App\\Photo',33,1018,'App\\Love',57,NULL,NULL,NULL,'2018-10-24 22:14:59','2018-10-24 22:14:59'),(108,0,'photo_love',1028,'App\\Photo',24,1018,'App\\Love',58,NULL,NULL,NULL,'2018-10-24 22:15:35','2018-10-24 22:15:35'),(109,0,'photo_love',1024,'App\\Photo',19,1018,'App\\Love',59,NULL,NULL,NULL,'2018-10-24 22:15:46','2018-10-24 22:15:46'),(110,0,'photo_love',1020,'App\\Photo',16,1018,'App\\Love',60,NULL,NULL,NULL,'2018-10-24 22:16:07','2018-10-24 22:16:07'),(111,0,'photo_comment',1020,'App\\Photo',16,1018,'App\\Comment',37,NULL,NULL,NULL,'2018-10-24 22:16:18','2018-10-24 22:16:18'),(112,0,'photo_love',1015,'App\\Photo',15,1018,'App\\Love',61,NULL,NULL,NULL,'2018-10-24 22:16:24','2018-10-24 22:16:24'),(113,0,'photo_love',1012,'App\\Photo',14,1018,'App\\Love',62,NULL,NULL,NULL,'2018-10-24 22:16:31','2018-10-24 22:16:31'),(114,0,'profile_follow',1019,'App\\User',1019,1034,'App\\User',1034,NULL,NULL,NULL,'2018-10-25 03:16:49','2018-10-25 03:16:49'),(115,0,'photo_comment',1019,'App\\Photo',34,1034,'App\\Comment',38,NULL,NULL,NULL,'2018-10-25 03:18:09','2018-10-25 03:18:09'),(116,0,'photo_love',1024,'App\\Photo',19,1034,'App\\Love',63,NULL,NULL,NULL,'2018-10-25 03:19:11','2018-10-25 03:19:11'),(117,0,'photo_comment',1024,'App\\Photo',19,1034,'App\\Comment',39,NULL,NULL,NULL,'2018-10-25 03:20:06','2018-10-25 03:20:06'),(118,0,'photo_love',1015,'App\\Photo',15,1034,'App\\Love',64,NULL,NULL,NULL,'2018-10-25 03:20:26','2018-10-25 03:20:26'),(119,0,'photo_comment',1015,'App\\Photo',15,1034,'App\\Comment',40,NULL,NULL,NULL,'2018-10-25 03:21:23','2018-10-25 03:21:23'),(120,0,'photo_love',1007,'App\\Photo',28,1034,'App\\Love',65,NULL,NULL,NULL,'2018-10-25 03:21:44','2018-10-25 03:21:44'),(121,0,'photo_comment',1007,'App\\Photo',28,1034,'App\\Comment',41,NULL,NULL,NULL,'2018-10-25 03:23:03','2018-10-25 03:23:03'),(122,0,'photo_love',1048,'App\\Photo',37,1030,'App\\Love',66,NULL,NULL,NULL,'2018-10-25 04:10:28','2018-10-25 04:10:28'),(123,0,'photo_love',1007,'App\\Photo',28,1030,'App\\Love',67,NULL,NULL,NULL,'2018-10-25 04:10:38','2018-10-25 04:10:38'),(124,0,'photo_comment',1007,'App\\Photo',28,1030,'App\\Comment',42,NULL,NULL,NULL,'2018-10-25 04:14:42','2018-10-25 04:14:42'),(125,0,'profile_follow',1044,'App\\User',1044,1030,'App\\User',1030,NULL,NULL,NULL,'2018-10-25 04:15:42','2018-10-25 04:15:42'),(126,0,'photo_love',1043,'App\\Photo',35,1030,'App\\Love',68,NULL,NULL,NULL,'2018-10-25 04:17:27','2018-10-25 04:17:27'),(127,0,'photo_comment',1043,'App\\Photo',35,1030,'App\\Comment',43,NULL,NULL,NULL,'2018-10-25 04:19:49','2018-10-25 04:19:49'),(128,0,'photo_love',1019,'App\\Photo',34,1030,'App\\Love',69,NULL,NULL,NULL,'2018-10-25 04:20:01','2018-10-25 04:20:01'),(129,0,'photo_comment',1019,'App\\Photo',34,1030,'App\\Comment',44,NULL,NULL,NULL,'2018-10-25 04:22:13','2018-10-25 04:22:13'),(130,0,'comment_reply',1024,'App\\Comment',14,1030,'App\\Comment',44,'App\\Photo',34,NULL,'2018-10-25 04:22:13','2018-10-25 04:22:13'),(131,0,'photo_comment',1040,'App\\Photo',33,1030,'App\\Comment',45,NULL,NULL,NULL,'2018-10-25 04:26:39','2018-10-25 04:26:39'),(132,0,'comment_reply',1022,'App\\Comment',9,1030,'App\\Comment',45,'App\\Photo',33,NULL,'2018-10-25 04:26:39','2018-10-25 04:26:39'),(133,0,'photo_love',1038,'App\\Photo',31,1030,'App\\Love',70,NULL,NULL,NULL,'2018-10-25 04:27:23','2018-10-25 04:27:23'),(134,0,'photo_love',1037,'App\\Photo',30,1030,'App\\Love',71,NULL,NULL,NULL,'2018-10-25 04:36:39','2018-10-25 04:36:39'),(135,0,'photo_comment',1037,'App\\Photo',30,1030,'App\\Comment',46,NULL,NULL,NULL,'2018-10-25 04:39:43','2018-10-25 04:39:43'),(136,0,'photo_love',1035,'App\\Photo',27,1030,'App\\Love',72,NULL,NULL,NULL,'2018-10-25 04:40:47','2018-10-25 04:40:47'),(137,0,'photo_love',1024,'App\\Photo',19,1030,'App\\Love',73,NULL,NULL,NULL,'2018-10-25 04:41:30','2018-10-25 04:41:30'),(138,0,'photo_love',1007,'App\\Photo',28,1043,'App\\Love',74,NULL,NULL,NULL,'2018-10-26 03:39:17','2018-10-26 03:39:17'),(139,0,'photo_love',1048,'App\\Photo',37,1043,'App\\Love',75,NULL,NULL,NULL,'2018-10-26 03:39:24','2018-10-26 03:39:24'),(140,0,'profile_follow',1030,'App\\User',1030,1043,'App\\User',1043,NULL,NULL,NULL,'2018-10-26 03:41:10','2018-10-26 03:41:10'),(141,0,'profile_follow',1018,'App\\User',1018,1043,'App\\User',1043,NULL,NULL,NULL,'2018-10-26 03:41:27','2018-10-26 03:41:27'),(142,0,'profile_follow',1020,'App\\User',1020,1043,'App\\User',1043,NULL,NULL,NULL,'2018-10-26 03:41:42','2018-10-26 03:41:42'),(143,0,'profile_follow',1032,'App\\User',1032,1043,'App\\User',1043,NULL,NULL,NULL,'2018-10-26 03:42:11','2018-10-26 03:42:11'),(144,0,'photo_love',1040,'App\\Photo',33,1043,'App\\Love',76,NULL,NULL,NULL,'2018-10-26 03:42:41','2018-10-26 03:42:41'),(145,0,'profile_follow',1040,'App\\User',1040,1043,'App\\User',1043,NULL,NULL,NULL,'2018-10-26 03:43:00','2018-10-26 03:43:00'),(146,0,'profile_follow',1022,'App\\User',1022,1043,'App\\User',1043,NULL,NULL,NULL,'2018-10-26 03:43:41','2018-10-26 03:43:41'),(147,0,'photo_love',1039,'App\\Photo',32,1043,'App\\Love',77,NULL,NULL,NULL,'2018-10-26 03:44:14','2018-10-26 03:44:14'),(148,0,'profile_follow',1037,'App\\User',1037,1043,'App\\User',1043,NULL,NULL,NULL,'2018-10-26 03:45:24','2018-10-26 03:45:24'),(149,0,'photo_love',1024,'App\\Photo',19,1043,'App\\Love',78,NULL,NULL,NULL,'2018-10-26 03:45:48','2018-10-26 03:45:48'),(150,0,'photo_love',1020,'App\\Photo',16,1043,'App\\Love',79,NULL,NULL,NULL,'2018-10-26 03:46:32','2018-10-26 03:46:32'),(151,0,'photo_love',1015,'App\\Photo',15,1043,'App\\Love',80,NULL,NULL,NULL,'2018-10-26 03:46:40','2018-10-26 03:46:40'),(152,0,'photo_love',1012,'App\\Photo',14,1043,'App\\Love',81,NULL,NULL,NULL,'2018-10-26 03:46:45','2018-10-26 03:46:45'),(153,0,'profile_follow',1012,'App\\User',1012,1043,'App\\User',1043,NULL,NULL,NULL,'2018-10-26 03:46:58','2018-10-26 03:46:58'),(154,0,'comment_reply',1018,'App\\Comment',37,1020,'App\\Comment',47,'App\\Photo',16,NULL,'2018-10-29 18:41:20','2018-10-29 18:41:20'),(155,0,'comment_reply',1030,'App\\Comment',42,1007,'App\\Comment',48,'App\\Photo',28,NULL,'2018-11-04 18:18:43','2018-11-04 18:18:43'),(156,0,'photo_love',1024,'App\\Photo',51,1018,'App\\Love',84,NULL,NULL,NULL,'2018-11-06 16:30:19','2018-11-06 16:30:19'),(157,0,'photo_comment',1024,'App\\Photo',51,1018,'App\\Comment',49,NULL,NULL,NULL,'2018-11-06 21:37:16','2018-11-06 21:37:16'),(158,0,'photo_love',1020,'App\\Photo',48,1018,'App\\Love',85,NULL,NULL,NULL,'2018-11-06 22:07:26','2018-11-06 22:07:26'),(159,0,'photo_comment',1057,'App\\Photo',47,1018,'App\\Comment',50,NULL,NULL,NULL,'2018-11-06 22:08:16','2018-11-06 22:08:16'),(160,0,'photo_love',1064,'App\\Photo',46,1020,'App\\Love',86,NULL,NULL,NULL,'2018-11-07 19:36:36','2018-11-07 19:36:36'),(161,0,'photo_comment',1064,'App\\Photo',46,1020,'App\\Comment',51,NULL,NULL,NULL,'2018-11-07 19:36:54','2018-11-07 19:36:54'),(162,0,'photo_love',1057,'App\\Photo',47,1020,'App\\Love',87,NULL,NULL,NULL,'2018-11-07 19:37:05','2018-11-07 19:37:05'),(163,0,'photo_comment',1057,'App\\Photo',47,1020,'App\\Comment',52,NULL,NULL,NULL,'2018-11-07 19:37:28','2018-11-07 19:37:28'),(164,0,'photo_love',1025,'App\\Photo',50,1020,'App\\Love',88,NULL,NULL,NULL,'2018-11-07 19:38:01','2018-11-07 19:38:01'),(165,0,'photo_comment',1025,'App\\Photo',50,1020,'App\\Comment',54,NULL,NULL,NULL,'2018-11-07 19:38:09','2018-11-07 19:38:09'),(166,0,'photo_love',1062,'App\\Photo',45,1020,'App\\Love',89,NULL,NULL,NULL,'2018-11-07 19:43:14','2018-11-07 19:43:14'),(167,0,'photo_comment',1062,'App\\Photo',45,1020,'App\\Comment',55,NULL,NULL,NULL,'2018-11-07 19:43:45','2018-11-07 19:43:45'),(168,0,'photo_love',1018,'App\\Photo',52,1020,'App\\Love',90,NULL,NULL,NULL,'2018-11-07 19:44:02','2018-11-07 19:44:02'),(169,0,'photo_comment',1018,'App\\Photo',52,1020,'App\\Comment',56,NULL,NULL,NULL,'2018-11-07 19:44:12','2018-11-07 19:44:12'),(170,0,'photo_love',1005,'App\\Photo',53,1020,'App\\Love',91,NULL,NULL,NULL,'2018-11-08 03:35:19','2018-11-08 03:35:19'),(171,0,'photo_love',1062,'App\\Photo',58,1013,'App\\Love',93,NULL,NULL,NULL,'2018-11-15 21:05:12','2018-11-15 21:05:12'),(172,0,'photo_love',1067,'App\\Photo',59,1013,'App\\Love',94,NULL,NULL,NULL,'2018-11-15 21:05:14','2018-11-15 21:05:14'),(173,0,'photo_love',1019,'App\\Photo',60,1013,'App\\Love',95,NULL,NULL,NULL,'2018-11-15 21:05:17','2018-11-15 21:05:17'),(174,0,'photo_love',1035,'App\\Photo',62,1013,'App\\Love',96,NULL,NULL,NULL,'2018-11-15 21:05:20','2018-11-15 21:05:20'),(175,0,'photo_love',1064,'App\\Photo',61,1013,'App\\Love',97,NULL,NULL,NULL,'2018-11-15 21:05:23','2018-11-15 21:05:23'),(176,0,'photo_love',1020,'App\\Photo',64,1013,'App\\Love',98,NULL,NULL,NULL,'2018-11-15 21:05:25','2018-11-15 21:05:25'),(177,0,'photo_love',1018,'App\\Photo',65,1013,'App\\Love',99,NULL,NULL,NULL,'2018-11-15 21:05:29','2018-11-15 21:05:29'),(178,0,'profile_follow',1018,'App\\User',1018,1013,'App\\User',1013,NULL,NULL,NULL,'2018-11-15 21:05:41','2018-11-15 21:05:41'),(179,0,'photo_comment',1018,'App\\Photo',65,1013,'App\\Comment',58,NULL,NULL,NULL,'2018-11-15 21:06:11','2018-11-15 21:06:11'),(180,0,'profile_follow',1062,'App\\User',1062,1013,'App\\User',1013,NULL,NULL,NULL,'2018-11-15 21:06:44','2018-11-15 21:06:44'),(181,0,'photo_comment',1062,'App\\Photo',58,1013,'App\\Comment',59,NULL,NULL,NULL,'2018-11-15 21:07:07','2018-11-15 21:07:07'),(182,0,'photo_comment',1067,'App\\Photo',59,1013,'App\\Comment',60,NULL,NULL,NULL,'2018-11-15 21:07:54','2018-11-15 21:07:54'),(183,0,'profile_follow',1019,'App\\User',1019,1013,'App\\User',1013,NULL,NULL,NULL,'2018-11-15 21:08:17','2018-11-15 21:08:17'),(184,0,'photo_comment',1019,'App\\Photo',60,1013,'App\\Comment',61,NULL,NULL,NULL,'2018-11-15 21:10:16','2018-11-15 21:10:16'),(185,0,'profile_follow',1035,'App\\User',1035,1013,'App\\User',1013,NULL,NULL,NULL,'2018-11-15 21:10:32','2018-11-15 21:10:32'),(186,0,'photo_comment',1035,'App\\Photo',62,1013,'App\\Comment',62,NULL,NULL,NULL,'2018-11-15 21:10:43','2018-11-15 21:10:43'),(187,0,'profile_follow',1067,'App\\User',1067,1013,'App\\User',1013,NULL,NULL,NULL,'2018-11-15 21:11:19','2018-11-15 21:11:19'),(188,0,'profile_follow',1064,'App\\User',1064,1013,'App\\User',1013,NULL,NULL,NULL,'2018-11-15 21:11:44','2018-11-15 21:11:44'),(189,0,'photo_comment',1064,'App\\Photo',61,1013,'App\\Comment',63,NULL,NULL,NULL,'2018-11-15 21:12:01','2018-11-15 21:12:01'),(190,0,'profile_follow',1020,'App\\User',1020,1013,'App\\User',1013,NULL,NULL,NULL,'2018-11-15 21:12:30','2018-11-15 21:12:30'),(191,0,'photo_comment',1020,'App\\Photo',64,1013,'App\\Comment',64,NULL,NULL,NULL,'2018-11-15 21:13:33','2018-11-15 21:13:33'),(192,0,'photo_love',1013,'App\\Photo',57,1067,'App\\Love',100,NULL,NULL,NULL,'2018-11-15 21:29:59','2018-11-15 21:29:59'),(193,0,'photo_love',1062,'App\\Photo',58,1067,'App\\Love',101,NULL,NULL,NULL,'2018-11-15 21:30:02','2018-11-15 21:30:02'),(194,0,'photo_comment',1062,'App\\Photo',58,1067,'App\\Comment',65,NULL,NULL,NULL,'2018-11-15 21:30:15','2018-11-15 21:30:15'),(195,0,'photo_comment',1035,'App\\Photo',62,1067,'App\\Comment',66,NULL,NULL,NULL,'2018-11-15 21:30:54','2018-11-15 21:30:54'),(196,0,'profile_follow',1035,'App\\User',1035,1067,'App\\User',1067,NULL,NULL,NULL,'2018-11-15 21:30:58','2018-11-15 21:30:58'),(197,0,'photo_comment',1064,'App\\Photo',61,1067,'App\\Comment',67,NULL,NULL,NULL,'2018-11-15 21:31:19','2018-11-15 21:31:19'),(198,0,'comment_reply',1013,'App\\Comment',58,1018,'App\\Comment',68,'App\\Photo',65,NULL,'2018-11-15 21:43:20','2018-11-15 21:43:20'),(199,0,'photo_love',1013,'App\\Photo',57,1018,'App\\Love',102,NULL,NULL,NULL,'2018-11-15 21:43:42','2018-11-15 21:43:42'),(200,0,'photo_love',1062,'App\\Photo',58,1018,'App\\Love',103,NULL,NULL,NULL,'2018-11-15 21:43:58','2018-11-15 21:43:58'),(201,0,'photo_love',1064,'App\\Photo',61,1018,'App\\Love',104,NULL,NULL,NULL,'2018-11-15 21:44:06','2018-11-15 21:44:06'),(202,0,'photo_comment',1018,'App\\Photo',65,1064,'App\\Comment',69,NULL,NULL,NULL,'2018-11-15 22:53:57','2018-11-15 22:53:57'),(203,0,'photo_comment',1062,'App\\Photo',58,1064,'App\\Comment',70,NULL,NULL,NULL,'2018-11-15 22:54:58','2018-11-15 22:54:58'),(204,0,'photo_comment',1019,'App\\Photo',60,1064,'App\\Comment',71,NULL,NULL,NULL,'2018-11-15 22:56:35','2018-11-15 22:56:35'),(205,0,'photo_comment',1035,'App\\Photo',62,1064,'App\\Comment',72,NULL,NULL,NULL,'2018-11-15 22:56:58','2018-11-15 22:56:58'),(206,0,'photo_comment',1020,'App\\Photo',64,1064,'App\\Comment',73,NULL,NULL,NULL,'2018-11-15 22:58:34','2018-11-15 22:58:34'),(207,0,'photo_love',1018,'App\\Photo',65,1064,'App\\Love',105,NULL,NULL,NULL,'2018-11-15 22:59:41','2018-11-15 22:59:41'),(208,0,'photo_love',1019,'App\\Photo',60,1062,'App\\Love',106,NULL,NULL,NULL,'2018-11-15 23:39:55','2018-11-15 23:39:55'),(209,0,'photo_love',1064,'App\\Photo',61,1024,'App\\Love',107,NULL,NULL,NULL,'2018-11-15 23:47:01','2018-11-15 23:47:01'),(210,0,'profile_follow',1062,'App\\User',1062,1030,'App\\User',1030,NULL,NULL,NULL,'2018-11-16 01:15:49','2018-11-16 01:15:49'),(211,0,'profile_follow',1035,'App\\User',1035,1030,'App\\User',1030,NULL,NULL,NULL,'2018-11-16 01:16:32','2018-11-16 01:16:32'),(212,0,'photo_love',1013,'App\\Photo',57,1020,'App\\Love',108,NULL,NULL,NULL,'2018-11-16 15:44:37','2018-11-16 15:44:37'),(213,0,'photo_love',1062,'App\\Photo',58,1020,'App\\Love',109,NULL,NULL,NULL,'2018-11-16 15:45:03','2018-11-16 15:45:03'),(214,0,'photo_comment',1062,'App\\Photo',58,1020,'App\\Comment',74,NULL,NULL,NULL,'2018-11-16 15:45:22','2018-11-16 15:45:22'),(215,0,'photo_comment',1013,'App\\Photo',57,1020,'App\\Comment',75,NULL,NULL,NULL,'2018-11-16 15:46:11','2018-11-16 15:46:11'),(216,0,'photo_love',1067,'App\\Photo',59,1020,'App\\Love',110,NULL,NULL,NULL,'2018-11-16 15:46:20','2018-11-16 15:46:20'),(217,0,'photo_comment',1067,'App\\Photo',59,1020,'App\\Comment',76,NULL,NULL,NULL,'2018-11-16 15:46:26','2018-11-16 15:46:26'),(218,0,'comment_reply',1013,'App\\Comment',64,1020,'App\\Comment',77,'App\\Photo',64,NULL,'2018-11-16 15:47:46','2018-11-16 15:47:46'),(219,0,'comment_reply',1064,'App\\Comment',73,1020,'App\\Comment',78,'App\\Photo',64,NULL,'2018-11-16 15:48:18','2018-11-16 15:48:18'),(220,0,'photo_love',1005,'App\\Photo',67,1020,'App\\Love',111,NULL,NULL,NULL,'2018-11-16 15:48:36','2018-11-16 15:48:36'),(221,0,'photo_comment',1005,'App\\Photo',67,1020,'App\\Comment',79,NULL,NULL,NULL,'2018-11-16 15:49:00','2018-11-16 15:49:00'),(222,0,'profile_follow',1018,'App\\User',1018,1020,'App\\User',1020,NULL,NULL,NULL,'2018-11-16 15:55:11','2018-11-16 15:55:11'),(223,0,'photo_love',1013,'App\\Photo',57,1019,'App\\Love',112,NULL,NULL,NULL,'2018-11-19 03:36:30','2018-11-19 03:36:30'),(224,0,'photo_love',1062,'App\\Photo',58,1019,'App\\Love',113,NULL,NULL,NULL,'2018-11-19 03:36:31','2018-11-19 03:36:31'),(225,0,'photo_love',1067,'App\\Photo',59,1019,'App\\Love',114,NULL,NULL,NULL,'2018-11-19 03:36:34','2018-11-19 03:36:34'),(226,0,'comment_reply',1064,'App\\Comment',71,1019,'App\\Comment',80,'App\\Photo',60,NULL,'2018-11-19 03:38:23','2018-11-19 03:38:23'),(227,0,'photo_love',1020,'App\\Photo',64,1019,'App\\Love',116,NULL,NULL,NULL,'2018-11-19 03:38:36','2018-11-19 03:38:36'),(228,0,'photo_love',1004,'App\\Photo',68,1019,'App\\Love',117,NULL,NULL,NULL,'2018-11-19 03:38:37','2018-11-19 03:38:37'),(229,0,'photo_love',1018,'App\\Photo',65,1019,'App\\Love',118,NULL,NULL,NULL,'2018-11-19 03:38:39','2018-11-19 03:38:39'),(230,0,'photo_love',1005,'App\\Photo',67,1019,'App\\Love',119,NULL,NULL,NULL,'2018-11-19 03:38:41','2018-11-19 03:38:41'),(231,0,'photo_love',1064,'App\\Photo',61,1019,'App\\Love',120,NULL,NULL,NULL,'2018-11-19 03:38:43','2018-11-19 03:38:43'),(232,0,'photo_love',1035,'App\\Photo',62,1019,'App\\Love',121,NULL,NULL,NULL,'2018-11-19 03:38:44','2018-11-19 03:38:44'),(233,0,'photo_love',1067,'App\\Photo',59,1019,'App\\Love',122,NULL,NULL,NULL,'2018-11-19 03:38:47','2018-11-19 03:38:47'),(234,0,'photo_comment',1019,'App\\Photo',60,1034,'App\\Comment',81,NULL,NULL,NULL,'2018-11-20 12:28:24','2018-11-20 12:28:24'),(235,0,'photo_comment',1064,'App\\Photo',73,1020,'App\\Comment',82,NULL,NULL,NULL,'2018-12-30 20:55:27','2018-12-30 20:55:27'),(236,0,'photo_comment',1024,'App\\Photo',77,1020,'App\\Comment',83,NULL,NULL,NULL,'2018-12-30 20:56:15','2018-12-30 20:56:15'),(237,0,'photo_love',1069,'App\\Photo',71,1020,'App\\Love',123,NULL,NULL,NULL,'2018-12-30 20:56:23','2018-12-30 20:56:23'),(238,0,'photo_comment',1018,'App\\Photo',76,1020,'App\\Comment',84,NULL,NULL,NULL,'2018-12-30 20:56:57','2018-12-30 20:56:57'),(239,0,'profile_follow',1062,'App\\User',1062,1007,'App\\User',1007,NULL,NULL,NULL,'2018-12-31 14:41:01','2018-12-31 14:41:01'),(240,0,'profile_follow',1007,'App\\User',1007,1079,'App\\User',1079,NULL,NULL,NULL,'2019-01-30 06:58:27','2019-01-30 06:58:27'),(241,0,'profile_follow',1025,'App\\User',1025,1007,'App\\User',1007,NULL,NULL,NULL,'2019-02-10 19:18:34','2019-02-10 19:18:34'),(242,0,'profile_follow',1044,'App\\User',1044,1007,'App\\User',1007,NULL,NULL,NULL,'2019-02-10 19:18:59','2019-02-10 19:18:59'),(243,0,'photo_love',1048,'App\\Photo',37,1007,'App\\Love',124,NULL,NULL,NULL,'2019-03-03 18:09:04','2019-03-03 18:09:04'),(244,0,'profile_follow',1025,'App\\User',1025,1007,'App\\User',1007,NULL,NULL,NULL,'2019-03-03 18:09:21','2019-03-03 18:09:21'),(245,0,'profile_follow',1048,'App\\User',1048,1007,'App\\User',1007,NULL,NULL,NULL,'2019-03-04 09:55:43','2019-03-04 09:55:43');
/*!40000 ALTER TABLE `notifications` ENABLE KEYS */;
UNLOCK TABLES;

--
-- Table structure for table `oauth_access_tokens`
--

DROP TABLE IF EXISTS `oauth_access_tokens`;
/*!40101 SET @saved_cs_client     = @@character_set_client */;
/*!40101 SET character_set_client = utf8 */;
CREATE TABLE `oauth_access_tokens` (
  `id` varchar(100) COLLATE utf8mb4_unicode_ci NOT NULL,
  `user_id` int(11) DEFAULT NULL,
  `client_id` int(11) NOT NULL,
  `name` varchar(191) COLLATE utf8mb4_unicode_ci DEFAULT NULL,
  `scopes` text COLLATE utf8mb4_unicode_ci,
  `revoked` tinyint(1) NOT NULL,
  `created_at` timestamp NULL DEFAULT NULL,
  `updated_at` timestamp NULL DEFAULT NULL,
  `expires_at` datetime DEFAULT NULL,
  PRIMARY KEY (`id`),
  KEY `oauth_access_tokens_user_id_index` (`user_id`)
) ENGINE=InnoDB DEFAULT CHARSET=utf8mb4 COLLATE=utf8mb4_unicode_ci;
/*!40101 SET character_set_client = @saved_cs_client */;

--
-- Dumping data for table `oauth_access_tokens`
--

LOCK TABLES `oauth_access_tokens` WRITE;
/*!40000 ALTER TABLE `oauth_access_tokens` DISABLE KEYS */;
INSERT INTO `oauth_access_tokens` VALUES ('01534a0c3f951be1360429a46702ae4cc8fc625838979e42887ca6cbd0470087e99c1aa244d5f657',1042,2,NULL,'[]',0,'2018-10-21 18:00:07','2018-10-21 18:00:07','2018-11-04 18:00:07'),('0166b8eebedc6825019138736251791497b71f69223152803ff68b4d118453bcfd54a064698ef010',1007,1,'facebook:10154878145851985','[]',1,'2019-02-10 19:17:43','2019-02-10 19:17:43','2019-02-24 19:17:41'),('017949852664109486c19e03f14f06734567ee961eba7c2718f3a00caa7a40fc501a1da7a7e9e74b',1030,2,NULL,'[]',0,'2018-10-19 17:35:35','2018-10-19 17:35:35','2018-11-02 17:35:35'),('0425325e3f60c391a752e78b57d105f1e825bfe5f0a660c14eea542ade3d1eb84af657c5da14109a',1023,1,'facebook:10156931523443760','[]',0,'2018-10-19 03:14:02','2018-10-19 03:14:02','2018-11-02 03:13:59'),('0489d092adfbf1e0fd0a7471ee4f5209597d615358ad9e899c05389f35aba53c9f9061e5ee59d842',1054,1,'facebook:10217602092627881','[]',0,'2018-10-22 23:32:27','2018-10-22 23:32:27','2018-11-05 23:32:24'),('04bad88cdc1cd5dc4f527f2c78c0b5abd8c9c65b86a5744711f7218fa963d74cbc85aeaa48e25df9',1007,1,'facebook:10154878145851985','[]',0,'2019-03-04 09:49:45','2019-03-04 09:49:45','2019-03-18 09:49:44'),('08c6e8747d7237dc361ccc38d4a7e6485f52842f3050ad1f5b25da9fccad3e09ace16b809cd4fc2b',1034,2,NULL,'[]',0,'2018-10-29 03:44:44','2018-10-29 03:44:44','2018-11-12 03:44:44'),('09645f90e89a8ba444a6700fc68348095a3a712298b61919d6cb54d13220f6291a96ac05861ea638',1025,2,NULL,'[]',0,'2018-10-20 11:22:28','2018-10-20 11:22:28','2018-11-03 11:22:27'),('0b2565aef7dd1430f1c3ee4a97b0b4654b239b2a60680218cf642a1e6740f23c96bbb3f9f8589238',1069,1,'facebook:2163447100334857','[]',0,'2018-11-15 21:48:48','2018-11-15 21:48:48','2018-11-29 21:48:46'),('0c3ae84576418f400e418496b0b9c1a36bfcd1d1758fd07533832bc082820049bc7f9935a26b9548',1032,2,NULL,'[]',0,'2018-10-19 20:34:47','2018-10-19 20:34:47','2018-11-02 20:34:47'),('0d94dc5e9e9f378259ec0da1e2cefb98cb4772f4cefcc07dc7907cce7c6cf8ef778ba54c69ff7f30',1042,2,NULL,'[]',0,'2018-10-21 18:05:51','2018-10-21 18:05:51','2018-11-04 18:05:51'),('0f7fe61e8338919dd2405a96d1d584c627cd4227f4842382b7104d470fe878e9a7bd0ebd7d690e31',1043,2,NULL,'[]',0,'2018-10-21 20:03:28','2018-10-21 20:03:28','2018-11-04 20:03:28'),('0f936a600d50520317f3a757c0ea072c76a6ea47307173db06f19b8e8e7fd8007635a06e287c109e',1056,1,'facebook:2713902268627756','[]',0,'2018-10-23 12:28:13','2018-10-23 12:28:13','2018-11-06 12:28:12'),('10b28a180bb937ae0a8cc7ec2801bca89f571ef5148a3738885ea3f7eec3fd9a339f7f1f00a9fdba',1026,2,NULL,'[]',0,'2018-10-19 11:55:05','2018-10-19 11:55:05','2018-11-02 11:55:05'),('10df1210b83316ce47ec01f444396f6dac47670d933de528e432f4cd4992f371ebc357a24d87edfc',1018,2,NULL,'[]',0,'2018-10-18 22:17:41','2018-10-18 22:17:41','2018-11-01 22:17:41'),('16da5cc50393af7386271a3a47a628e3ae7b9f202f5c13f226de549dcdba02494522c8585373cb54',1012,1,'facebook:2067516559998225','[]',0,'2018-10-18 20:36:25','2018-10-18 20:36:25','2018-11-01 20:36:23'),('192e04f3463e9931556b7d2d5523f0873c8b90ab0acd62b2438c0c9f6de20a8eebc67ef6616032b3',1063,1,'facebook:10155699569165289','[]',1,'2018-10-24 18:08:05','2018-10-24 18:08:05','2018-11-07 18:08:04'),('19419482747d0fb24c23b31951025859977facd2a0d87fb49becfd5b18fd11d81deb9f74069a1f5f',1007,1,'facebook:10154878145851985','[]',0,'2018-11-08 16:58:07','2018-11-08 16:58:07','2018-11-22 16:58:06'),('1a37d89aac6d0dd69b36e9a178c937fcd0250015e08c63f25e562e7a369461d78ab3c7dbac064952',1052,2,NULL,'[]',0,'2018-10-22 15:56:37','2018-10-22 15:56:37','2018-11-05 15:56:37'),('1ab3b7eb5ca794898e7c75a6f79ed1671e7f87687602dbfe1ea3cd86cc22f206bc4284a0c6c12718',1018,2,NULL,'[]',1,'2018-10-27 02:48:30','2018-10-27 02:48:30','2018-11-10 02:48:30'),('1c2b4a6fd68b2a8834083856b7345eece5f4fe6872a6bd2253db39e11ce976de32f96d9a0c9ed63d',1058,2,NULL,'[]',0,'2018-10-23 19:42:00','2018-10-23 19:42:00','2018-11-06 19:41:59'),('1d232e16e9caaadf860b4a503a0f2f63a43d66084868d417d0befbedf6e4876b208482aa5907d264',1018,2,NULL,'[]',1,'2018-10-29 01:09:01','2018-10-29 01:09:01','2018-11-12 01:09:01'),('201140734a02007e5bf745360e915fd541bc319623e5ea38197c18627c2843c5a9cea6ab3bf556c0',1042,2,NULL,'[]',0,'2018-10-21 17:55:18','2018-10-21 17:55:18','2018-11-04 17:55:18'),('245866a4429d33e439c7a922a9727d842eebc388f07d3c7bb3c68cfe39a7f7f63f6393440004be47',1019,2,NULL,'[]',0,'2018-11-19 03:30:05','2018-11-19 03:30:05','2018-12-03 03:30:05'),('2510d10fb9f5402691cd5e5f85a5b5713c9c11120061e12e437aed453e2571d01a5b7073528dd2f8',1018,2,NULL,'[]',0,'2018-11-06 16:31:38','2018-11-06 16:31:38','2018-11-20 16:31:38'),('28f4695da9f2757297747ac9c03c73f38d1e253c7ceaf6baf23228be4686db841d52a9404b584803',1018,2,NULL,'[]',1,'2018-10-18 23:51:51','2018-10-18 23:51:51','2018-11-01 23:51:51'),('29360d50329edf2a2a0536d527d57d4bd28dd5c6753f2a0990a95b1459684fba0925aed413f49379',1034,2,NULL,'[]',0,'2018-10-29 13:38:46','2018-10-29 13:38:46','2018-11-12 13:38:45'),('2d48cdad8542b610b07342d2ccbc2e6ef3a93ac98da8d7835c9a3ab650edbffad21e55d428716df3',1006,2,NULL,'[]',1,'2018-10-19 02:12:23','2018-10-19 02:12:23','2018-11-02 02:12:23'),('30b1dd6faef4f50aff35825f10342102e569e8f198431334be8cdc17f6ae3c4e6004dbdb66455c28',1068,2,NULL,'[]',0,'2018-11-08 20:12:09','2018-11-08 20:12:09','2018-11-22 20:12:09'),('30c710d1d738b2d30bc80d4993f68870a2d91e6340ab958ce3ff62bc4bbd703c05c5fd7c852b2c0a',1020,2,NULL,'[]',0,'2018-10-24 16:56:47','2018-10-24 16:56:47','2018-11-07 16:56:47'),('340a09726baecd8907afe79ee1b6413fd5224c510203e460e46bf5c1b4820d459ae0624aeba30771',1036,2,NULL,'[]',0,'2018-10-28 17:47:45','2018-10-28 17:47:45','2018-11-11 17:47:45'),('363f984b0da73563798be76237a827327e32839099c8fde97bb1c1f97d4b66afd13c7d97241e3c8e',1054,1,'facebook:10217602092627881','[]',0,'2018-11-16 16:21:50','2018-11-16 16:21:50','2018-11-30 16:21:49'),('38367d3ac462b2fc60649c971dcd223cf425c07523661f615a3eeffc0aea478094ee59eb8dd8ade2',1007,1,'facebook:10154878145851985','[]',0,'2018-11-26 17:55:19','2018-11-26 17:55:19','2018-12-10 17:55:19'),('3a5dc737a093534c63b7d9fb731c710d799f9db5904de3857074f1bf1f8dde34c087d4e91b7bc0c1',1014,2,NULL,'[]',0,'2018-10-18 20:41:14','2018-10-18 20:41:14','2018-11-01 20:41:14'),('3ae2b961a5d8604a4059e7ef5ccc2998d6173e4f7e2e17b0230e83b4359f3f41efd6eae64a2e961c',1015,2,NULL,'[]',1,'2018-10-18 20:47:31','2018-10-18 20:47:31','2018-11-01 20:47:30'),('3cc886fd3d55958a1627fff4018ee208a92f83f6fd07bcbe47375800129f67e9f6986691241b30ed',1030,2,NULL,'[]',0,'2018-11-16 01:07:22','2018-11-16 01:07:22','2018-11-30 01:07:22'),('3cc9bfc9a0cb2c273247765a8572561d37981561fde3e82e2530a792bdfe16388f32c344a13d6b68',1011,2,NULL,'[]',0,'2018-10-18 20:36:29','2018-10-18 20:36:29','2018-11-01 20:36:29'),('3e623b9330dc02666419712ef326bda8eeeb04c1c5161771d6c8c5d922cefc6def8e1cb0ec6d95b7',1013,1,'facebook:10215876776126618','[]',0,'2018-10-24 20:43:14','2018-10-24 20:43:14','2018-11-07 20:43:14'),('418f6a66bcfb473bf9ea3a1978e16bca4dc0042f4c14789215d57a5413949c7e1d42f1bd958ada1c',1013,1,'facebook:10215876776126618','[]',0,'2018-10-23 15:39:49','2018-10-23 15:39:49','2018-11-06 15:39:49'),('41dcb2df198a96a3e9bf682eaafe6a4a46245e5ea47558a1b5731457a94fc7cc82d9c8f3d923e3e5',1018,2,NULL,'[]',1,'2018-10-29 01:01:45','2018-10-29 01:01:45','2018-11-12 01:01:45'),('4251a03d51f9ed64c58b99dffabc23ae6b775a3053e1d046cf15e11298301422a3a42641613aba73',1020,2,NULL,'[]',0,'2019-02-11 19:17:24','2019-02-11 19:17:24','2019-02-25 19:17:24'),('45dafbe7d8440ae386033948ced45522bab97d698ecad0700541b88d22626e019fb9f8361389693a',1039,2,NULL,'[]',1,'2018-12-04 15:52:10','2018-12-04 15:52:10','2018-12-18 15:52:09'),('468eadacabd2fbcbc04ceea7ad171429a18f7a6ad12843f9e2e4c9ca7221ea3a6e48eb9635cebfbb',1017,2,NULL,'[]',0,'2018-10-18 20:57:52','2018-10-18 20:57:52','2018-11-01 20:57:52'),('470724fb9d691429ca23fe27b0b688ffa0c1272fdf67ebcfaa93ca3e8988e8caa58110aab5baf9e9',1054,1,'facebook:10217602092627881','[]',0,'2018-10-29 03:35:56','2018-10-29 03:35:56','2018-11-12 03:35:55'),('49f2de6249ed6fafd8b3615aa86cf33251729bb98420cb3602cf51842ea2127afff91ec19f3e229a',1020,2,NULL,'[]',0,'2018-11-08 03:33:53','2018-11-08 03:33:53','2018-11-22 03:33:53'),('4c356e2387103b70142830f3b93283aeba748d2f6a14c731177a8dc4c39dbbbaa098053fa885f7bf',1030,1,'facebook:10155609764121035','[]',0,'2018-11-03 22:04:48','2018-11-03 22:04:48','2018-11-17 22:04:45'),('4c8fee9b894ffc6fef9871e897d6b3c1b778ab18d49fea9d87f6f0fb4caa0a515c72684717f2c55e',1018,2,NULL,'[]',0,'2018-11-24 17:38:10','2018-11-24 17:38:10','2018-12-08 17:38:10'),('502acf35fb7ca1586af98ed7bea87d0955bf56bd780bf5940ee0246ac4f72068a2ca27f49b8dde04',1018,2,NULL,'[]',0,'2018-10-18 21:31:15','2018-10-18 21:31:15','2018-11-01 21:31:15'),('505093fdcada6df63f75d0c7dafc4d91509f9a248a894dd3f25cb33e1da73ce3218d81e5064df0f7',1006,2,NULL,'[]',0,'2018-11-08 16:19:24','2018-11-08 16:19:24','2018-11-22 16:19:24'),('52745a34e585cfddadfe6867ecceea1c906a7fd073a62f4ca7c8d8cc1fc70cfed4f6dd6fd13543b6',1019,2,NULL,'[]',0,'2018-10-18 21:41:36','2018-10-18 21:41:36','2018-11-01 21:41:36'),('531c4597d1e1c386015e7586437dc19822b8681dec56c3da8e2850463e458f97f23b21fc8d565920',1001,2,NULL,'[]',1,'2018-10-09 17:33:37','2018-10-09 17:33:37','2018-10-23 17:33:37'),('535b2deba8cf83556c80d2ff18da6511449e237331098f2bb71080e6e729078e62a86409a18aabdf',1058,2,NULL,'[]',0,'2018-10-23 15:13:59','2018-10-23 15:13:59','2018-11-06 15:13:59'),('5632f4d967f14a36ba78956ced5a7c208f04abee9f28986377230f61d4205aebfd13e7eb7063602d',1024,2,NULL,'[]',0,'2018-11-15 23:46:48','2018-11-15 23:46:48','2018-11-29 23:46:48'),('5660bd9d31d6c820bdf8df5053ee4649c92178f8d969cc6d97dcad0a7c2fbeb03e8bed2838e6f586',1045,1,'facebook:2713902268627756','[]',0,'2018-10-21 21:32:41','2018-10-21 21:32:41','2018-11-04 21:32:39'),('56a14ec071fac91288e1703c0cd10a79cfed6e49a49a440f3f572cebde55611c925c119b9d17ae90',1077,2,NULL,'[]',0,'2019-01-14 08:39:01','2019-01-14 08:39:01','2019-01-28 08:39:01'),('5896b09e559afd6b3acde85faf829885889592d58327a9fe8534d3ceb904466f7901784e31863465',1043,2,NULL,'[]',0,'2018-11-12 01:55:06','2018-11-12 01:55:06','2018-11-26 01:55:06'),('58c54619d2efba969164356b1c4f1cecf3b9582abed2631f7dd407c71bec58ba68063093560281a7',1075,2,NULL,'[]',0,'2018-11-30 11:15:11','2018-11-30 11:15:11','2018-12-14 11:15:11'),('59d5e726c43da3d7eed56c1f556fc7ba03a3ee74390cdb5f02b6e4d7e5a3737e65164a77944ff46f',1054,1,'facebook:10217602092627881','[]',0,'2018-11-13 02:59:20','2018-11-13 02:59:20','2018-11-27 02:59:20'),('5a0d2e4cabe79321408162cf7d11bddab35b760e49b70a52f3e200b12df74e19535726e44ea122a3',1007,1,'facebook:10154878145851985','[]',0,'2018-11-04 18:18:21','2018-11-04 18:18:21','2018-11-18 18:18:19'),('5bf115ba105fa9773f3e5e32c2e25807416b8c34ea53305fdf39a8668566f035072397c179c70074',1006,2,NULL,'[]',0,'2018-11-23 09:43:53','2018-11-23 09:43:53','2018-12-07 09:43:53'),('5c2107cc528244fb4a193a403dc2e284cd779ca6ede0d10fa2e05bf004d4649543156675ee5d1aa7',1006,1,'facebook:10207781637059445','[]',1,'2018-10-09 17:34:01','2018-10-09 17:34:01','2018-10-23 17:34:01'),('5d187f02da0581fd33d184436b7ea51167cb1ad1059d96a104f175d7b79a84d729770f1014f1b4a9',1039,2,NULL,'[]',0,'2018-12-04 15:57:58','2018-12-04 15:57:58','2018-12-18 15:57:58'),('5ea6bcd9bf35bd5d73471edb2cd366b8a93b5176b2724dc466bb6aa933eaa439ff8389fb4671810a',1055,2,NULL,'[]',0,'2018-10-23 04:33:45','2018-10-23 04:33:45','2018-11-06 04:33:45'),('5ef684c4f2c7a62f9de899cdee880f834d9f6370cc2cc2422bb8604aacb213003fc9919c2aa4939b',1018,2,NULL,'[]',1,'2018-11-11 17:52:15','2018-11-11 17:52:15','2018-11-25 17:52:15'),('606ecb45558f5ccdfbd5f50db5e6bbbdb0dd16ab6628b873e4c6040f87ed1d7bfee78d56ad35c99f',1054,1,'facebook:10217602092627881','[]',0,'2018-11-13 02:51:43','2018-11-13 02:51:43','2018-11-27 02:51:42'),('68bc1912b1c7d2683e9bba08c65e1ee2e69757a7f3c4c16d62589d466f72fbd5694093f307d05784',1079,2,NULL,'[]',0,'2019-01-18 13:40:12','2019-01-18 13:40:12','2019-02-01 13:40:12'),('69012cff0dd66aa08ab5088dd1556f55bb41b550f4a1db8da322e0fbf1b69cbbc1874bfd0d17b3f1',1007,1,'facebook:10154878145851985','[]',0,'2018-12-31 14:39:26','2018-12-31 14:39:26','2019-01-14 14:39:25'),('69bd9d3dbef0c56769b044a09ccf93c70df6e0bc63adbc1c9c748f5dfef004d7a1514f9eb3a18597',1018,2,NULL,'[]',0,'2018-11-06 22:06:56','2018-11-06 22:06:56','2018-11-20 22:06:56'),('6c7616b80f3c8c27cc152f3625c293b40176577418fb74e144eef2a5bdb44fab250c8b6c119b2175',1062,2,NULL,'[]',0,'2018-10-24 14:49:22','2018-10-24 14:49:22','2018-11-07 14:49:21'),('6ec146fe4c11400cb375503caad8b64cd748d37843a40714ca8d123eb7cfc3f8fd0adf6119080c6b',1042,1,'facebook:10156080933085679','[]',0,'2018-11-05 01:24:49','2018-11-05 01:24:49','2018-11-19 01:24:47'),('6eccb048efe5e742511bef15a17ad04a583332f7eea1a67322636d7659223716086917525fb6a21b',1013,1,'facebook:10215876776126618','[]',0,'2018-10-19 16:30:04','2018-10-19 16:30:04','2018-11-02 16:30:04'),('6f162881483168807a896c5be9a2419143cc4a3269d5b2ea8b3f27da1c69afbbac331fdd777d71ca',1062,2,NULL,'[]',0,'2018-12-12 16:42:02','2018-12-12 16:42:02','2018-12-26 16:42:02'),('71e2f6ae00d284ee018dfda69c6f0f4380d927ba3af94e7e9602291fe67e06118c92842a1298a952',1006,2,NULL,'[]',1,'2018-10-10 14:23:54','2018-10-10 14:23:54','2018-10-24 14:23:54'),('728f64a98c5437ab315a9988249829f7c2257529cd03ec464130419c9baf61320a168d6749bbc4b7',1019,2,NULL,'[]',0,'2018-11-06 21:54:45','2018-11-06 21:54:45','2018-11-20 21:54:45'),('7588b87cc3ea160e8e4bc014f47e2cab184a8ec0c9acc7cc1b2c4f7d9b7a847edad01cf18ff6eee4',1006,2,NULL,'[]',0,'2018-10-19 02:08:48','2018-10-19 02:08:48','2018-11-02 02:08:48'),('7852ecd853dfc9096b3dce1bb612aec0cdc99b3b0d32ad50f0123f09da36a51815fd964c0713442d',1038,2,NULL,'[]',0,'2018-10-20 18:38:19','2018-10-20 18:38:19','2018-11-03 18:38:19'),('7992d2c137f5877cd3b931064764e06d22c0d3983e6ad4e5b01e2a5676685007bac9b346197a32b1',1009,1,'facebook:10156912857537848','[]',0,'2018-10-18 20:17:15','2018-10-18 20:17:15','2018-11-01 20:17:13'),('79d7ae524850274f34bf34aa2a0eeee453313c809585b3c5e45a108b25c46c5d0fa008b6edbf0b60',1020,2,NULL,'[]',0,'2018-12-30 20:54:17','2018-12-30 20:54:17','2019-01-13 20:54:16'),('7a2c9b53248f3b35fb1f7d35499d765f45868ebe639c624cd330575e2c5ffbcc9c11b234400bf900',1006,2,NULL,'[]',0,'2019-01-06 11:55:34','2019-01-06 11:55:34','2019-01-20 11:55:34'),('7b3a1b86c7174a3f27252a1e9587c2f6c88015cacefc1261e149423f9d875319b9d5816a183397e8',1006,2,NULL,'[]',0,'2018-10-30 17:33:03','2018-10-30 17:33:03','2018-11-13 17:33:03'),('7caf5ae6548354d4c991a70890c6322964d3578011535ad6de01c70077151adcc312540572ccb32e',1007,1,'facebook:10154878145851985','[]',0,'2018-10-20 08:48:54','2018-10-20 08:48:54','2018-11-03 08:48:53'),('7e5121cd37007905ffe5acd8297fa54ca460ed80f0338ba00f3f4408961824bb1902d26f86e988e7',1049,2,NULL,'[]',0,'2018-10-22 08:40:31','2018-10-22 08:40:31','2018-11-05 08:40:31'),('80a3c5312e1afff85d564ed3a9a10fb18b7fe57cc74d08af1bec816b6e96cd77a96ea866e9a45e91',1034,2,NULL,'[]',0,'2018-10-25 03:16:32','2018-10-25 03:16:32','2018-11-08 03:16:32'),('81a0e76104daed95483791c370187872805cb24730a4afc01683f4d97c4ae1bcb96bdf689f709492',1051,2,NULL,'[]',0,'2018-11-15 21:07:11','2018-11-15 21:07:11','2018-11-29 21:07:11'),('841fbb382010d192ee3fd4f6b05956e551425da8fdf64e1b5b057b9bee980e389348105b5d210d95',1030,2,NULL,'[]',0,'2018-10-19 17:17:49','2018-10-19 17:17:49','2018-11-02 17:17:49'),('8689f8eddbfc35787414460d2b3260ca5241b00ef89d6500fb1b01a7bebbdd16e62a64f6fa24162b',1007,1,'facebook:10154878145851985','[]',1,'2019-03-03 17:59:45','2019-03-03 17:59:45','2019-03-17 17:59:43'),('869c8f39da8acfce472c5e3678f5eda729af05da677c9968dd57373a45c38b188e1fb83a55290ddd',1043,1,'facebook:10218353650338147','[]',0,'2018-10-26 03:37:29','2018-10-26 03:37:29','2018-11-09 03:37:26'),('86b819374a323775cb4c607d145324806f6a92366d7ea970a971476a93faedc239d5f3eebf51c7c5',1077,2,NULL,'[]',0,'2019-01-17 12:47:54','2019-01-17 12:47:54','2019-01-31 12:47:54'),('8967aee62a04646f223f7b400e304477018e6ad3b513c9700ed0a83db9754946dd2a17dd7f761246',1018,2,NULL,'[]',1,'2018-10-23 02:56:43','2018-10-23 02:56:43','2018-11-06 02:56:43'),('89845a3478d5c07c89e095f68b219bf03e2d7dbb181d17e651c0960bd53529e96a748a748564ca7e',1013,1,'facebook:10215876776126618','[]',0,'2018-10-24 20:34:07','2018-10-24 20:34:07','2018-11-07 20:34:06'),('8b3033b149370c84c0c51c21bdedc7308117537972d771a14f65f5af28d65c67a141f52c5f576699',1047,2,NULL,'[]',0,'2018-10-22 00:18:33','2018-10-22 00:18:33','2018-11-05 00:18:33'),('8d1600fbf070321049001d25ae7ce5451e5e8d04259a328a969e225b8fdecc5c57d1f8372d8a0586',1071,1,'facebook:10217226203068215','[]',0,'2018-11-19 17:04:36','2018-11-19 17:04:36','2018-12-03 17:04:36'),('8dabe3a81c4a6e98738758f5a620d03e6727f90b16fcc4918d65e447b076ca63c085fe8252271993',1053,2,NULL,'[]',0,'2018-10-22 18:13:35','2018-10-22 18:13:35','2018-11-05 18:13:35'),('93c4c221fc4606c87a8d21587500531298efbf1fb13e4328a375b1c7ddbe1935b0e8cc290432fd2a',1060,2,NULL,'[]',0,'2018-10-23 22:36:47','2018-10-23 22:36:47','2018-11-06 22:36:47'),('9459d30ca9311d88e3840db3caefb74191b157ab21a0a14890b375a2695af88ce77605fdf300a021',1067,1,'facebook:10156392198070073','[]',0,'2018-11-15 21:29:15','2018-11-15 21:29:15','2018-11-29 21:29:14'),('987a46cf316f20f2737dfb01b6c9785f8342226eac4878a1080122bd57c229dc298b014ffda837b0',1064,2,NULL,'[]',0,'2018-11-15 22:53:10','2018-11-15 22:53:10','2018-11-29 22:53:10'),('98c7925de93e890bf0f185fb2cf0fe562a5d20f886ebc631eeee723f2cfaf7d8ae62fc7429b9890a',1025,2,NULL,'[]',0,'2018-10-26 12:41:34','2018-10-26 12:41:34','2018-11-09 12:41:34'),('9aab8b29909eead6d6fbf6c9e38ef285230a10761b4a7180b782de8c3cb6441581883196363cc343',1037,2,NULL,'[]',0,'2018-10-20 16:40:58','2018-10-20 16:40:58','2018-11-03 16:40:58'),('9d854a517fe0acc0d42e7414cd2b0e649a3c76559ddc601dd0c419916b23c55500f6a4751954f0c5',1031,2,NULL,'[]',0,'2018-10-19 19:19:09','2018-10-19 19:19:09','2018-11-02 19:19:09'),('9d8945b7163061e6d7d3ce5e93c7e7351300cb3e1dfcfbee8b664b662de536fed4ceebe1174255dc',1039,1,'facebook:10216197370100639','[]',0,'2018-12-16 22:18:47','2018-12-16 22:18:47','2018-12-30 22:18:45'),('9dd0a0b87045a0746e945270bb56c7268d73680007fff76e5092632c4c7b63ad33d0396c58078dd8',1048,2,NULL,'[]',0,'2018-10-22 01:06:25','2018-10-22 01:06:25','2018-11-05 01:06:24'),('9dfc287c06f7947144fc8e317f479ec1d7e72c313fe928f4bb78425860e6c25a3bfcc5454180172b',1013,1,'facebook:10215876776126618','[]',1,'2018-10-18 20:40:57','2018-10-18 20:40:57','2018-11-01 20:40:54'),('9f9f1b093f861e45b2fdb7115b095f7e91d7f2541e449db7272975f3bfd5ab913a503616d373a96c',1070,2,NULL,'[]',0,'2018-11-18 13:21:04','2018-11-18 13:21:04','2018-12-02 13:21:03'),('a06f7c1a6592614baaf70877e4923133c14ac552428a864c73bd54fb5f2aa2be5b8fc6db421db748',1035,2,NULL,'[]',0,'2018-11-26 10:11:14','2018-11-26 10:11:14','2018-12-10 10:11:13'),('a102af376c4062436446bd20629a799af70adbcb861615c7e6cfc0e06cf4fdbc8aec52da1c43e5d5',1016,2,NULL,'[]',0,'2018-10-18 23:47:52','2018-10-18 23:47:52','2018-11-01 23:47:51'),('a36407fe8993846345cc1d3a51d1f891425944306002d608907bf91301583e36544b627ceff6c222',1021,2,NULL,'[]',1,'2018-10-19 00:11:14','2018-10-19 00:11:14','2018-11-02 00:11:14'),('a3658dca7433ec5613d97815326b8fa963ccd0821f0c9d83d0268e7a401e680338302e123977c406',1022,2,NULL,'[]',0,'2018-10-19 02:55:28','2018-10-19 02:55:28','2018-11-02 02:55:28'),('a383347c584ee2ddd48048311d73a6600c1f84233e59cf5eda261dd87e487711ecde49160954afa1',1015,2,NULL,'[]',0,'2018-10-18 21:02:19','2018-10-18 21:02:19','2018-11-01 21:02:19'),('a7918f44f0ba487cc7b2d80fcf5da365fe2b579d14ff0a4b244d39158b7b61509f92a83c316f5667',1020,2,NULL,'[]',1,'2018-10-18 22:24:38','2018-10-18 22:24:38','2018-11-01 22:24:37'),('a80fbbae4aa6a5f81e2e733fde8b3c1aa39c12a2674afe6467c210c1c0837480328f79a17c03444d',1054,1,'facebook:10217602092627881','[]',0,'2018-11-13 01:39:59','2018-11-13 01:39:59','2018-11-27 01:39:57'),('a829cb4bf9c1bd4b8153e4de2c0dcbfc305a4a18929730c0673e97adf96e56d714ec68c5a1df0839',1007,1,'facebook:10154878145851985','[]',1,'2018-10-10 17:31:37','2018-10-10 17:31:37','2018-10-24 17:31:35'),('a8750df7797fdea76cabdf90658c95075d7b201475c08cabbc5849940f82f71fcc1d3ce790f2930c',1010,1,'facebook:10217212098277181','[]',0,'2018-10-18 20:22:32','2018-10-18 20:22:32','2018-11-01 20:22:29'),('a9dd04433dbb0fbaa6fc3d258fa06b66694d3f360da785f3db40baf7502763a7948b4c21cef4b02a',1054,1,'facebook:10217602092627881','[]',0,'2018-11-06 15:13:36','2018-11-06 15:13:36','2018-11-20 15:13:35'),('aa10df4ffc98a62d6b771b39dba404eb4bd3525a935bd0a513d7315a78f8e0840f906611b19f9453',1041,1,'facebook:2145223889073729','[]',1,'2018-10-21 15:59:56','2018-10-21 15:59:56','2018-11-04 15:59:54'),('aa3ec79415a0670cf9947d17cec60df725265589a55ae738975366cd327ad930d9aceccc8a457bf2',1018,2,NULL,'[]',1,'2018-10-18 21:37:46','2018-10-18 21:37:46','2018-11-01 21:37:46'),('aafefb66b17377391eee2436bd35cf6d135bf254d11644a8175508292c023d46d252fd44e33b601d',1006,1,'facebook:10207781637059445','[]',1,'2018-10-09 17:34:23','2018-10-09 17:34:23','2018-10-23 17:34:23'),('ae8ee9bf47c451133c7eeaf7dec0648f35c176f3b9d673a31e4f960955a58d12dcec91d48cfe074e',1054,1,'facebook:10217602092627881','[]',0,'2018-10-29 03:49:08','2018-10-29 03:49:08','2018-11-12 03:49:08'),('aea79be361af3054e8a8cd4c2693c19b3b01521668c55f342e37c8ae65202c8adfbad486477ede01',1067,1,'facebook:10156392198070073','[]',0,'2018-11-19 03:31:31','2018-11-19 03:31:31','2018-12-03 03:31:30'),('aee929dea679e875e88d76ec71cd4d04f36768f2402a6a516c5788a0ffc1f9e5af11abe3ebb4e4c9',1006,2,NULL,'[]',0,'2019-01-18 01:55:43','2019-01-18 01:55:43','2019-02-01 01:55:43'),('b20d508470853d54e6320d75e1283f9c972fe0a9a2db2ef20ab9146f378a25c7d5b4996d0395b5fa',1033,1,'facebook:10161013634245711','[]',0,'2018-10-19 21:46:14','2018-10-19 21:46:14','2018-11-02 21:46:12'),('b3a8cee8f3aefe4749ff850499f2c50a3f387d7da7520516d21c019d7aa8a5cd1406e006b43eced9',1034,2,NULL,'[]',0,'2018-11-07 02:50:36','2018-11-07 02:50:36','2018-11-21 02:50:36'),('b52ecd9f28a8188414c6daf0df46d0def0900a1f0c7c1dca6e5de77233471ba073905df9a267ab53',1073,1,'facebook:10216556994384769','[]',0,'2018-11-26 02:04:44','2018-11-26 02:04:44','2018-12-10 02:04:42'),('b5abdcbc4b1aead33815177cc9196361ed15151e98562cdd6cb2be7422e96e012ebaab3ba17118c9',1027,2,NULL,'[]',0,'2018-10-19 13:27:54','2018-10-19 13:27:54','2018-11-02 13:27:54'),('b6c4b73eaaec78a438777d268134f59d4e0e9bc32722f181e8a7fffcebc85d6d518b1ff3e46bc0b8',1074,2,NULL,'[]',0,'2018-11-29 19:39:38','2018-11-29 19:39:38','2018-12-13 19:39:38'),('b73259cba3785d79f3f05d95b09ba582dacf574cc062fa05e47b27361606ffec9030dcdc80c0f5e8',1018,2,NULL,'[]',1,'2018-10-20 02:22:09','2018-10-20 02:22:09','2018-11-03 02:22:09'),('b9a24640d68dbc4b0447f47caa4b3593c27777682d143351fd9f186c8a5240a4ea058c8c9c3f537e',1013,1,'facebook:10215876776126618','[]',0,'2018-11-06 18:51:17','2018-11-06 18:51:17','2018-11-20 18:51:17'),('ba4f23a4fc57618207477ba97f68cad21b916ba75d77f6350f2e3a3f3f1df41dab200f8b8f05d182',1028,2,NULL,'[]',0,'2018-10-19 15:45:10','2018-10-19 15:45:10','2018-11-02 15:45:09'),('bb78aed3f3f95a8cb70107edde8228010d460af83cc6c5ef581d426b4ff01a2242e605bdabc8b771',1006,2,NULL,'[]',0,'2018-10-23 04:08:53','2018-10-23 04:08:53','2018-11-06 04:08:53'),('bd2ca2e775f5e85f4f049b220005318776c2990f76a20c896aac505075a6621633ce6afa579fe6d5',1054,1,'facebook:10217602092627881','[]',0,'2018-10-24 20:18:55','2018-10-24 20:18:55','2018-11-07 20:18:54'),('be59a5398fb101e36a96fe7ab612de02c2d2e5781399a35c030c9f2082f47e47a644496bd7df5395',1007,1,'facebook:10154878145851985','[]',0,'2018-12-04 18:45:50','2018-12-04 18:45:50','2018-12-18 18:45:50'),('be668d5645850f89fb8f9e1f4d7a23978691fd6e1885671269855fca774d89e348421af992a4dc8f',1018,2,NULL,'[]',1,'2018-10-18 21:32:21','2018-10-18 21:32:21','2018-11-01 21:32:21'),('beed2dfa9ac1544217a880355a62c63f6f8c83ebe471e1dc06bc6975abd9f35ae5c343ce59f092b8',1018,2,NULL,'[]',0,'2018-11-10 17:26:11','2018-11-10 17:26:11','2018-11-24 17:26:11'),('c12bb9bdb03407a00b5ca15cbc820ceaf8c327028f9a3344b9af1b7fdc1e6306175d2f3c9fdef265',1006,2,NULL,'[]',0,'2019-01-07 00:03:31','2019-01-07 00:03:31','2019-01-21 00:03:30'),('c21267abc2a1a89ec863e5e87242dfe2262a92e4fbf9af18dae4ba06e34943c01b5876a456a1a73f',1039,2,NULL,'[]',0,'2018-10-21 13:32:43','2018-10-21 13:32:43','2018-11-04 13:32:43'),('c21a8648ba5847a6ecc804ab51e2e2b663bfbf98304436f77db11539a5b1c533b7f72bc2ac35d05e',1027,2,NULL,'[]',0,'2018-10-19 13:05:10','2018-10-19 13:05:10','2018-11-02 13:05:10'),('c28b20d8dd18146e7815c7bbe044a6da46a337f570b09e144d0ad2239a45b9141484d2e8dfc17da1',1054,1,'facebook:10217602092627881','[]',0,'2018-11-19 04:46:01','2018-11-19 04:46:01','2018-12-03 04:46:00'),('c77ccebdd5afcf2598602d57f4c9e21af9d5c3ee8bd88781ca9e83f0ee2f7c77764e88668cda645e',1044,2,NULL,'[]',0,'2018-10-21 20:14:37','2018-10-21 20:14:37','2018-11-04 20:14:37'),('c87b33c02e53cf69d7ecafdac3047ef9b913f856af0d21defd2aff3558d2c58c29e2969db705bc4b',1064,2,NULL,'[]',0,'2018-10-24 20:37:54','2018-10-24 20:37:54','2018-11-07 20:37:54'),('cae94245076ed249b6704bbec37602b9684770a303e33263b19df6140f4c3f585493bd21afb53634',1018,2,NULL,'[]',1,'2018-10-19 02:30:37','2018-10-19 02:30:37','2018-11-02 02:30:37'),('cb40e50a166017b8afb7e8e434e32098c28b30de466bccb3054315234f9bb9c6a09187ba7490c9a3',1006,2,NULL,'[]',0,'2018-12-11 20:48:09','2018-12-11 20:48:09','2018-12-25 20:48:09'),('cd241326bbf0fb3313ad81db6d50141c00f152467700886890f806c654b6a4ebc596bc8b4aba502d',1006,2,NULL,'[]',1,'2018-11-06 13:43:10','2018-11-06 13:43:10','2018-11-20 13:43:10'),('cd5a4bb52e5f8535d1f9e6fdcbbd9e40e05ead712edcccdde06e658425f9d13ed261c87dea409256',1020,2,NULL,'[]',0,'2018-11-07 19:36:24','2018-11-07 19:36:24','2018-11-21 19:36:24'),('ce2be0e28e21fec6c59ef00785522396af60ab01d3a0e411e6f2d01a78bac442f51c2976473c54a8',1018,2,NULL,'[]',0,'2018-11-18 22:12:14','2018-11-18 22:12:14','2018-12-02 22:12:14'),('ce975fe8ef66df7e20a89e26a4e814aaaed943a4ad21e2dbabfbcf198965154741102ee5f83db2b3',1063,1,'facebook:10155699569165289','[]',0,'2018-10-24 18:11:16','2018-10-24 18:11:16','2018-11-07 18:11:13'),('cf585278b2f2b3852e90b92222249ec14e142809c411d31a37a8a48cf831dfdf8e4942cd38685853',1006,2,NULL,'[]',1,'2018-10-09 21:00:31','2018-10-09 21:00:31','2018-10-23 21:00:31'),('cfcddce24be395b5a21afd76c21e53bf0f89c0ebb012c0b349d147ce80874acb58e985e869e49b2b',1046,2,NULL,'[]',0,'2018-10-21 23:51:13','2018-10-21 23:51:13','2018-11-04 23:51:13'),('d1dd2dbcfde13bb209e1db034d57770f845a92fbfbc28b388e2418f66e15d4bc05704d1f211cb6d3',1057,2,NULL,'[]',0,'2018-10-23 14:53:30','2018-10-23 14:53:30','2018-11-06 14:53:30'),('d241bc5db76b9ccb70beb46a4d4f9fcda1f400ac8791e3473ac75afd885d409d31185473e75aa13a',1080,2,NULL,'[]',0,'2019-02-12 12:25:01','2019-02-12 12:25:01','2019-02-26 12:25:01'),('d27e7423a8a4f15180d76a1dc2580e5fb0604f1282d73248dbd25b03990e89c2b59974a963d9a3ae',1030,2,NULL,'[]',0,'2018-11-16 01:14:53','2018-11-16 01:14:53','2018-11-30 01:14:53'),('d3bf3104f2153c586199fbbfc42357ecdf14075153d742205434de05cf7bc54ab05748a56fc03f9b',1063,1,'facebook:10155699569165289','[]',1,'2018-10-24 18:10:04','2018-10-24 18:10:04','2018-11-07 18:10:04'),('d46a1b9b1f01975b8a6b0b2f8eda4fcca16d1cb447e7c3cac5aed18e82dba78b87d228039d396ca2',1078,1,'facebook:2008260969228581','[]',1,'2019-01-17 12:40:05','2019-01-17 12:40:05','2019-01-31 12:40:03'),('d4f564831deabb121c4798b6a3ca733f78f3c662967460caf1a938af553ab13b544b389d41692a14',1024,2,NULL,'[]',0,'2018-10-19 03:49:43','2018-10-19 03:49:43','2018-11-02 03:49:43'),('da7cbd4557e0967c87e78ba9d971f58c99a37913468b2a202d82c57409e566c2d11c5ffe41bc00c9',1076,2,NULL,'[]',0,'2018-11-30 11:17:16','2018-11-30 11:17:16','2018-12-14 11:17:16'),('dabb19aece7ab2fd07733af432144e57ac6c8b74f2c10696eed5b42b2a733ecf49ebdbd5fbf40bc2',1062,2,NULL,'[]',0,'2018-11-15 23:39:38','2018-11-15 23:39:38','2018-11-29 23:39:38'),('db9e38caac35adbbf2deeab90812a85888fdcd8a7d82a3744bddac6d69efee40df304ae230f0a03e',1051,2,NULL,'[]',0,'2018-10-22 15:44:23','2018-10-22 15:44:23','2018-11-05 15:44:23'),('dc2fcd17970dc483c50bb797a08457dbb5746f41a4514eb0bd241653422bd65b80f50eb82cae05f4',1006,1,'facebook:10207781637059445','[]',1,'2018-10-09 17:32:40','2018-10-09 17:32:40','2018-10-23 17:32:38'),('dfffe2f9d10c345da6eb523c72d57a611de2d3c48cf1154df3f22d750bc50d3bb7aadeb110b62048',1066,1,'facebook:10217347040653212','[]',0,'2018-11-06 19:32:25','2018-11-06 19:32:25','2018-11-20 19:32:24'),('e0954fe8923233bfae62910aada580ca31982778649fe9a4343131f5414309263264cc134a453bec',1018,2,NULL,'[]',1,'2018-10-18 21:40:53','2018-10-18 21:40:53','2018-11-01 21:40:53'),('e0fa4be6a8b5e3d2ed85964f11b3a38722987b5fc7038db7bec4e3778587225b051d9a7427fc5883',1040,2,NULL,'[]',0,'2018-10-21 14:58:23','2018-10-21 14:58:23','2018-11-04 14:58:23'),('e2614d92bf5bcce3cca4dce4a9a3ffabe6a0fa2d884fa642432582d0db42f2455aedb14743768702',1072,2,NULL,'[]',1,'2018-11-23 10:35:17','2018-11-23 10:35:17','2018-12-07 10:35:17'),('e561e9ec668b0577cfbefa4179d517831972cdfbc356e8f06db12cce6c2aa9f57f0e00e87076732d',1059,1,'facebook:10160966822270082','[]',0,'2018-10-23 18:54:49','2018-10-23 18:54:49','2018-11-06 18:54:48'),('e6c6dd610f64b73520f0aace326b7b4eaea2e9ee219c63f504f9c2083f6911ade50b2a9fadc48037',1067,1,'facebook:10156392198070073','[]',0,'2018-11-06 21:47:41','2018-11-06 21:47:41','2018-11-20 21:47:40'),('e84785abab3dda60d477618dc2513c7312541d06a57207cfa96afdf7750cce27f10010b5bca458d1',1035,2,NULL,'[]',0,'2018-11-07 14:41:08','2018-11-07 14:41:08','2018-11-21 14:41:08'),('e920694f2ef5c6c91c9d50426c1c3d11411d96f1d73dff2369087dcfe3974cd07548cfa714fa8bbe',1030,2,NULL,'[]',0,'2018-10-25 04:10:15','2018-10-25 04:10:15','2018-11-08 04:10:15'),('e93747186ee8c33074a285d10ef25496fafb91067f04e0caa265aeae8695f75e0356950b6e58d2d9',1006,2,NULL,'[]',0,'2018-11-15 07:25:51','2018-11-15 07:25:51','2018-11-29 07:25:51'),('e98616fb296d4b7e462454ee59253736bcfc1ca3500275af83a66c57d342257dd3a1d8fb0a535ca3',1016,2,NULL,'[]',0,'2018-10-18 20:49:51','2018-10-18 20:49:51','2018-11-01 20:49:51'),('ea647a0092ad525775e961b4cf2f59fc5743ced2cacbad12756e4163ded1b4beb444277f7a40ac25',1025,2,NULL,'[]',1,'2018-10-22 23:32:51','2018-10-22 23:32:51','2018-11-05 23:32:51'),('eae8b205924ba818da691c577757addcabfd3da90637cc05c95b123e9fa92cb4ed6516a4fad1aabb',1065,2,NULL,'[]',0,'2018-10-30 18:50:09','2018-10-30 18:50:09','2018-11-13 18:50:09'),('eb06faf135f4dbe0c52fec83882c4a06c7a8b037c683cc2aba9923e26d7bf24f4f146489117c684a',1008,2,NULL,'[]',0,'2018-10-18 20:15:31','2018-10-18 20:15:31','2018-11-01 20:15:31'),('eff645c93bfc6ffefd8a73b210c1dcde04c2f886fa1c7acadc43ef99286eff1de8ed20d6261b6b66',1029,1,'facebook:10216810430068972','[]',0,'2018-10-19 16:06:14','2018-10-19 16:06:14','2018-11-02 16:06:11'),('f2c5f7fb1ce07ecb48e2925b083b9d175e9529e0732e574b255b1767a56063cb0069d2e17a01879b',1034,2,NULL,'[]',0,'2018-11-20 12:27:28','2018-11-20 12:27:28','2018-12-04 12:27:28'),('f4048c52d7978a02da053e071a4cc0051046f446b72628bb35e354b9794d385a79e17be80cd94d6b',1061,2,NULL,'[]',0,'2018-10-24 00:38:59','2018-10-24 00:38:59','2018-11-07 00:38:59'),('f4f0e8bec603dc398e75deb37f4c7903d9c36071be9b91ce98899a42a481dabe123e8dad389e3391',1035,2,NULL,'[]',0,'2018-10-19 21:53:15','2018-10-19 21:53:15','2018-11-02 21:53:15'),('f5a64fc575ef419c806c1332fe0e1f322b444c51183d21a83102675a7391ca0cdfa4202c05039fd6',1034,2,NULL,'[]',1,'2018-10-23 00:50:35','2018-10-23 00:50:35','2018-11-06 00:50:35'),('f676db2240a67e0b32c86657a5ae2d9dba4b4d29949ddba68fa018cb5b2e8a8371588b2d35f947bc',1013,1,'facebook:10215876776126618','[]',0,'2018-10-19 22:18:07','2018-10-19 22:18:07','2018-11-02 22:18:06'),('f6c4d2c82a77103e02a6b04ff49ec034ee2a52338395ec97238771d04a9972ecdb769a646541fa45',1036,2,NULL,'[]',1,'2018-10-20 09:12:41','2018-10-20 09:12:41','2018-11-03 09:12:41'),('f847c836c9e687cbca85d548c74ae62665e1405f9a27c5a1328226825c717628aab5cf8044a5aced',1006,2,NULL,'[]',1,'2018-12-11 18:50:54','2018-12-11 18:50:54','2018-12-25 18:50:54'),('f88eac30153774909fe9464417b779249127c5fe0e3756f45398c63b6731464cbcb68f7413e34e9e',1039,2,NULL,'[]',1,'2018-12-16 20:32:26','2018-12-16 20:32:26','2018-12-30 20:32:26'),('f8f289b2c7505f2e5b10eb1b95c49aae4af85736d84deba263f4bc751a5b3a2b25ee0ec6f697cef0',1050,2,NULL,'[]',0,'2018-10-22 09:39:59','2018-10-22 09:39:59','2018-11-05 09:39:59'),('fa3176e2b39bc4a5bf6f9d8a9203ee7c658d5eb90d5f74dc3f69ad7c1a93bc1027108eea435c88c8',1025,2,NULL,'[]',0,'2018-10-19 05:13:34','2018-10-19 05:13:34','2018-11-02 05:13:34'),('fb76544a3ccdb8bbe0d77281da95dce352b6e4e177f1076edd76bbac6d95b426774c4739a9bab3e2',1045,1,'facebook:2713902268627756','[]',0,'2018-10-21 21:36:11','2018-10-21 21:36:11','2018-11-04 21:36:10'),('fcdfdbbb2df57f3d6508739b50f1baf1da9ca9244b5df2d9c208ef64d49dee519f1f3d2101e01181',1006,2,NULL,'[]',0,'2018-10-09 21:04:02','2018-10-09 21:04:02','2018-10-23 21:04:02'),('fdaf50d7163549c467c5b4b01a3111bccd20b97a985fde5e4ee1fb1473f5c6c021cbca62f7edbcde',1034,2,NULL,'[]',0,'2018-10-19 21:51:11','2018-10-19 21:51:11','2018-11-02 21:51:11');
/*!40000 ALTER TABLE `oauth_access_tokens` ENABLE KEYS */;
UNLOCK TABLES;

--
-- Table structure for table `oauth_auth_codes`
--

DROP TABLE IF EXISTS `oauth_auth_codes`;
/*!40101 SET @saved_cs_client     = @@character_set_client */;
/*!40101 SET character_set_client = utf8 */;
CREATE TABLE `oauth_auth_codes` (
  `id` varchar(100) COLLATE utf8mb4_unicode_ci NOT NULL,
  `user_id` int(11) NOT NULL,
  `client_id` int(11) NOT NULL,
  `scopes` text COLLATE utf8mb4_unicode_ci,
  `revoked` tinyint(1) NOT NULL,
  `expires_at` datetime DEFAULT NULL,
  PRIMARY KEY (`id`)
) ENGINE=InnoDB DEFAULT CHARSET=utf8mb4 COLLATE=utf8mb4_unicode_ci;
/*!40101 SET character_set_client = @saved_cs_client */;

--
-- Dumping data for table `oauth_auth_codes`
--

LOCK TABLES `oauth_auth_codes` WRITE;
/*!40000 ALTER TABLE `oauth_auth_codes` DISABLE KEYS */;
/*!40000 ALTER TABLE `oauth_auth_codes` ENABLE KEYS */;
UNLOCK TABLES;

--
-- Table structure for table `oauth_clients`
--

DROP TABLE IF EXISTS `oauth_clients`;
/*!40101 SET @saved_cs_client     = @@character_set_client */;
/*!40101 SET character_set_client = utf8 */;
CREATE TABLE `oauth_clients` (
  `id` int(10) unsigned NOT NULL AUTO_INCREMENT,
  `user_id` int(11) DEFAULT NULL,
  `name` varchar(191) COLLATE utf8mb4_unicode_ci NOT NULL,
  `secret` varchar(100) COLLATE utf8mb4_unicode_ci NOT NULL,
  `redirect` text COLLATE utf8mb4_unicode_ci NOT NULL,
  `personal_access_client` tinyint(1) NOT NULL,
  `password_client` tinyint(1) NOT NULL,
  `revoked` tinyint(1) NOT NULL,
  `created_at` timestamp NULL DEFAULT NULL,
  `updated_at` timestamp NULL DEFAULT NULL,
  PRIMARY KEY (`id`),
  KEY `oauth_clients_user_id_index` (`user_id`)
) ENGINE=InnoDB AUTO_INCREMENT=3 DEFAULT CHARSET=utf8mb4 COLLATE=utf8mb4_unicode_ci;
/*!40101 SET character_set_client = @saved_cs_client */;

--
-- Dumping data for table `oauth_clients`
--

LOCK TABLES `oauth_clients` WRITE;
/*!40000 ALTER TABLE `oauth_clients` DISABLE KEYS */;
INSERT INTO `oauth_clients` VALUES (1,NULL,'52Frames Personal Access Client','F9bidyob8k1YHh0FojHU8Aajk6oOZgoOCA1W0iOi','http://localhost',1,0,0,'2018-10-09 16:54:37','2018-10-09 16:54:37'),(2,NULL,'52Frames Password Grant Client','29xAeYQ91sfuwfNa0MqdvxKK6nhtaoBFv7jnDSDf','http://localhost',0,1,0,'2018-10-09 16:54:37','2018-10-09 16:54:37');
/*!40000 ALTER TABLE `oauth_clients` ENABLE KEYS */;
UNLOCK TABLES;

--
-- Table structure for table `oauth_personal_access_clients`
--

DROP TABLE IF EXISTS `oauth_personal_access_clients`;
/*!40101 SET @saved_cs_client     = @@character_set_client */;
/*!40101 SET character_set_client = utf8 */;
CREATE TABLE `oauth_personal_access_clients` (
  `id` int(10) unsigned NOT NULL AUTO_INCREMENT,
  `client_id` int(11) NOT NULL,
  `created_at` timestamp NULL DEFAULT NULL,
  `updated_at` timestamp NULL DEFAULT NULL,
  PRIMARY KEY (`id`),
  KEY `oauth_personal_access_clients_client_id_index` (`client_id`)
) ENGINE=InnoDB AUTO_INCREMENT=2 DEFAULT CHARSET=utf8mb4 COLLATE=utf8mb4_unicode_ci;
/*!40101 SET character_set_client = @saved_cs_client */;

--
-- Dumping data for table `oauth_personal_access_clients`
--

LOCK TABLES `oauth_personal_access_clients` WRITE;
/*!40000 ALTER TABLE `oauth_personal_access_clients` DISABLE KEYS */;
INSERT INTO `oauth_personal_access_clients` VALUES (1,1,'2018-10-09 16:54:37','2018-10-09 16:54:37');
/*!40000 ALTER TABLE `oauth_personal_access_clients` ENABLE KEYS */;
UNLOCK TABLES;

--
-- Table structure for table `oauth_refresh_tokens`
--

DROP TABLE IF EXISTS `oauth_refresh_tokens`;
/*!40101 SET @saved_cs_client     = @@character_set_client */;
/*!40101 SET character_set_client = utf8 */;
CREATE TABLE `oauth_refresh_tokens` (
  `id` varchar(100) COLLATE utf8mb4_unicode_ci NOT NULL,
  `access_token_id` varchar(100) COLLATE utf8mb4_unicode_ci NOT NULL,
  `revoked` tinyint(1) NOT NULL,
  `expires_at` datetime DEFAULT NULL,
  PRIMARY KEY (`id`),
  KEY `oauth_refresh_tokens_access_token_id_index` (`access_token_id`)
) ENGINE=InnoDB DEFAULT CHARSET=utf8mb4 COLLATE=utf8mb4_unicode_ci;
/*!40101 SET character_set_client = @saved_cs_client */;

--
-- Dumping data for table `oauth_refresh_tokens`
--

LOCK TABLES `oauth_refresh_tokens` WRITE;
/*!40000 ALTER TABLE `oauth_refresh_tokens` DISABLE KEYS */;
INSERT INTO `oauth_refresh_tokens` VALUES ('03b41695aace8c4b128d167f9117eebe6c502c24ad331292d22fa82ffccb38de9ca2285ce0eaf587','8dabe3a81c4a6e98738758f5a620d03e6727f90b16fcc4918d65e447b076ca63c085fe8252271993',0,'2018-11-05 18:13:35'),('0642c0c66bcdf4a32b185d21969045e2f599c45d416efb86e5d18c9ab39f0b91acbc7db9b515fb7a','3a5dc737a093534c63b7d9fb731c710d799f9db5904de3857074f1bf1f8dde34c087d4e91b7bc0c1',0,'2018-11-01 20:41:14'),('06daa799ce4f5749b41dc4912ebe3b672617a8632f37274715d9ac80c5f9dab5da099d19176be7e8','9d854a517fe0acc0d42e7414cd2b0e649a3c76559ddc601dd0c419916b23c55500f6a4751954f0c5',0,'2018-11-02 19:19:09'),('07b4f47155d750b4c46b19c048bc8109f9233db3f03a9bc63a949d85a2867b7f88585d65d6b35894','9dd0a0b87045a0746e945270bb56c7268d73680007fff76e5092632c4c7b63ad33d0396c58078dd8',0,'2018-11-05 01:06:25'),('0979aa0af9c1712b1fa06bfcce2ad356d3bd5c1d57f1bfd364d560ce6a0a470312d37642175678e5','a3658dca7433ec5613d97815326b8fa963ccd0821f0c9d83d0268e7a401e680338302e123977c406',0,'2018-11-02 02:55:28'),('0a17f3b7cd90b5adde780ee428c29fa57d6e8ee39d705bcafd7a21891b615011120a1c7f4899e151','f2c5f7fb1ce07ecb48e2925b083b9d175e9529e0732e574b255b1767a56063cb0069d2e17a01879b',0,'2018-12-04 12:27:28'),('0bba0bafb40560e10600c94f00128e29a7063bf9303b2e10793e01a6ca7cc8ebaab88fffbccd18ed','9aab8b29909eead6d6fbf6c9e38ef285230a10761b4a7180b782de8c3cb6441581883196363cc343',0,'2018-11-03 16:40:58'),('12ac5f91339695787561775ab8c1515d72850d851cc340c4d4d951d05227f156afea6c2b49000a8f','da7cbd4557e0967c87e78ba9d971f58c99a37913468b2a202d82c57409e566c2d11c5ffe41bc00c9',0,'2018-12-14 11:17:16'),('134b1ef3209bc94da48a9d37edcb4777d8ce76b2b3cedb95e6a96baea333c1c1c47a9745b4285020','bb78aed3f3f95a8cb70107edde8228010d460af83cc6c5ef581d426b4ff01a2242e605bdabc8b771',0,'2018-11-06 04:08:53'),('134df7ad0b366f3c1407cfb1416edf97eb1e3e3df57dfa2b998ebccc9871c688bf2e162cdef0fadd','80a3c5312e1afff85d564ed3a9a10fb18b7fe57cc74d08af1bec816b6e96cd77a96ea866e9a45e91',0,'2018-11-08 03:16:33'),('14f8e7e28a0d57f3f26cee211a2ee540b7440c24ba5539741a82759c978eacae7a9c085cce6ccd6c','c21267abc2a1a89ec863e5e87242dfe2262a92e4fbf9af18dae4ba06e34943c01b5876a456a1a73f',0,'2018-11-04 13:32:43'),('193d2ba4d131662100e5aebca3986968369ee994c31a25703f535536a3d00cff8c5b5d3dc3051847','86b819374a323775cb4c607d145324806f6a92366d7ea970a971476a93faedc239d5f3eebf51c7c5',0,'2019-01-31 12:47:54'),('1bf0d6822d91e90a7ede1a5029bcb87469310880c04d980fbeeb566e35db302e8bd9a10fc7aa6234','93c4c221fc4606c87a8d21587500531298efbf1fb13e4328a375b1c7ddbe1935b0e8cc290432fd2a',0,'2018-11-06 22:36:47'),('208ca74dfe273567f65ad182746cb01bc820f16ce5f433606a93776aef5209b22351716829641a4b','0f7fe61e8338919dd2405a96d1d584c627cd4227f4842382b7104d470fe878e9a7bd0ebd7d690e31',0,'2018-11-04 20:03:28'),('20e4d5fb8d31f176dac63b7f9733cae75ecea291aca388b43b8ffbcdba808f59ce47f7a9b983382a','2d48cdad8542b610b07342d2ccbc2e6ef3a93ac98da8d7835c9a3ab650edbffad21e55d428716df3',0,'2018-11-02 02:12:23'),('2113cde318fc80d0b29124b77d57d5ec08fea79e6a0c50e34ce779f39ad0a017bd2a1b2e5b81e83d','68bc1912b1c7d2683e9bba08c65e1ee2e69757a7f3c4c16d62589d466f72fbd5694093f307d05784',0,'2019-02-01 13:40:12'),('23a82bd4cbbb21cf9590d91cc64029cfdac0a5504445b55dcbc735f08858a662fe01f2c7f55f5ca5','a36407fe8993846345cc1d3a51d1f891425944306002d608907bf91301583e36544b627ceff6c222',0,'2018-11-02 00:11:14'),('272f50ff8d20044299ae29fe3c86c966f23cf704de96538463c506b576a7c1312df9abe371179a69','49f2de6249ed6fafd8b3615aa86cf33251729bb98420cb3602cf51842ea2127afff91ec19f3e229a',0,'2018-11-22 03:33:53'),('28340fa39631991c99659ac73e17ea586ec0bce964298e4c00936287cb31ea18a06a6f11f5e2674c','5632f4d967f14a36ba78956ced5a7c208f04abee9f28986377230f61d4205aebfd13e7eb7063602d',0,'2018-11-29 23:46:48'),('2a0af3c191060ca9403afeb6cb6e9b6ba5a7d9fc2c804b4962fb5960d4db3860c92407f38ec598ff','a7918f44f0ba487cc7b2d80fcf5da365fe2b579d14ff0a4b244d39158b7b61509f92a83c316f5667',0,'2018-11-01 22:24:38'),('2b51a291866ed1e5b4f10a9a86c92e6b5a82f81041f42d5c756cb32aca10c8701593424340915d60','ba4f23a4fc57618207477ba97f68cad21b916ba75d77f6350f2e3a3f3f1df41dab200f8b8f05d182',0,'2018-11-02 15:45:10'),('2c53fc4712187eb1afb67c8bd8c345ef42fca0ca1feca84c150745626a5533e9ca73a4e3c70eec40','fdaf50d7163549c467c5b4b01a3111bccd20b97a985fde5e4ee1fb1473f5c6c021cbca62f7edbcde',0,'2018-11-02 21:51:11'),('2da8abe03542810f429c3f3ec3d4afde242115d13d2da3ea601c23e453ffe877762930958804a290','29360d50329edf2a2a0536d527d57d4bd28dd5c6753f2a0990a95b1459684fba0925aed413f49379',0,'2018-11-12 13:38:45'),('2e2437720162ce0a228603a3cc7b0f2b4423d451e1a26172891c0b4b1d1ddd1f3a6d3d5e617a6ee3','58c54619d2efba969164356b1c4f1cecf3b9582abed2631f7dd407c71bec58ba68063093560281a7',0,'2018-12-14 11:15:11'),('2e718a849ebbd185341852f9591e1efc94d0647891ec8b583f7874658287e89dc8318e2064397223','b73259cba3785d79f3f05d95b09ba582dacf574cc062fa05e47b27361606ffec9030dcdc80c0f5e8',0,'2018-11-03 02:22:09'),('3056b9276a6c8f69e76b3e62a90177d6646fcb6d856b2843d4b1ff31bd7b5ae5bb693bb40e7d38e5','5bf115ba105fa9773f3e5e32c2e25807416b8c34ea53305fdf39a8668566f035072397c179c70074',0,'2018-12-07 09:43:53'),('310d9ffcf54d764efbff8ea952ff4b8c34a67a5ea558345fd87ab2ec51297f45d0922eb56148e04c','5ef684c4f2c7a62f9de899cdee880f834d9f6370cc2cc2422bb8604aacb213003fc9919c2aa4939b',0,'2018-11-25 17:52:15'),('322ce3321f7a6a8d02d1c3875d02eafa668153d235655cb460de30a8debd460bffe9e3cc6600cee9','71e2f6ae00d284ee018dfda69c6f0f4380d927ba3af94e7e9602291fe67e06118c92842a1298a952',0,'2018-10-24 14:23:54'),('354a50ada31dd651fc55de4d5461ae936e08fb1a1c17fb9981dce7e873741ec5367e4d833f1a7862','4c8fee9b894ffc6fef9871e897d6b3c1b778ab18d49fea9d87f6f0fb4caa0a515c72684717f2c55e',0,'2018-12-08 17:38:10'),('376551e0e7052976d939d669d070033ea0c5d4f481e2c2edad930e41b643f3f249eed71e5f92f095','841fbb382010d192ee3fd4f6b05956e551425da8fdf64e1b5b057b9bee980e389348105b5d210d95',0,'2018-11-02 17:17:49'),('394f958856faae55d4887916286779c609a5e312f279835fee8bf5886d65b58bdb7ff289ab429991','728f64a98c5437ab315a9988249829f7c2257529cd03ec464130419c9baf61320a168d6749bbc4b7',0,'2018-11-20 21:54:45'),('3ae9379ed1ac14d2831932adf4a1bace66bdb157f5303624e45b997ab2985aa331a1bda9e7990dd5','ce2be0e28e21fec6c59ef00785522396af60ab01d3a0e411e6f2d01a78bac442f51c2976473c54a8',0,'2018-12-02 22:12:14'),('3e5da8ed25b1d15322c2956b8bc092193e2c95497dd1519c5ef74bbb7862bb5167e7eb424211703d','f5a64fc575ef419c806c1332fe0e1f322b444c51183d21a83102675a7391ca0cdfa4202c05039fd6',0,'2018-11-06 00:50:35'),('3fbb5f82cd0cf582743a9fe01ee4e27c1a27354ecc94f64f301d61face1de1053cfe795c702f7335','6f162881483168807a896c5be9a2419143cc4a3269d5b2ea8b3f27da1c69afbbac331fdd777d71ca',0,'2018-12-26 16:42:02'),('409440a20976fa632445016fb7dd6fbc90c6ac540b5a0b89886e2e435b318e551ea372756659fb25','01534a0c3f951be1360429a46702ae4cc8fc625838979e42887ca6cbd0470087e99c1aa244d5f657',0,'2018-11-04 18:00:07'),('4381f80df3f4ac8a5bde74c01a8aae8e979b8da2dbd8e86fcae92b82bb80df025466deedad508281','69bd9d3dbef0c56769b044a09ccf93c70df6e0bc63adbc1c9c748f5dfef004d7a1514f9eb3a18597',0,'2018-11-20 22:06:56'),('46ceff961becc62866b58a4fb30edf35663cd8582713861a5ae667069596fb511edc94f4da862302','468eadacabd2fbcbc04ceea7ad171429a18f7a6ad12843f9e2e4c9ca7221ea3a6e48eb9635cebfbb',0,'2018-11-01 20:57:52'),('46fb40b25619d7c3df3b450dcafa7e595c99ecc846932d4c9adff95c72a3770b27ded1d677f24c0e','db9e38caac35adbbf2deeab90812a85888fdcd8a7d82a3744bddac6d69efee40df304ae230f0a03e',0,'2018-11-05 15:44:23'),('47116d029aa67593a0b83d9141fc40a38bd3ece9f10212d3afe726f99a7c49a0436374ecef5025c6','56a14ec071fac91288e1703c0cd10a79cfed6e49a49a440f3f572cebde55611c925c119b9d17ae90',0,'2019-01-28 08:39:01'),('478df3e858a22d3a39f68ea07539c92e3ce9ebfe1956b64ae38edc89c628d9313a2d9e154a016380','8967aee62a04646f223f7b400e304477018e6ad3b513c9700ed0a83db9754946dd2a17dd7f761246',0,'2018-11-06 02:56:43'),('47a2b40abca22d4dc60a957f5d63f1dc392c779092b7645f175640c7e21a7012f72e6ca735df7c8d','b6c4b73eaaec78a438777d268134f59d4e0e9bc32722f181e8a7fffcebc85d6d518b1ff3e46bc0b8',0,'2018-12-13 19:39:38'),('4ff2988466e36e1eea8cf157decd2afe65986eaf4a1b3f1f0668167c8d730fcb9fd8ab635fbb8b3f','7852ecd853dfc9096b3dce1bb612aec0cdc99b3b0d32ad50f0123f09da36a51815fd964c0713442d',0,'2018-11-03 18:38:19'),('511b91d706dcadceba345de00461a23e535231d54babb80b95f84b6aaea5601fab2da22be72c4884','e93747186ee8c33074a285d10ef25496fafb91067f04e0caa265aeae8695f75e0356950b6e58d2d9',0,'2018-11-29 07:25:51'),('53cce3d62a500e430d91a0b475ad0662b6083584b429371e2c98ee392228e0ef77ff9505e204ce72','a383347c584ee2ddd48048311d73a6600c1f84233e59cf5eda261dd87e487711ecde49160954afa1',0,'2018-11-01 21:02:19'),('565633b751656617cd0155e02a5a9c9ccfa52e51d1b25ff99e7528b83de44b46f4ab3c97c8836f7f','340a09726baecd8907afe79ee1b6413fd5224c510203e460e46bf5c1b4820d459ae0624aeba30771',0,'2018-11-11 17:47:45'),('57e45cb2b5a36b5858b762d0b7195f2119bfd8b357d293db0f2e74ffcf47fa5eb30cf5fae2756658','ea647a0092ad525775e961b4cf2f59fc5743ced2cacbad12756e4163ded1b4beb444277f7a40ac25',0,'2018-11-05 23:32:51'),('5c5b184823e112fe80a12b34d558d5b874cc448d5fcc8f781c3cf7e8b1a97fd2cf2143e0b6d5e090','e0954fe8923233bfae62910aada580ca31982778649fe9a4343131f5414309263264cc134a453bec',0,'2018-11-01 21:40:53'),('5cee090473f30d518ee88067062368001cad158d73cff1f73f5324c841027bf12b4f41552eada05c','987a46cf316f20f2737dfb01b6c9785f8342226eac4878a1080122bd57c229dc298b014ffda837b0',0,'2018-11-29 22:53:10'),('5ea3d54cf5ddaaca32bc0e737f3d6667bed15e6e02fcd0d6be849162b54069e0611bd4253f843520','98c7925de93e890bf0f185fb2cf0fe562a5d20f886ebc631eeee723f2cfaf7d8ae62fc7429b9890a',0,'2018-11-09 12:41:34'),('5f69a92efdfab9b0ef88d7b4d12b271b21ad8e857db7b3dbff9d9090d184d506a1b9f41a98d6ea7a','d27e7423a8a4f15180d76a1dc2580e5fb0604f1282d73248dbd25b03990e89c2b59974a963d9a3ae',0,'2018-11-30 01:14:53'),('614169aea388d5446aad75dd1757171127797e8ade91793673bd49a7addfebdcc40729cdb379ca49','eae8b205924ba818da691c577757addcabfd3da90637cc05c95b123e9fa92cb4ed6516a4fad1aabb',0,'2018-11-13 18:50:09'),('6375408b2b37cb28a5f055da4a17cca02902399308cef0773223f52b57f1963fec909552f951cfdf','c87b33c02e53cf69d7ecafdac3047ef9b913f856af0d21defd2aff3558d2c58c29e2969db705bc4b',0,'2018-11-07 20:37:54'),('6a3098536f7ac2220d4c8c15a86efdfb960cfb022290dfae066a93fb3f07faf688009f4e50951d90','5896b09e559afd6b3acde85faf829885889592d58327a9fe8534d3ceb904466f7901784e31863465',0,'2018-11-26 01:55:06'),('6a4beed83c1b4d55e46eec33654f977851896ad3d09e3cce3398bb4cbc536c45c5589f744b583a9d','f88eac30153774909fe9464417b779249127c5fe0e3756f45398c63b6731464cbcb68f7413e34e9e',0,'2018-12-30 20:32:26'),('6d1cb8239b7fe7d3e9f9f116db60cd4f211f5d5ea92ae84eb7bd95dd698fc171a19733f947c4bd79','7588b87cc3ea160e8e4bc014f47e2cab184a8ec0c9acc7cc1b2c4f7d9b7a847edad01cf18ff6eee4',0,'2018-11-02 02:08:48'),('6e5dd76014e6a0741e56d24784c03bc6532a17771235d4da801d69099ce023f8aa7c468fe3940ac6','41dcb2df198a96a3e9bf682eaafe6a4a46245e5ea47558a1b5731457a94fc7cc82d9c8f3d923e3e5',0,'2018-11-12 01:01:45'),('6f75aa50251c5021f93875d16a16f9cd3bb8d185c8b930360a008dbaddb39d2318159659c5762461','4251a03d51f9ed64c58b99dffabc23ae6b775a3053e1d046cf15e11298301422a3a42641613aba73',0,'2019-02-25 19:17:24'),('70441a6c3c8a2ab3fdfc097280ba9ad4baa16a9f81ea1dcc9491f2ba8999284b96c465aea527ee5b','3cc9bfc9a0cb2c273247765a8572561d37981561fde3e82e2530a792bdfe16388f32c344a13d6b68',0,'2018-11-01 20:36:29'),('72fdb5d3ce28c2621d773b1594d6f0ee824d7fc7e0af6defac9b6b40ad91c17a1adaedc6851359e8','1a37d89aac6d0dd69b36e9a178c937fcd0250015e08c63f25e562e7a369461d78ab3c7dbac064952',0,'2018-11-05 15:56:37'),('73f0c85518e2998455fd62447c0a1e4e7ccef982ccdc23d11cd871b45683ce9a26620e97af441de0','3ae2b961a5d8604a4059e7ef5ccc2998d6173e4f7e2e17b0230e83b4359f3f41efd6eae64a2e961c',0,'2018-11-01 20:47:30'),('75799ce4e81ffbd2969662b32e6b77973fca7ee29682fbe92576650a283a1124cba8031f65d25b1b','aee929dea679e875e88d76ec71cd4d04f36768f2402a6a516c5788a0ffc1f9e5af11abe3ebb4e4c9',0,'2019-02-01 01:55:43'),('773ab433d79a6efb9a2494bb2af7692e0311edbc1bf33274941c30281ab8b2577df50925a1cb74d5','e920694f2ef5c6c91c9d50426c1c3d11411d96f1d73dff2369087dcfe3974cd07548cfa714fa8bbe',0,'2018-11-08 04:10:15'),('78d87298568553a5e8d607cfaea38c74eaa9d23dc61b004997efd5c8d39a2fe8e5accbf0856d30f3','0d94dc5e9e9f378259ec0da1e2cefb98cb4772f4cefcc07dc7907cce7c6cf8ef778ba54c69ff7f30',0,'2018-11-04 18:05:51'),('7a45f9d722228eb72ac6c9eec95803b6a73295de04244ae9e265ad165e908a5543051a524d85949e','531c4597d1e1c386015e7586437dc19822b8681dec56c3da8e2850463e458f97f23b21fc8d565920',0,'2018-10-23 17:33:37'),('7fe88920bcc195df0ca626b45fa8817f27a24424a48329b648df8360a34c344c84eb97ae82fff834','10df1210b83316ce47ec01f444396f6dac47670d933de528e432f4cd4992f371ebc357a24d87edfc',0,'2018-11-01 22:17:41'),('866effb90cea460c0e89465f64427e1f3e0da0877546d80aaf9788c9e6658c41da316918f3e5adb9','52745a34e585cfddadfe6867ecceea1c906a7fd073a62f4ca7c8d8cc1fc70cfed4f6dd6fd13543b6',0,'2018-11-01 21:41:36'),('8adc51d7540340b4a118a76e614dcfab4d6367d07e014529d8d4f28a3893553ce144be544c9c9d44','45dafbe7d8440ae386033948ced45522bab97d698ecad0700541b88d22626e019fb9f8361389693a',0,'2018-12-18 15:52:09'),('8b77365d41f93b1767506587f5c962a0820917ad119690c94fb8e9bbd44cb841d604281d3d982dc3','f847c836c9e687cbca85d548c74ae62665e1405f9a27c5a1328226825c717628aab5cf8044a5aced',0,'2018-12-25 18:50:54'),('8bb9b44211bc8e48168b593c948dd0f98c68b31c7f8d7584e7aee6672eb86e3b5024f76d0d45c56a','017949852664109486c19e03f14f06734567ee961eba7c2718f3a00caa7a40fc501a1da7a7e9e74b',0,'2018-11-02 17:35:35'),('93b38b09a9a2a7e8eb585a509bafeb21947e199f35eaaaf7c44682cfb05275a91d08879045105061','cf585278b2f2b3852e90b92222249ec14e142809c411d31a37a8a48cf831dfdf8e4942cd38685853',0,'2018-10-23 21:00:31'),('983d86d4330427cc8017c31161a93a5e231acca1e4ecbfde50e3999337a005f74c1f21eb6580576b','cd241326bbf0fb3313ad81db6d50141c00f152467700886890f806c654b6a4ebc596bc8b4aba502d',0,'2018-11-20 13:43:10'),('9d9ae7985b9f353c54e78ce1ae9c00c68ff35d7a893a011ae4dd380366b59f7a853087a209dc6de1','d1dd2dbcfde13bb209e1db034d57770f845a92fbfbc28b388e2418f66e15d4bc05704d1f211cb6d3',0,'2018-11-06 14:53:30'),('9f5feafbbdd558d549a9bd26d96d0d071a2f281dcdf94b9e3839540fa7a91e47c735f50fd2b58c9b','6c7616b80f3c8c27cc152f3625c293b40176577418fb74e144eef2a5bdb44fab250c8b6c119b2175',0,'2018-11-07 14:49:22'),('a11658ad031641aaaa52dffa80d383070ae14e6929fa23e0aa625913d04e31e0cbee9dace79671f6','d4f564831deabb121c4798b6a3ca733f78f3c662967460caf1a938af553ab13b544b389d41692a14',0,'2018-11-02 03:49:43'),('a1f4dbf9a1889dca5e3250a3f5f2545caefd13625fa9bc9ffc1be7a15d1b850dc3384c8b95bba591','a06f7c1a6592614baaf70877e4923133c14ac552428a864c73bd54fb5f2aa2be5b8fc6db421db748',0,'2018-12-10 10:11:13'),('a2bd7d505518d22993366e8a0229de5617738defe5437b29be67b46f96cf38b6656becf66a9881e9','8b3033b149370c84c0c51c21bdedc7308117537972d771a14f65f5af28d65c67a141f52c5f576699',0,'2018-11-05 00:18:33'),('a505950e19b9c14ff34383afa0ecbecb7aaae5e2f21152b7219510bfb949bb2f66713d4de485beb2','81a0e76104daed95483791c370187872805cb24730a4afc01683f4d97c4ae1bcb96bdf689f709492',0,'2018-11-29 21:07:11'),('a5be24548e0669cf3b3db87442fe4da9c7b0056e6b288571789b7be2a0cd2e07db487cfa2dbb40ad','cd5a4bb52e5f8535d1f9e6fdcbbd9e40e05ead712edcccdde06e658425f9d13ed261c87dea409256',0,'2018-11-21 19:36:24'),('a785144bfa2da766af12ef266c075718166fbfcaaf14dc86e6f298233e84080148b95bff8e3daa3a','1c2b4a6fd68b2a8834083856b7345eece5f4fe6872a6bd2253db39e11ce976de32f96d9a0c9ed63d',0,'2018-11-06 19:42:00'),('a88a3e8270c19a2ae0b7be5c63d55e6e3dd16706fcf4b64439e78f34093f28c6552969e05eea9821','7b3a1b86c7174a3f27252a1e9587c2f6c88015cacefc1261e149423f9d875319b9d5816a183397e8',0,'2018-11-13 17:33:03'),('aa6c8b42b6eddb53c954975530b45d1297147c18e2fa02b621a73be31189388a307ecf581d841b15','e2614d92bf5bcce3cca4dce4a9a3ffabe6a0fa2d884fa642432582d0db42f2455aedb14743768702',0,'2018-12-07 10:35:17'),('ab5d259a0de9c44c87f4386935eeb5291156beac6452f387e4c9c8cf01552741abe9093b9f795226','f6c4d2c82a77103e02a6b04ff49ec034ee2a52338395ec97238771d04a9972ecdb769a646541fa45',0,'2018-11-03 09:12:41'),('afabe83dc5bfcea546971d0e1d97dd63deb2b9e76a72582158696c5c081993d73bfec4d487753ffa','2510d10fb9f5402691cd5e5f85a5b5713c9c11120061e12e437aed453e2571d01a5b7073528dd2f8',0,'2018-11-20 16:31:38'),('b2743233611e6928cf17b5b8bdc7d3132695ddfdc799c7e382b01f7be58cabdbc858c90441bf77fd','c77ccebdd5afcf2598602d57f4c9e21af9d5c3ee8bd88781ca9e83f0ee2f7c77764e88668cda645e',0,'2018-11-04 20:14:37'),('b420409bacb3b67fe800c32960529df86b168b3478f4ee1c5553ac37c07b9e3e5577af0fdb4f6420','c21a8648ba5847a6ecc804ab51e2e2b663bfbf98304436f77db11539a5b1c533b7f72bc2ac35d05e',0,'2018-11-02 13:05:10'),('b7eb880bf65075c048435aaf2991fd8a7e451aa813e424b9ba5e6d1cbdb12292a76b1096cf8bba21','fa3176e2b39bc4a5bf6f9d8a9203ee7c658d5eb90d5f74dc3f69ad7c1a93bc1027108eea435c88c8',0,'2018-11-02 05:13:34'),('b9db47593f2fc2bd71013918830768387df19b93047d9772192e41d17664cf275b90627a44a085cd','08c6e8747d7237dc361ccc38d4a7e6485f52842f3050ad1f5b25da9fccad3e09ace16b809cd4fc2b',0,'2018-11-12 03:44:44'),('ba6a77c7a564cbae16f34adc0df075df4aba5fb4e29ed7a270150977649ab9d84fbdb480b60cfe9f','201140734a02007e5bf745360e915fd541bc319623e5ea38197c18627c2843c5a9cea6ab3bf556c0',0,'2018-11-04 17:55:18'),('bfeeb713247fcf4aaa82e3acf9588865e7970a7ec08556274c702f7d2ba317a36054f596acb9b0ad','fcdfdbbb2df57f3d6508739b50f1baf1da9ca9244b5df2d9c208ef64d49dee519f1f3d2101e01181',0,'2018-10-23 21:04:02'),('c0e5228d6e11815b6370a6a5ea9748098520621df55671275ef0323867965274691ebdb631bc8357','eb06faf135f4dbe0c52fec83882c4a06c7a8b037c683cc2aba9923e26d7bf24f4f146489117c684a',0,'2018-11-01 20:15:31'),('c17d87c51b99d72a08664bcaecc8392f9af35c4d47cb9de2898c218045aec8e9de205fc9fac83213','cb40e50a166017b8afb7e8e434e32098c28b30de466bccb3054315234f9bb9c6a09187ba7490c9a3',0,'2018-12-25 20:48:09'),('c220fe97c1c5a0e73aea00c97478e1e5a89d2cc1f47d76ede8e2dd86cc8396ab1abd4541f068e271','b5abdcbc4b1aead33815177cc9196361ed15151e98562cdd6cb2be7422e96e012ebaab3ba17118c9',0,'2018-11-02 13:27:54'),('c63a59d97e6b6605fe2703f57475742e584b24f71458e61fa9ac7fa666df1da17f42eea61a6ffbfd','aa3ec79415a0670cf9947d17cec60df725265589a55ae738975366cd327ad930d9aceccc8a457bf2',0,'2018-11-01 21:37:46'),('c96b4e69ee2972c0ed9c1a989e3dca7a175291ad1a91c31be1637b771b04de4f72d89840b7cfd6a0','0c3ae84576418f400e418496b0b9c1a36bfcd1d1758fd07533832bc082820049bc7f9935a26b9548',0,'2018-11-02 20:34:47'),('cb110581b2f3b7f3510aa99aa556c8948cc95e231dc03b20c92c903ce91c8ee3e3d74f36369c676b','535b2deba8cf83556c80d2ff18da6511449e237331098f2bb71080e6e729078e62a86409a18aabdf',0,'2018-11-06 15:13:59'),('cc15ff222b042b2eadbd35d573dddb4fb74221e20f6b781587fcb7117cc68b54b7bc9434c8e367e7','30b1dd6faef4f50aff35825f10342102e569e8f198431334be8cdc17f6ae3c4e6004dbdb66455c28',0,'2018-11-22 20:12:09'),('cdfd7a3f229c158b3a5f3b85d40a15ce2321fbc276c61d8b7a27ba9c676bd0f6bf2ecaa1b8b98163','9f9f1b093f861e45b2fdb7115b095f7e91d7f2541e449db7272975f3bfd5ab913a503616d373a96c',0,'2018-12-02 13:21:03'),('ce12ea8248bcea1c82bbbdcffeb9f1b235f1d688f4f506eeec7c3f6c4784ffb96b12db49d6e67b93','5ea6bcd9bf35bd5d73471edb2cd366b8a93b5176b2724dc466bb6aa933eaa439ff8389fb4671810a',0,'2018-11-06 04:33:45'),('cebec1b3d3f5b8dcd15bdb6e5022bb2f1104562a5c128df85fe8ca793bb4e3eaa87d6795f8dc7e39','be668d5645850f89fb8f9e1f4d7a23978691fd6e1885671269855fca774d89e348421af992a4dc8f',0,'2018-11-01 21:32:21'),('d05a6ee08524cfdc65131a08ba6669bb07a81148aacee025cdc694d8de443a0f6de53ff9c97c3158','28f4695da9f2757297747ac9c03c73f38d1e253c7ceaf6baf23228be4686db841d52a9404b584803',0,'2018-11-01 23:51:51'),('d47ccc2b421b12de358453e15f3b077c7c9c6e2404f2f66ca2a3ca282fa27d92e2a173f392f91fbb','7e5121cd37007905ffe5acd8297fa54ca460ed80f0338ba00f3f4408961824bb1902d26f86e988e7',0,'2018-11-05 08:40:31'),('d552cd600f82e19a625c702fd1fedc149e0a2bbcbe1e19c6a0a3f3922f1597e64625080bcdf66879','cae94245076ed249b6704bbec37602b9684770a303e33263b19df6140f4c3f585493bd21afb53634',0,'2018-11-02 02:30:37'),('d7cdf5dd7fa998e96736700e98b6ac93557691b25f57a17ab63512d88fa9cc4cca14339600522cf5','245866a4429d33e439c7a922a9727d842eebc388f07d3c7bb3c68cfe39a7f7f63f6393440004be47',0,'2018-12-03 03:30:05'),('d83c6c9cd3708a90e8dde96943a09d1ce61f68f7b214bf768ca87f18dda51c68da3aa48bc0adbb57','5d187f02da0581fd33d184436b7ea51167cb1ad1059d96a104f175d7b79a84d729770f1014f1b4a9',0,'2018-12-18 15:57:58'),('dd9002e462354a8585bd87dea71df47ae64fd6ad94712300f3bb39c7c4f200f453fa06d24c26da15','d241bc5db76b9ccb70beb46a4d4f9fcda1f400ac8791e3473ac75afd885d409d31185473e75aa13a',0,'2019-02-26 12:25:01'),('e1699d32f83c5f838670f0a3afebbbc7c1c545e16eb0769cc72e62b0ce423f692ce3b558c04c25f8','cfcddce24be395b5a21afd76c21e53bf0f89c0ebb012c0b349d147ce80874acb58e985e869e49b2b',0,'2018-11-04 23:51:13'),('e4d38b9ba02427a9276a0a40a539ea323d17cbc7efcf9baceeaa5f3d5d8f7af6f2ef95faca8afdbf','79d7ae524850274f34bf34aa2a0eeee453313c809585b3c5e45a108b25c46c5d0fa008b6edbf0b60',0,'2019-01-13 20:54:16'),('e4e5738212c1f0014974b53e7d727247af913c70f12cc8f91752a11ce15ab4794f53bb24856ab26d','beed2dfa9ac1544217a880355a62c63f6f8c83ebe471e1dc06bc6975abd9f35ae5c343ce59f092b8',0,'2018-11-24 17:26:11'),('e4f4b408bd531b01f07e781b339278859fdd024559c203b91fd8ea7a5b552635d2352a710b20ee2c','dabb19aece7ab2fd07733af432144e57ac6c8b74f2c10696eed5b42b2a733ecf49ebdbd5fbf40bc2',0,'2018-11-29 23:39:38'),('e53cc0a4bd2dc73f6483d9f38cf9e1dbdf111e216e99e398e8cdafe786eca87257743b014c6cd981','e84785abab3dda60d477618dc2513c7312541d06a57207cfa96afdf7750cce27f10010b5bca458d1',0,'2018-11-21 14:41:08'),('e6b6708d6896afab63bb4cd77874df3b40bb8c444566238b05e5ba3d98dcbd5164f539688d0eef26','b3a8cee8f3aefe4749ff850499f2c50a3f387d7da7520516d21c019d7aa8a5cd1406e006b43eced9',0,'2018-11-21 02:50:36'),('e6d2fdfeb2946e7f19f19689a4e69ee9766bd2cdd667384994fc770105f309ddce6f9a98f6520b53','1ab3b7eb5ca794898e7c75a6f79ed1671e7f87687602dbfe1ea3cd86cc22f206bc4284a0c6c12718',0,'2018-11-10 02:48:30'),('e76c700d6b9f8611ac243b03d2c67b915659cd465b00276de0573d2302c071b6f91b2606d9bc3d7a','e0fa4be6a8b5e3d2ed85964f11b3a38722987b5fc7038db7bec4e3778587225b051d9a7427fc5883',0,'2018-11-04 14:58:23'),('e8b1a2d262f8cf359088382bf6510810cd5482cc8e14dc1f56750c4a5dc89da7ca11d495a17f3f62','09645f90e89a8ba444a6700fc68348095a3a712298b61919d6cb54d13220f6291a96ac05861ea638',0,'2018-11-03 11:22:28'),('e99d2523af62eecf0514374755f1d44dbac97c636689414ef83302c76a90555b6cb53e54c66c5a0d','a102af376c4062436446bd20629a799af70adbcb861615c7e6cfc0e06cf4fdbc8aec52da1c43e5d5',0,'2018-11-01 23:47:51'),('eaa3019dfce611d1e26cdc9340ee6c5680ba7fbd4045110dff98ff98db73fbe7f608d5f5b9a47a2e','3cc886fd3d55958a1627fff4018ee208a92f83f6fd07bcbe47375800129f67e9f6986691241b30ed',0,'2018-11-30 01:07:22'),('eb9d6f997b893b7011fbef4b97c408ec31245679e3eb2bf9ee484d74fb0811e163c521213e2fe482','f8f289b2c7505f2e5b10eb1b95c49aae4af85736d84deba263f4bc751a5b3a2b25ee0ec6f697cef0',0,'2018-11-05 09:39:59'),('eba11f26e40bba274386b61bd98dbf2ca43798548568d22808ac1c934c9c057c7d2fd7bb681d5611','505093fdcada6df63f75d0c7dafc4d91509f9a248a894dd3f25cb33e1da73ce3218d81e5064df0f7',0,'2018-11-22 16:19:24'),('eca30742887b3e2a20ca17493b33fb21d138a1df3c7d97b53abd51bef33d1babc3708462788ca735','e98616fb296d4b7e462454ee59253736bcfc1ca3500275af83a66c57d342257dd3a1d8fb0a535ca3',0,'2018-11-01 20:49:51'),('efec08a016aae053604124d8aeb7633d2f13dbc0792b9e7f19e06011c268c1dab3a09b77a751461e','502acf35fb7ca1586af98ed7bea87d0955bf56bd780bf5940ee0246ac4f72068a2ca27f49b8dde04',0,'2018-11-01 21:31:15'),('f36c72ecb9e0ddd9fa9206a5731cd592a347b594d7e60560e2948b0aa7794939db89c5392afcfd37','30c710d1d738b2d30bc80d4993f68870a2d91e6340ab958ce3ff62bc4bbd703c05c5fd7c852b2c0a',0,'2018-11-07 16:56:48'),('f400f46db009ad51aec8f6fc4387004715f99086dba668c8b1c95d965161c632f5d82e18da6bb4bd','10b28a180bb937ae0a8cc7ec2801bca89f571ef5148a3738885ea3f7eec3fd9a339f7f1f00a9fdba',0,'2018-11-02 11:55:05'),('f54a7a8de0dda248910dc98165e56d73fe3c57b0aea173c202567305bf8c496c535bcb397fa110dd','f4f0e8bec603dc398e75deb37f4c7903d9c36071be9b91ce98899a42a481dabe123e8dad389e3391',0,'2018-11-02 21:53:15'),('f611280bc58cb3c920e32664a422de1486e780ea46421ca89696290938ed8abef852362bf689a61f','f4048c52d7978a02da053e071a4cc0051046f446b72628bb35e354b9794d385a79e17be80cd94d6b',0,'2018-11-07 00:38:59'),('fdd46f64f6fb2de90d7cc9fccbfb01dd1e7eae249dc61b36726a5baf5f37fdad7c93775316c5e903','c12bb9bdb03407a00b5ca15cbc820ceaf8c327028f9a3344b9af1b7fdc1e6306175d2f3c9fdef265',0,'2019-01-21 00:03:31'),('fe69162550e7337c9001db2c473a4b730421e2d11f4fc41c543f8682fc413208381233001bf94595','7a2c9b53248f3b35fb1f7d35499d765f45868ebe639c624cd330575e2c5ffbcc9c11b234400bf900',0,'2019-01-20 11:55:34'),('feaf5cf6ef75326f48fe4e7e0de4eb8f7ed8f2d2dd39d3a13702c740c5ad969245e1739e6b3a720d','1d232e16e9caaadf860b4a503a0f2f63a43d66084868d417d0befbedf6e4876b208482aa5907d264',0,'2018-11-12 01:09:01');
/*!40000 ALTER TABLE `oauth_refresh_tokens` ENABLE KEYS */;
UNLOCK TABLES;

--
-- Table structure for table `password_resets`
--

DROP TABLE IF EXISTS `password_resets`;
/*!40101 SET @saved_cs_client     = @@character_set_client */;
/*!40101 SET character_set_client = utf8 */;
CREATE TABLE `password_resets` (
  `email` varchar(191) COLLATE utf8mb4_unicode_ci NOT NULL,
  `token` varchar(191) COLLATE utf8mb4_unicode_ci NOT NULL,
  `created_at` timestamp NULL DEFAULT NULL,
  KEY `password_resets_email_index` (`email`)
) ENGINE=InnoDB DEFAULT CHARSET=utf8mb4 COLLATE=utf8mb4_unicode_ci;
/*!40101 SET character_set_client = @saved_cs_client */;

--
-- Dumping data for table `password_resets`
--

LOCK TABLES `password_resets` WRITE;
/*!40000 ALTER TABLE `password_resets` DISABLE KEYS */;
INSERT INTO `password_resets` VALUES ('devs@52frames.com','$2y$10$nEnfkXT.FokO9XfqLkICl.3nEdzGtB28OajF0So6eIAAOQYU1H.Y.','2018-10-09 20:50:43');
/*!40000 ALTER TABLE `password_resets` ENABLE KEYS */;
UNLOCK TABLES;

--
-- Table structure for table `photo_exifs`
--

DROP TABLE IF EXISTS `photo_exifs`;
/*!40101 SET @saved_cs_client     = @@character_set_client */;
/*!40101 SET character_set_client = utf8 */;
CREATE TABLE `photo_exifs` (
  `id` bigint(20) unsigned NOT NULL AUTO_INCREMENT,
  `photo_id` bigint(20) unsigned NOT NULL,
  `exif_item_id` bigint(20) unsigned NOT NULL,
  `value` varchar(191) COLLATE utf8mb4_unicode_ci NOT NULL,
  `created_at` timestamp NULL DEFAULT NULL,
  `updated_at` timestamp NULL DEFAULT NULL,
  PRIMARY KEY (`id`),
  KEY `photo_exifs_photo_id_foreign` (`photo_id`),
  KEY `photo_exifs_exif_item_id_foreign` (`exif_item_id`),
  CONSTRAINT `photo_exifs_exif_item_id_foreign` FOREIGN KEY (`exif_item_id`) REFERENCES `exif_items` (`id`) ON DELETE CASCADE,
  CONSTRAINT `photo_exifs_photo_id_foreign` FOREIGN KEY (`photo_id`) REFERENCES `photos` (`id`) ON DELETE CASCADE
) ENGINE=InnoDB AUTO_INCREMENT=304 DEFAULT CHARSET=utf8mb4 COLLATE=utf8mb4_unicode_ci;
/*!40101 SET character_set_client = @saved_cs_client */;

--
-- Dumping data for table `photo_exifs`
--

LOCK TABLES `photo_exifs` WRITE;
/*!40000 ALTER TABLE `photo_exifs` DISABLE KEYS */;
INSERT INTO `photo_exifs` VALUES (1,14,22,'26','2018-10-18 20:49:06','2018-10-18 20:49:06'),(2,14,34,'39','2018-10-18 20:49:06','2018-10-18 20:49:06'),(3,14,45,'48','2018-10-18 20:49:07','2018-10-18 20:49:07'),(4,14,52,'64','2018-10-18 20:49:07','2018-10-18 20:49:07'),(5,14,53,'Sony','2018-10-18 20:49:07','2018-10-18 20:49:07'),(6,14,54,'A7RIII','2018-10-18 20:49:07','2018-10-18 20:49:07'),(7,14,298,'300','2018-10-18 20:49:07','2018-10-18 20:49:07'),(8,15,16,'1','2018-10-18 21:00:10','2018-10-18 21:00:10'),(9,15,17,'1','2018-10-18 21:00:10','2018-10-18 21:00:10'),(10,15,22,'27','2018-10-18 21:00:10','2018-10-18 21:00:10'),(11,15,34,'41','2018-10-18 21:00:10','2018-10-18 21:00:10'),(12,15,45,'46','2018-10-18 21:00:10','2018-10-18 21:00:10'),(13,15,52,'100','2018-10-18 21:00:10','2018-10-18 21:00:10'),(14,15,53,'Canon','2018-10-18 21:00:10','2018-10-18 21:00:10'),(15,15,54,'T6i','2018-10-18 21:00:10','2018-10-18 21:00:10'),(16,15,55,'104','2018-10-18 21:00:10','2018-10-18 21:00:10'),(17,15,298,'300','2018-10-18 21:00:10','2018-10-18 21:00:10'),(25,17,16,'1','2018-10-19 00:00:05','2018-10-19 00:00:05'),(26,17,22,'27','2018-10-19 00:00:05','2018-10-19 00:00:05'),(27,17,34,'38','2018-10-19 00:00:05','2018-10-19 00:00:05'),(28,17,45,'48','2018-10-19 00:00:05','2018-10-19 00:00:05'),(29,17,52,'40','2018-10-19 00:00:05','2018-10-19 00:00:05'),(30,17,53,'Olympus','2018-10-19 00:00:05','2018-10-19 00:00:05'),(31,17,54,'E-M1 MarkII','2018-10-19 00:00:05','2018-10-19 00:00:05'),(32,17,55,'173','2018-10-19 00:00:05','2018-10-19 00:00:05'),(33,19,22,'25','2018-10-19 03:57:48','2018-10-19 03:57:48'),(34,19,34,'38','2018-10-19 03:57:48','2018-10-19 03:57:48'),(35,19,45,'46','2018-10-19 03:57:48','2018-10-19 03:57:48'),(36,19,52,'50','2018-10-19 03:57:48','2018-10-19 03:57:48'),(37,19,53,'Canon','2018-10-19 03:57:48','2018-10-19 03:57:48'),(38,19,54,'EOS Rebel T5','2018-10-19 03:57:48','2018-10-19 03:57:48'),(39,19,55,'89','2018-10-19 03:57:48','2018-10-19 03:57:48'),(40,19,298,'300','2018-10-19 03:57:48','2018-10-19 03:57:48'),(59,29,7,'1','2018-10-20 11:27:07','2018-10-20 11:27:07'),(60,29,18,'1','2018-10-20 11:27:07','2018-10-20 11:27:07'),(61,30,19,'1','2018-10-20 17:53:59','2018-10-20 17:53:59'),(62,31,19,'1','2018-10-20 18:48:42','2018-10-20 18:48:42'),(63,31,21,'1','2018-10-20 18:48:42','2018-10-20 18:48:42'),(64,31,22,'26','2018-10-20 18:48:42','2018-10-20 18:48:42'),(65,31,34,'39','2018-10-20 18:48:42','2018-10-20 18:48:42'),(66,31,45,'50','2018-10-20 18:48:42','2018-10-20 18:48:42'),(67,31,52,'38','2018-10-20 18:48:42','2018-10-20 18:48:42'),(68,31,53,'Nikon','2018-10-20 18:48:42','2018-10-20 18:48:42'),(69,31,54,'D700','2018-10-20 18:48:42','2018-10-20 18:48:42'),(70,31,55,'145','2018-10-20 18:48:42','2018-10-20 18:48:42'),(71,31,298,'300','2018-10-20 18:48:42','2018-10-20 18:48:42'),(72,32,8,'1','2018-10-21 13:38:14','2018-10-21 13:38:14'),(73,32,21,'1','2018-10-21 13:38:14','2018-10-21 13:38:14'),(74,32,22,'27','2018-10-21 13:38:14','2018-10-21 13:38:14'),(75,32,34,'38','2018-10-21 13:38:14','2018-10-21 13:38:14'),(76,32,45,'48','2018-10-21 13:38:14','2018-10-21 13:38:14'),(77,32,52,'50','2018-10-21 13:38:14','2018-10-21 13:38:14'),(78,32,53,'Canon','2018-10-21 13:38:14','2018-10-21 13:38:14'),(79,32,54,'t2i','2018-10-21 13:38:14','2018-10-21 13:38:14'),(80,32,55,'89','2018-10-21 13:38:14','2018-10-21 13:38:14'),(81,32,298,'300','2018-10-21 13:38:15','2018-10-21 13:38:15'),(82,33,16,'1','2018-10-21 18:20:52','2018-10-21 18:20:52'),(83,33,17,'1','2018-10-21 18:20:52','2018-10-21 18:20:52'),(84,33,22,'25','2018-10-21 18:20:52','2018-10-21 18:20:52'),(85,33,34,'40','2018-10-21 18:20:52','2018-10-21 18:20:52'),(86,33,45,'49','2018-10-21 18:20:52','2018-10-21 18:20:52'),(87,33,52,'100','2018-10-21 18:20:52','2018-10-21 18:20:52'),(88,33,53,'canon','2018-10-21 18:20:52','2018-10-21 18:20:52'),(89,33,54,'5D MarkIV','2018-10-21 18:20:52','2018-10-21 18:20:52'),(90,33,55,'104','2018-10-21 18:20:52','2018-10-21 18:20:52'),(99,34,22,'33','2018-10-21 19:20:36','2018-10-21 19:20:36'),(100,34,34,'44','2018-10-21 19:20:36','2018-10-21 19:20:36'),(101,34,45,'46','2018-10-21 19:20:36','2018-10-21 19:20:36'),(102,34,52,'40','2018-10-21 19:20:36','2018-10-21 19:20:36'),(103,34,53,'Nikon','2018-10-21 19:20:36','2018-10-21 19:20:36'),(104,34,54,'D5600','2018-10-21 19:20:36','2018-10-21 19:20:36'),(105,34,55,'154','2018-10-21 19:20:36','2018-10-21 19:20:36'),(106,34,298,'300','2018-10-21 19:20:36','2018-10-21 19:20:36'),(107,35,18,'1','2018-10-21 20:16:22','2018-10-21 20:16:22'),(108,35,22,'26','2018-10-21 20:16:22','2018-10-21 20:16:22'),(109,35,34,'41','2018-10-21 20:16:22','2018-10-21 20:16:22'),(110,35,45,'46','2018-10-21 20:16:22','2018-10-21 20:16:22'),(111,35,52,'16','2018-10-21 20:16:22','2018-10-21 20:16:22'),(112,35,53,'Nikon','2018-10-21 20:16:22','2018-10-21 20:16:22'),(113,35,54,'D7200','2018-10-21 20:16:22','2018-10-21 20:16:22'),(114,35,55,'297','2018-10-21 20:16:22','2018-10-21 20:16:22'),(115,35,298,'300','2018-10-21 20:16:22','2018-10-21 20:16:22'),(125,36,16,'1','2018-10-21 20:39:16','2018-10-21 20:39:16'),(126,36,22,'29','2018-10-21 20:39:16','2018-10-21 20:39:16'),(127,36,34,'43','2018-10-21 20:39:16','2018-10-21 20:39:16'),(128,36,45,'47','2018-10-21 20:39:16','2018-10-21 20:39:16'),(129,36,52,'85','2018-10-21 20:39:16','2018-10-21 20:39:16'),(130,36,53,'Nikon','2018-10-21 20:39:16','2018-10-21 20:39:16'),(131,36,54,'D5100','2018-10-21 20:39:16','2018-10-21 20:39:16'),(132,36,55,'137','2018-10-21 20:39:16','2018-10-21 20:39:16'),(133,36,298,'300','2018-10-21 20:39:16','2018-10-21 20:39:16'),(134,37,2,'1','2018-10-22 01:12:00','2018-10-22 01:12:00'),(135,37,11,'1','2018-10-22 01:12:00','2018-10-22 01:12:00'),(136,37,19,'1','2018-10-22 01:12:00','2018-10-22 01:12:00'),(137,37,22,'26','2018-10-22 01:12:00','2018-10-22 01:12:00'),(138,37,34,'39','2018-10-22 01:12:00','2018-10-22 01:12:00'),(139,37,45,'47','2018-10-22 01:12:00','2018-10-22 01:12:00'),(140,37,52,'20','2018-10-22 01:12:00','2018-10-22 01:12:00'),(141,37,53,'Fuji','2018-10-22 01:12:00','2018-10-22 01:12:00'),(142,37,54,'XT2','2018-10-22 01:12:00','2018-10-22 01:12:00'),(143,37,55,'112','2018-10-22 01:12:00','2018-10-22 01:12:00'),(144,37,298,'299','2018-10-22 01:12:00','2018-10-22 01:12:00'),(145,27,7,'1','2018-10-24 20:34:43','2018-10-24 20:34:43'),(146,27,22,'30','2018-10-24 20:34:43','2018-10-24 20:34:43'),(147,27,34,'36','2018-10-24 20:34:43','2018-10-24 20:34:43'),(148,27,45,'49','2018-10-24 20:34:43','2018-10-24 20:34:43'),(149,27,52,'4,2','2018-10-24 20:34:43','2018-10-24 20:34:43'),(150,27,53,'Samsung','2018-10-24 20:34:43','2018-10-24 20:34:43'),(151,27,54,'Galaxy S8','2018-10-24 20:34:43','2018-10-24 20:34:43'),(152,27,55,'297','2018-10-24 20:34:43','2018-10-24 20:34:43'),(153,27,298,'299','2018-10-24 20:34:43','2018-10-24 20:34:43'),(165,46,16,'1','2018-10-24 20:49:07','2018-10-24 20:49:07'),(166,46,17,'1','2018-10-24 20:49:07','2018-10-24 20:49:07'),(167,45,2,'1','2018-10-24 20:50:01','2018-10-24 20:50:01'),(168,45,19,'1','2018-10-24 20:50:01','2018-10-24 20:50:01'),(169,45,22,'26','2018-10-24 20:50:01','2018-10-24 20:50:01'),(170,45,34,'38','2018-10-24 20:50:01','2018-10-24 20:50:01'),(171,45,45,'47','2018-10-24 20:50:01','2018-10-24 20:50:01'),(172,45,52,'50','2018-10-24 20:50:01','2018-10-24 20:50:01'),(173,45,53,'Nikon','2018-10-24 20:50:01','2018-10-24 20:50:01'),(174,45,54,'D3200','2018-10-24 20:50:02','2018-10-24 20:50:02'),(175,45,55,'159','2018-10-24 20:50:02','2018-10-24 20:50:02'),(176,45,298,'299','2018-10-24 20:50:02','2018-10-24 20:50:02'),(177,47,3,'1','2018-10-24 21:43:17','2018-10-24 21:43:17'),(178,47,21,'1','2018-10-24 21:43:17','2018-10-24 21:43:17'),(179,47,22,'33','2018-10-24 21:43:17','2018-10-24 21:43:17'),(180,47,34,'42','2018-10-24 21:43:17','2018-10-24 21:43:17'),(181,47,45,'46','2018-10-24 21:43:17','2018-10-24 21:43:17'),(182,47,52,'80','2018-10-24 21:43:17','2018-10-24 21:43:17'),(183,47,53,'nikon','2018-10-24 21:43:17','2018-10-24 21:43:17'),(184,47,54,'d3300','2018-10-24 21:43:17','2018-10-24 21:43:17'),(185,47,55,'297','2018-10-24 21:43:17','2018-10-24 21:43:17'),(186,47,298,'300','2018-10-24 21:43:17','2018-10-24 21:43:17'),(187,48,22,'25','2018-10-24 21:59:37','2018-10-24 21:59:37'),(188,48,34,'38','2018-10-24 21:59:37','2018-10-24 21:59:37'),(189,48,45,'46','2018-10-24 21:59:37','2018-10-24 21:59:37'),(190,48,53,'Nikon','2018-10-24 21:59:37','2018-10-24 21:59:37'),(191,48,54,'D5500','2018-10-24 21:59:37','2018-10-24 21:59:37'),(192,48,298,'300','2018-10-24 21:59:37','2018-10-24 21:59:37'),(193,16,16,'1','2018-10-24 22:04:39','2018-10-24 22:04:39'),(194,16,22,'27','2018-10-24 22:04:39','2018-10-24 22:04:39'),(195,16,34,'38','2018-10-24 22:04:39','2018-10-24 22:04:39'),(196,16,45,'46','2018-10-24 22:04:39','2018-10-24 22:04:39'),(197,16,53,'Nikon','2018-10-24 22:04:39','2018-10-24 22:04:39'),(198,16,54,'P510','2018-10-24 22:04:39','2018-10-24 22:04:39'),(199,16,298,'300','2018-10-24 22:04:39','2018-10-24 22:04:39'),(200,50,7,'1','2018-10-26 12:44:28','2018-10-26 12:44:28'),(201,50,12,'1','2018-10-26 12:44:28','2018-10-26 12:44:28'),(202,51,22,'25','2018-10-27 21:16:22','2018-10-27 21:16:22'),(203,51,34,'39','2018-10-27 21:16:22','2018-10-27 21:16:22'),(204,51,45,'46','2018-10-27 21:16:22','2018-10-27 21:16:22'),(205,51,52,'29','2018-10-27 21:16:22','2018-10-27 21:16:22'),(206,51,53,'Canon','2018-10-27 21:16:22','2018-10-27 21:16:22'),(207,51,54,'EOS Rebel T5','2018-10-27 21:16:22','2018-10-27 21:16:22'),(208,51,55,'68','2018-10-27 21:16:22','2018-10-27 21:16:22'),(209,51,298,'300','2018-10-27 21:16:22','2018-10-27 21:16:22'),(210,52,7,'1','2018-10-29 01:24:20','2018-10-29 01:24:20'),(211,52,21,'1','2018-10-29 01:24:20','2018-10-29 01:24:20'),(212,58,2,'0','2018-11-06 19:33:46','2018-11-06 19:33:46'),(213,58,8,'1','2018-11-06 19:33:46','2018-11-06 19:33:46'),(214,58,19,'1','2018-11-06 19:33:46','2018-11-06 19:33:46'),(215,58,22,'25','2018-11-06 19:33:46','2018-11-06 19:33:46'),(216,58,34,'39','2018-11-06 19:33:46','2018-11-06 19:33:46'),(217,58,45,'46','2018-11-06 19:33:46','2018-11-06 19:33:46'),(218,58,52,'50','2018-11-06 19:33:46','2018-11-06 19:33:46'),(219,58,53,'Nikon','2018-11-06 19:33:46','2018-11-06 19:33:46'),(220,58,54,'D3200','2018-11-06 19:33:46','2018-11-06 19:33:46'),(221,58,55,'159','2018-11-06 19:33:46','2018-11-06 19:33:46'),(222,58,298,'300','2018-11-06 19:33:47','2018-11-06 19:33:47'),(223,60,22,'33','2018-11-06 22:01:09','2018-11-06 22:01:09'),(224,60,34,'44','2018-11-06 22:01:09','2018-11-06 22:01:09'),(225,60,45,'46','2018-11-06 22:01:09','2018-11-06 22:01:09'),(226,60,52,'40','2018-11-06 22:01:09','2018-11-06 22:01:09'),(227,60,53,'Nikon','2018-11-06 22:01:09','2018-11-06 22:01:09'),(228,60,54,'D5600','2018-11-06 22:01:09','2018-11-06 22:01:09'),(229,60,55,'154','2018-11-06 22:01:10','2018-11-06 22:01:10'),(230,60,298,'300','2018-11-06 22:01:10','2018-11-06 22:01:10'),(233,62,16,'1','2018-11-07 14:47:22','2018-11-07 14:47:22'),(234,62,20,'1','2018-11-07 14:47:22','2018-11-07 14:47:22'),(242,64,16,'1','2018-11-07 19:46:42','2018-11-07 19:46:42'),(243,64,22,'25','2018-11-07 19:46:42','2018-11-07 19:46:42'),(244,64,34,'37','2018-11-07 19:46:42','2018-11-07 19:46:42'),(245,64,45,'47','2018-11-07 19:46:42','2018-11-07 19:46:42'),(246,64,53,'New Camera','2018-11-07 19:46:42','2018-11-07 19:46:42'),(247,64,54,'A very nice one','2018-11-07 19:46:42','2018-11-07 19:46:42'),(248,64,298,'300','2018-11-07 19:46:42','2018-11-07 19:46:42'),(249,65,7,'1','2018-11-11 18:04:36','2018-11-11 18:04:36'),(250,65,21,'1','2018-11-11 18:04:36','2018-11-11 18:04:36'),(251,66,19,'0','2018-11-13 02:53:13','2018-11-13 02:53:13'),(252,66,21,'1','2018-11-13 02:53:13','2018-11-13 02:53:13'),(253,66,22,'31','2018-11-13 02:53:13','2018-11-13 02:53:13'),(254,66,34,'36','2018-11-13 02:53:13','2018-11-13 02:53:13'),(255,66,45,'49','2018-11-13 02:53:13','2018-11-13 02:53:13'),(256,66,52,'18','2018-11-13 02:53:13','2018-11-13 02:53:13'),(257,66,53,'canon','2018-11-13 02:53:13','2018-11-13 02:53:13'),(258,66,54,'50d','2018-11-13 02:53:13','2018-11-13 02:53:13'),(259,66,55,'68','2018-11-13 02:53:13','2018-11-13 02:53:13'),(260,66,298,'300','2018-11-13 02:53:13','2018-11-13 02:53:13'),(272,74,11,'1','2018-11-16 01:12:50','2018-11-16 01:12:50'),(273,74,12,'1','2018-11-16 01:12:50','2018-11-16 01:12:50'),(274,74,15,'1','2018-11-16 01:12:50','2018-11-16 01:12:50'),(275,74,16,'1','2018-11-16 01:12:50','2018-11-16 01:12:50'),(276,74,34,'40','2018-11-16 01:12:50','2018-11-16 01:12:50'),(277,74,45,'48','2018-11-16 01:12:50','2018-11-16 01:12:50'),(278,74,52,'200','2018-11-16 01:12:50','2018-11-16 01:12:50'),(279,74,53,'Sony','2018-11-16 01:12:50','2018-11-16 01:12:50'),(280,74,54,'a5100','2018-11-16 01:12:50','2018-11-16 01:12:50'),(281,74,55,'297','2018-11-16 01:12:51','2018-11-16 01:12:51'),(282,74,298,'300','2018-11-16 01:12:51','2018-11-16 01:12:51'),(283,75,12,'1','2018-11-16 15:51:40','2018-11-16 15:51:40'),(284,75,16,'1','2018-11-16 15:51:40','2018-11-16 15:51:40'),(285,75,20,'1','2018-11-16 15:51:40','2018-11-16 15:51:40'),(286,75,22,'23','2018-11-16 15:51:40','2018-11-16 15:51:40'),(287,75,34,'37','2018-11-16 15:51:40','2018-11-16 15:51:40'),(288,75,45,'46','2018-11-16 15:51:40','2018-11-16 15:51:40'),(289,75,52,'27','2018-11-16 15:51:41','2018-11-16 15:51:41'),(290,75,53,'Nikon','2018-11-16 15:51:41','2018-11-16 15:51:41'),(291,75,54,'D5500','2018-11-16 15:51:41','2018-11-16 15:51:41'),(292,75,55,'137','2018-11-16 15:51:41','2018-11-16 15:51:41'),(293,75,298,'300','2018-11-16 15:51:41','2018-11-16 15:51:41'),(294,76,7,'1','2018-11-19 01:47:47','2018-11-19 01:47:47'),(295,76,15,'1','2018-11-19 01:47:47','2018-11-19 01:47:47'),(296,77,22,'27','2018-11-19 03:23:11','2018-11-19 03:23:11'),(297,77,34,'39','2018-11-19 03:23:11','2018-11-19 03:23:11'),(298,77,45,'46','2018-11-19 03:23:11','2018-11-19 03:23:11'),(299,77,52,'18','2018-11-19 03:23:11','2018-11-19 03:23:11'),(300,77,53,'Canon','2018-11-19 03:23:11','2018-11-19 03:23:11'),(301,77,54,'EOS Rebel T5','2018-11-19 03:23:11','2018-11-19 03:23:11'),(302,77,55,'68','2018-11-19 03:23:11','2018-11-19 03:23:11'),(303,77,298,'300','2018-11-19 03:23:12','2018-11-19 03:23:12');
/*!40000 ALTER TABLE `photo_exifs` ENABLE KEYS */;
UNLOCK TABLES;

--
-- Table structure for table `photos`
--

DROP TABLE IF EXISTS `photos`;
/*!40101 SET @saved_cs_client     = @@character_set_client */;
/*!40101 SET character_set_client = utf8 */;
CREATE TABLE `photos` (
  `id` bigint(20) unsigned NOT NULL AUTO_INCREMENT,
  `imported_from_row_id` bigint(20) unsigned DEFAULT NULL,
  `imported_info` text COLLATE utf8mb4_unicode_ci,
  `user_id` bigint(20) unsigned NOT NULL,
  `album_id` bigint(20) unsigned NOT NULL,
  `uploaded_to_dropbox` tinyint(1) NOT NULL DEFAULT '0',
  `uploaded_to_cdn` tinyint(1) NOT NULL DEFAULT '0',
  `staff_pick` tinyint(1) NOT NULL DEFAULT '0',
  `num_views` bigint(20) unsigned NOT NULL DEFAULT '0',
  `num_loves` bigint(20) unsigned NOT NULL DEFAULT '0',
  `num_comments` bigint(20) unsigned NOT NULL DEFAULT '0',
  `title` varchar(191) COLLATE utf8mb4_unicode_ci DEFAULT NULL,
  `notes_from_yosef` text COLLATE utf8mb4_unicode_ci,
  `caption` text COLLATE utf8mb4_unicode_ci,
  `ownership_confirmation` tinyint(1) NOT NULL,
  `is_graphic` tinyint(1) NOT NULL DEFAULT '0',
  `has_nudity` tinyint(1) NOT NULL DEFAULT '0',
  `model_consent` tinyint(1) NOT NULL DEFAULT '0',
  `qualifies_extra_credit` tinyint(1) NOT NULL DEFAULT '0',
  `screencast_critique` tinyint(1) NOT NULL DEFAULT '1',
  `critique_level` varchar(191) COLLATE utf8mb4_unicode_ci DEFAULT NULL,
  `location` varchar(191) COLLATE utf8mb4_unicode_ci DEFAULT NULL,
  `original_res_filename` varchar(191) COLLATE utf8mb4_unicode_ci NOT NULL,
  `thumbnail_filename` varchar(191) COLLATE utf8mb4_unicode_ci NOT NULL,
  `hi_res_filename` varchar(191) COLLATE utf8mb4_unicode_ci NOT NULL,
  `tags` text COLLATE utf8mb4_unicode_ci,
  `created_at` timestamp NULL DEFAULT NULL,
  `updated_at` timestamp NULL DEFAULT NULL,
  PRIMARY KEY (`id`),
  KEY `photos_user_id_foreign` (`user_id`),
  KEY `photos_album_id_foreign` (`album_id`),
  CONSTRAINT `photos_album_id_foreign` FOREIGN KEY (`album_id`) REFERENCES `albums` (`id`) ON DELETE CASCADE,
  CONSTRAINT `photos_user_id_foreign` FOREIGN KEY (`user_id`) REFERENCES `users` (`id`) ON DELETE CASCADE
) ENGINE=InnoDB AUTO_INCREMENT=88 DEFAULT CHARSET=utf8mb4 COLLATE=utf8mb4_unicode_ci;
/*!40101 SET character_set_client = @saved_cs_client */;

--
-- Dumping data for table `photos`
--

LOCK TABLES `photos` WRITE;
/*!40000 ALTER TABLE `photos` DISABLE KEYS */;
INSERT INTO `photos` VALUES (12,NULL,NULL,1002,2,1,1,0,0,0,0,'Cover Photo',NULL,'Cover Photo',1,0,0,0,0,0,'52f-cc_regular',NULL,'2018/week-42-wabi-sabi/1002-52frames---rand-1333671161.jpg','https://photos.staging.52frames.com/2018/week-42-wabi-sabi/thumbnails/1002-52frames---rand-1333671161.jpg','https://photos.staging.52frames.com/2018/week-42-wabi-sabi/1002-52frames---rand-1333671161.jpg','','2018-10-18 19:36:06','2018-10-18 19:36:08'),(13,NULL,NULL,1003,2,1,1,0,0,0,0,'Sample Photo',NULL,'Sample Photo',1,0,0,0,0,0,'52f-cc_regular',NULL,'2018/week-42-wabi-sabi/1003-52frames---rand-504865986.jpg','https://photos.staging.52frames.com/2018/week-42-wabi-sabi/thumbnails/1003-52frames---rand-504865986.jpg','https://photos.staging.52frames.com/2018/week-42-wabi-sabi/1003-52frames---rand-504865986.jpg','','2018-10-18 19:36:20','2018-10-18 19:37:11'),(14,NULL,NULL,1012,2,1,1,0,0,5,2,'Reflection of Grandeur',NULL,'<p>This photo was taken at Winterthur, the former estate of Henry F. du Pont.</p>',1,0,0,0,0,1,'52f-cc_regular',NULL,'2018/week-42-wabi-sabi/1012-kim-sisk--rand-1358616330.jpg','https://photos.staging.52frames.com/2018/week-42-wabi-sabi/thumbnails/1012-kim-sisk--rand-1358616330.jpg','https://photos.staging.52frames.com/2018/week-42-wabi-sabi/1012-kim-sisk--rand-1358616330.jpg','','2018-10-18 20:49:06','2018-10-26 03:46:45'),(15,NULL,NULL,1015,2,1,1,0,0,6,2,'Testing the Site!',NULL,'<p>Photo I submitted during \"True Black and White\" week.&nbsp; Uploading to test!</p>',1,0,0,0,0,1,'shred_away',NULL,'2018/week-42-wabi-sabi/1015-kris-brady--rand-1372207329.jpg','https://photos.staging.52frames.com/2018/week-42-wabi-sabi/thumbnails/1015-kris-brady--rand-1372207329.jpg','https://photos.staging.52frames.com/2018/week-42-wabi-sabi/1015-kris-brady--rand-1372207329.jpg','','2018-10-18 21:00:10','2018-10-26 03:46:40'),(16,NULL,NULL,1020,2,1,1,0,0,3,3,'Week 42 Wabi Sabi',NULL,'<p>What fun this is, can\'t wait to see the website up for real. Trying this to see if it works</p>',1,0,0,0,0,1,'52f-cc_regular',NULL,'2018/week-42-wabi-sabi/1020-debra-jones--rand-922379407.jpg','https://photos.staging.52frames.com/2018/week-42-wabi-sabi/thumbnails/1020-debra-jones--rand-922379407.jpg','https://photos.staging.52frames.com/2018/week-42-wabi-sabi/1020-debra-jones--rand-922379407.jpg','','2018-10-18 22:30:34','2018-10-29 18:41:21'),(17,NULL,NULL,1016,2,1,1,0,0,1,1,'Past It\'s Prime',NULL,'<p>This is one of the photos that I shot this week for Wabi Sabi.&nbsp; It\'s not the one that I will be submitting to the actual challenge.&nbsp; It is milkweed in my garden that I grow to attract monarch caterpillars.</p>',1,0,0,0,1,1,'shred_away','Backyard','2018/week-42-wabi-sabi/1016-susan-gutterman--rand-381509237.jpg','https://photos.staging.52frames.com/2018/week-42-wabi-sabi/thumbnails/1016-susan-gutterman--rand-381509237.jpg','https://photos.staging.52frames.com/2018/week-42-wabi-sabi/1016-susan-gutterman--rand-381509237.jpg','','2018-10-19 00:00:05','2018-10-24 22:03:49'),(19,NULL,NULL,1024,2,1,1,0,0,7,1,'Harvard Classics',NULL,'<table class=\"m_988326719702964080readonly\" cellspacing=\"0\" cellpadding=\"0\">\n<tbody>\n<tr>\n<td>\n<div>The set of 51 books (dates 1914) originally belonged to husband\'s great-grandfather. Volume 17, \"Folk-Lore and Fable: Aesop, Grimm Anderson\" is the most dog-eared book and my husband has fond memories of the book being read to him. There are still funny bookmarks (old business cards or interesting scraps of paper) in several books. The collection is a true family heirloom, we\'re so glad to have this treasure.&nbsp;</div>\n</td>\n</tr>\n</tbody>\n</table>',1,0,0,0,0,1,'shred_away',NULL,'2018/week-42-wabi-sabi/1024-julie-denton--rand-14335296.jpg','https://photos.staging.52frames.com/2018/week-42-wabi-sabi/thumbnails/1024-julie-denton--rand-14335296.jpg','https://photos.staging.52frames.com/2018/week-42-wabi-sabi/1024-julie-denton--rand-14335296.jpg','','2018-10-19 03:57:48','2018-10-26 03:45:48'),(24,NULL,NULL,1028,2,1,1,0,0,3,0,'Puppy dog eyes',NULL,'<p>The last week I actually did was \"shoot from above\", so here\'s a secondary shot from that. But I do have an idea in my head for this week - it probably isn\'t really focused on wabi sabi, but I had the idea because I was looking around me for places that fit, and it combined with the photoblog365 theme for that day, and I\'ve really been missing using photos as a chance to express myself and talk about what\'s going on in the world, etc., which I think is why I haven\'t been motivated to shoot for 52frames the past few weeks! But I\'m gonna go with something inspired by the theme, even if the theme isn\'t the focus.</p>\r\n<p>Also testing: editing the caption after the album is live!</p>',1,0,0,0,0,1,'52f-cc_regular',NULL,'2018/week-42-wabi-sabi/1028-sammy-katta--rand-1570963004.jpg','https://photos.staging.52frames.com/2018/week-42-wabi-sabi/thumbnails/1028-sammy-katta--rand-1570963004.jpg','https://photos.staging.52frames.com/2018/week-42-wabi-sabi/1028-sammy-katta--rand-1570963004.jpg','','2018-10-19 16:25:46','2018-10-29 01:23:18'),(25,NULL,NULL,1013,2,1,1,0,0,3,1,'1950 Wedding Present',NULL,'<p>I remember playing with these figurines and the poor lady was broken in half, but elmers glue to the rescue. I had remembered that he lost his head, but can\'t find proof of that! HA. These are hand painted from Japan. This is just a working draft.</p>',1,0,0,0,1,1,'52f-cc_regular','Home','2018/week-42-wabi-sabi/1013-ruth-klein--rand-1982564329.jpg','https://photos.staging.52frames.com/2018/week-42-wabi-sabi/thumbnails/1013-ruth-klein--rand-1982564329.jpg','https://photos.staging.52frames.com/2018/week-42-wabi-sabi/1013-ruth-klein--rand-1982564329.jpg','','2018-10-19 16:35:45','2018-10-24 22:02:15'),(27,NULL,NULL,1035,2,1,1,0,0,1,0,'Police chopper',NULL,'<p>Test image taken with phone just for this upload</p>',1,0,0,0,1,1,'shred_away','Norway','2018/week-42-wabi-sabi/1035-erik-wie--rand-647179255.jpg','https://photos.staging.52frames.com/2018/week-42-wabi-sabi/thumbnails/1035-erik-wie--rand-647179255.jpg','https://photos.staging.52frames.com/2018/week-42-wabi-sabi/1035-erik-wie--rand-647179255.jpg','','2018-10-19 22:33:58','2018-10-25 04:40:47'),(28,NULL,NULL,1007,2,1,1,0,2,6,7,'Wabi Sabi',NULL,'<p>Caption text.&nbsp;</p>',1,0,0,0,1,1,'52f-cc_regular',NULL,'2018/week-42-wabi-sabi/1007-yosef-adest--rand-1186983513.jpg','https://photos.staging.52frames.com/2018/week-42-wabi-sabi/thumbnails/1007-yosef-adest--rand-1186983513.jpg','https://photos.staging.52frames.com/2018/week-42-wabi-sabi/1007-yosef-adest--rand-1186983513.jpg','','2018-10-20 08:51:51','2019-03-03 18:08:26'),(29,NULL,NULL,1025,2,1,1,0,1,3,2,'Wabi Sabi',NULL,'<p>From the hotel lobby. &nbsp;I tried to choose a photo from the photo library on my phone but couldn&rsquo;t get that to work.</p>',1,0,0,0,0,1,'52f-cc_regular','Gilbert, AZ','2018/week-42-wabi-sabi/1025-lanny-trumble--rand-935017551.jpg','https://photos.staging.52frames.com/2018/week-42-wabi-sabi/thumbnails/1025-lanny-trumble--rand-935017551.jpg','https://photos.staging.52frames.com/2018/week-42-wabi-sabi/1025-lanny-trumble--rand-935017551.jpg','','2018-10-20 11:27:07','2019-02-10 19:18:31'),(30,NULL,NULL,1037,2,1,1,0,0,2,1,'imperfect, but who is?',NULL,'<p>&nbsp; &nbsp; Being that this is a unique album, and one we can upload ANY photo to, I took the liberty of using this unique opertunity to submit an old photo.... one of my dear daughter Rina, who unfortunately can no longer be photographed, having died a few years ago.&nbsp;</p>\n<p>&nbsp; &nbsp;In a society which often looks down on those with limited abilities, I could only say: look at what she DOES do!&nbsp; Her skills included reading, cooking, photography, sewing, babysitting (with supervision, but still a help), sweeping, .... and yes, horseback riding.</p>\n<p>&nbsp; &nbsp; Taken with a point and shoot.</p>\n<p>&nbsp; &nbsp; I did not take it this week, but I retouched it.&nbsp;</p>',1,0,0,0,0,0,'52f-cc_regular','Estes Park, Colorado','2018/week-42-wabi-sabi/1037-ruth-palatnik--rand-142244839.jpg','https://photos.staging.52frames.com/2018/week-42-wabi-sabi/thumbnails/1037-ruth-palatnik--rand-142244839.jpg','https://photos.staging.52frames.com/2018/week-42-wabi-sabi/1037-ruth-palatnik--rand-142244839.jpg','DownSyndrome,disabilities','2018-10-20 17:53:59','2018-10-25 04:39:43'),(31,NULL,NULL,1038,2,1,1,0,0,4,1,'Wabi Sabi',NULL,'<p>In the Spotlight. . . only not perfect. &nbsp;This beautiful instrument cannot sound beautiful with a broken string. &nbsp;I went for the harsh look of stage light with a flashlight aimed in the dark. &nbsp;Even the circle is not perfect, but somehow beautiful.&nbsp;</p>',1,0,0,0,1,1,'shred_away','Northern Virginia','2018/week-42-wabi-sabi/1038-candi-campbell--rand-1464013754.jpg','https://photos.staging.52frames.com/2018/week-42-wabi-sabi/thumbnails/1038-candi-campbell--rand-1464013754.jpg','https://photos.staging.52frames.com/2018/week-42-wabi-sabi/1038-candi-campbell--rand-1464013754.jpg','','2018-10-20 18:48:42','2018-10-25 04:27:23'),(32,NULL,NULL,1039,2,1,1,0,0,4,3,'Super Duper Test Photo',NULL,'<p>This site is Un-be-LEEEEV-able</p>\n<p>testing testing</p>\n<p>is this thing on</p>',1,0,0,0,0,1,'shred_away',NULL,'2018/week-42-wabi-sabi/1039-dan-sokolow--rand-1552533891.jpg','https://photos.staging.52frames.com/2018/week-42-wabi-sabi/thumbnails/1039-dan-sokolow--rand-1552533891.jpg','https://photos.staging.52frames.com/2018/week-42-wabi-sabi/1039-dan-sokolow--rand-1552533891.jpg','','2018-10-21 13:38:14','2018-10-26 03:44:14'),(33,NULL,NULL,1040,2,1,1,0,0,7,4,'The beauty of milkweed going to seed',NULL,'<p>Taken in the woods of Wisconsin. .&nbsp; the milkweed plant is going dormant for the season and waiting to lose it\'s seeds to the ground for a new plants to grow in the spring.</p>',1,0,0,0,0,1,'52f-cc_regular',NULL,'2018/week-42-wabi-sabi/1040-sue-nelson--rand-2005698066.jpg','https://photos.staging.52frames.com/2018/week-42-wabi-sabi/thumbnails/1040-sue-nelson--rand-2005698066.jpg','https://photos.staging.52frames.com/2018/week-42-wabi-sabi/1040-sue-nelson--rand-2005698066.jpg','','2018-10-21 18:20:52','2018-10-26 03:42:41'),(34,NULL,NULL,1019,2,1,1,0,0,5,7,'Two Leaves',NULL,'<p>I\'ve always loved Fall and the color of the changing leaves!</p>',1,0,0,0,1,1,'shred_away',NULL,'2018/week-42-wabi-sabi/1019-sandi-kroll--rand-1100206648.jpg','https://photos.staging.52frames.com/2018/week-42-wabi-sabi/thumbnails/1019-sandi-kroll--rand-1100206648.jpg','https://photos.staging.52frames.com/2018/week-42-wabi-sabi/1019-sandi-kroll--rand-1100206648.jpg','leaves,macro','2018-10-21 19:20:15','2018-10-25 04:22:13'),(35,NULL,NULL,1043,2,1,1,0,0,7,5,'Crack in the Sidewalk',NULL,'<p>I love the way that the cracked paint follows the crack in the path.</p>',1,0,0,0,0,1,'52f-cc_regular','Arlington, Virgina, USA','2018/week-42-wabi-sabi/1043-liz-albro--rand-2135669963.jpg','https://photos.staging.52frames.com/2018/week-42-wabi-sabi/thumbnails/1043-liz-albro--rand-2135669963.jpg','https://photos.staging.52frames.com/2018/week-42-wabi-sabi/1043-liz-albro--rand-2135669963.jpg','yellow,path','2018-10-21 20:16:21','2018-10-25 04:19:49'),(36,NULL,NULL,1044,2,1,1,0,1,3,2,'The yellow leaf',NULL,'<p>After lot of old windows and doors and walls, none satisfying me, I found this old tree covered by moss with that lonely dying leaf and I thought that it was the right pcture to describe the grace of wabi sabi.</p>',1,0,0,0,0,1,'shred_away','Porretta Terme, Bologna, Emilia-Romagna, Italy','2018/week-42-wabi-sabi/1044-anna-paola-rosaspina--rand-1110599822.jpg','https://photos.staging.52frames.com/2018/week-42-wabi-sabi/thumbnails/1044-anna-paola-rosaspina--rand-1110599822.jpg','https://photos.staging.52frames.com/2018/week-42-wabi-sabi/1044-anna-paola-rosaspina--rand-1110599822.jpg','','2018-10-21 20:38:03','2019-02-10 19:18:24'),(37,NULL,NULL,1048,2,1,1,0,1,7,3,'Camp Montebello',NULL,'<p>I sometimes pass this place while driving and always look twice and covet. This week knowing the theme I grabbed an accommodating friend and drove there an hour before sunset.<br /><br />One OCF to model left to light her face amidst the shadows and low light, we shot as the background shadows shifted until they were in the perfect spot!&nbsp;<br /><br />The post processing was relatively minor but I got to use some of the color grading and blending tricks I just learned in PS, that was fun! Also nice to see the progression of time and lessons learned setting up and shooting, and things learned and prepped right from past mistakes...<br /><br />CC please please, whole shot/model setup, light, and post (PS and LR.)</p>',1,0,0,0,0,1,'shred_away','Camp Montebello, NY','2018/week-42-wabi-sabi/1048-gella-steif--rand-1226458811.jpg','https://photos.staging.52frames.com/2018/week-42-wabi-sabi/thumbnails/1048-gella-steif--rand-1226458811.jpg','https://photos.staging.52frames.com/2018/week-42-wabi-sabi/1048-gella-steif--rand-1226458811.jpg','','2018-10-22 01:12:00','2019-03-03 18:09:04'),(39,NULL,NULL,1005,2,1,1,0,0,1,1,'Thank you to our Patrons!',NULL,'<p>Woohoo!</p>',1,0,0,0,0,0,'52f-cc_regular',NULL,'2018/week-42-wabi-sabi/1005-52frames---rand-183256323.jpg','https://photos.staging.52frames.com/2018/week-42-wabi-sabi/thumbnails/1005-52frames---rand-183256323.jpg','https://photos.staging.52frames.com/2018/week-42-wabi-sabi/1005-52frames---rand-183256323.jpg','','2018-10-24 19:16:36','2018-10-24 21:54:24'),(40,NULL,NULL,1004,2,1,1,0,0,0,0,'Coming Up Next Week!!',NULL,'<p>Huzzah!</p>',1,0,0,0,0,0,'52f-cc_regular',NULL,'2018/week-42-wabi-sabi/1004-52frames---rand-371682980.jpg','https://photos.staging.52frames.com/2018/week-42-wabi-sabi/thumbnails/1004-52frames---rand-371682980.jpg','https://photos.staging.52frames.com/2018/week-42-wabi-sabi/1004-52frames---rand-371682980.jpg','','2018-10-24 19:16:40','2018-10-24 19:16:42'),(41,NULL,NULL,1002,3,1,1,0,0,0,0,'Cover Photo',NULL,'Cover Photo',1,0,0,0,0,0,'52f-cc_regular',NULL,'2018/week-43-smell/1002-52frames---rand-2069330965.jpg','https://photos.staging.52frames.com/2018/week-43-smell/thumbnails/1002-52frames---rand-2069330965.jpg','https://photos.staging.52frames.com/2018/week-43-smell/1002-52frames---rand-2069330965.jpg','','2018-10-24 20:00:32','2018-10-24 20:00:34'),(42,NULL,NULL,1003,3,1,1,0,0,0,0,'Sample Photo',NULL,'Sample Photo',1,0,0,0,0,0,'52f-cc_regular',NULL,'2018/week-43-smell/1003-52frames---rand-2108264925.jpg','https://photos.staging.52frames.com/2018/week-43-smell/thumbnails/1003-52frames---rand-2108264925.jpg','https://photos.staging.52frames.com/2018/week-43-smell/1003-52frames---rand-2108264925.jpg','','2018-10-24 20:00:34','2018-10-24 20:00:36'),(45,NULL,NULL,1062,3,1,1,0,0,1,1,'Yuck!',NULL,'<p>Seriously, brussels sprouts are the worst</p>',1,1,0,0,0,1,'shred_away','Lawrence, Kansas, USA','2018/week-43-smell/1062-bree-vante--rand-1864278839.jpg','https://photos.staging.52frames.com/2018/week-43-smell/thumbnails/1062-bree-vante--rand-1864278839.jpg','https://photos.staging.52frames.com/2018/week-43-smell/1062-bree-vante--rand-1864278839.jpg','','2018-10-24 20:49:00','2018-11-07 19:43:45'),(46,NULL,NULL,1064,3,1,1,0,0,1,1,'Ootheca',NULL,'<p>This is a macro shot an Ootheca, an egg sac, of a Praying Mantis.&nbsp; This has NOTHING to do with smell.&nbsp; Just helping out testing the site. I don\'t have time to do a SMELL challenge on top of the Mechanical challenge. :-)</p>',1,0,0,0,0,1,'52f-cc_regular','Shot in our Backyard.','2018/week-43-smell/1064-lee-ann-lenfest--rand-1832925621.jpg','https://photos.staging.52frames.com/2018/week-43-smell/thumbnails/1064-lee-ann-lenfest--rand-1832925621.jpg','https://photos.staging.52frames.com/2018/week-43-smell/1064-lee-ann-lenfest--rand-1832925621.jpg','','2018-10-24 20:49:07','2018-11-07 19:36:54'),(47,NULL,NULL,1057,3,1,1,0,0,1,2,'Essential',NULL,'<p>Guess it doesn\'t really matter what subject is tested, but i thought this week was \"mechanical\" . . .at any rate here\'s my test photo for \"mechanical\"</p>',1,0,0,0,0,1,'shred_away','canyon lake texas','2018/week-43-smell/1057-linda-mellor--rand-1399332247.jpg','https://photos.staging.52frames.com/2018/week-43-smell/thumbnails/1057-linda-mellor--rand-1399332247.jpg','https://photos.staging.52frames.com/2018/week-43-smell/1057-linda-mellor--rand-1399332247.jpg','mechanical','2018-10-24 21:43:17','2018-11-07 19:37:28'),(48,NULL,NULL,1020,3,1,1,0,0,2,2,'Smell, hopefully I have something',NULL,'<p>I\'ll find a photo to submit just to keep testing. So far the site is great.&nbsp; I just made up my settings.</p>',1,0,0,0,1,1,'52f-cc_regular',NULL,'2018/week-43-smell/1020-debra-jones--rand-57128302.jpg','https://photos.staging.52frames.com/2018/week-43-smell/thumbnails/1020-debra-jones--rand-57128302.jpg','https://photos.staging.52frames.com/2018/week-43-smell/1020-debra-jones--rand-57128302.jpg','','2018-10-24 21:59:36','2018-11-08 03:34:44'),(50,NULL,NULL,1025,3,1,1,0,1,1,1,'Wabi Sabi',NULL,'<p>Sign for store located in Taos, New Mexico</p>',1,0,0,0,1,1,'52f-cc_regular','Taos, NM','2018/week-43-smell/1025-lanny-trumble--rand-1996570096.jpg','https://photos.staging.52frames.com/2018/week-43-smell/thumbnails/1025-lanny-trumble--rand-1996570096.jpg','https://photos.staging.52frames.com/2018/week-43-smell/1025-lanny-trumble--rand-1996570096.jpg','','2018-10-26 12:44:28','2019-01-14 08:41:04'),(51,NULL,NULL,1024,3,1,1,0,1,1,1,'7up',NULL,'<p>I have no caption&nbsp;&nbsp;<img src=\"../../../vendor/tinymce/js/tinymce/plugins/emoticons/img/smiley-embarassed.gif\" alt=\"embarassed\" /></p>',1,0,0,0,0,1,'shred_away',NULL,'2018/week-43-smell/1024-julie-denton--rand-1222901617.jpg','https://photos.staging.52frames.com/2018/week-43-smell/thumbnails/1024-julie-denton--rand-1222901617.jpg','https://photos.staging.52frames.com/2018/week-43-smell/1024-julie-denton--rand-1222901617.jpg','','2018-10-27 21:16:22','2019-01-14 08:41:12'),(52,NULL,NULL,1018,3,1,1,0,0,1,1,'Breakfast',NULL,'<p>Fresh out of the oven&nbsp;</p>',1,0,0,0,0,0,'52f-cc_regular','My kitchen','2018/week-43-smell/1018-diane-gray--rand-2096646170.jpg','https://photos.staging.52frames.com/2018/week-43-smell/thumbnails/1018-diane-gray--rand-2096646170.jpg','https://photos.staging.52frames.com/2018/week-43-smell/1018-diane-gray--rand-2096646170.jpg','','2018-10-29 01:24:20','2018-11-07 19:44:13'),(53,NULL,NULL,1005,3,1,1,0,0,1,0,'patreon',NULL,'<p>patreon text</p>',1,0,0,0,0,0,'52f-cc_regular',NULL,'2018/week-43-smell/1005-52frames---rand-350824011.jpg','https://photos.staging.52frames.com/2018/week-43-smell/thumbnails/1005-52frames---rand-350824011.jpg','https://photos.staging.52frames.com/2018/week-43-smell/1005-52frames---rand-350824011.jpg','','2018-11-04 18:29:38','2018-11-08 03:35:19'),(54,NULL,NULL,1004,3,1,1,0,0,0,0,'flyer photo',NULL,'<p>flyer text</p>',1,0,0,0,0,0,'52f-cc_regular',NULL,'2018/week-43-smell/1004-52frames---rand-192095732.jpg','https://photos.staging.52frames.com/2018/week-43-smell/thumbnails/1004-52frames---rand-192095732.jpg','https://photos.staging.52frames.com/2018/week-43-smell/1004-52frames---rand-192095732.jpg','','2018-11-04 18:29:42','2018-11-04 18:29:44'),(55,NULL,NULL,1002,4,1,1,0,0,0,0,'Cover Photo',NULL,'Cover Photo',1,0,0,0,0,0,'52f-cc_regular',NULL,'2018/week-45-opposites-attract/1002-52frames---rand-409671060.jpg','https://photos.staging.52frames.com/2018/week-45-opposites-attract/thumbnails/1002-52frames---rand-409671060.jpg','https://photos.staging.52frames.com/2018/week-45-opposites-attract/1002-52frames---rand-409671060.jpg','','2018-11-06 18:36:31','2018-11-06 18:36:33'),(56,NULL,NULL,1003,4,1,1,0,0,0,0,'Sample Photo',NULL,'Sample Photo',1,0,0,0,0,0,'52f-cc_regular',NULL,'2018/week-45-opposites-attract/1003-52frames---rand-543178314.jpg','https://photos.staging.52frames.com/2018/week-45-opposites-attract/thumbnails/1003-52frames---rand-543178314.jpg','https://photos.staging.52frames.com/2018/week-45-opposites-attract/1003-52frames---rand-543178314.jpg','','2018-11-06 18:36:44','2018-11-06 18:36:46'),(57,NULL,NULL,1013,4,1,1,0,0,5,1,'Just because',NULL,'<p>i have no idea what photo I will be selecting from my iPhone photos... enjoy!!</p>',1,0,0,0,1,1,'52f-cc_regular',NULL,'2018/week-45-opposites-attract/1013-ruth-klein--rand-537578769.jpg','https://photos.staging.52frames.com/2018/week-45-opposites-attract/thumbnails/1013-ruth-klein--rand-537578769.jpg','https://photos.staging.52frames.com/2018/week-45-opposites-attract/1013-ruth-klein--rand-537578769.jpg','','2018-11-06 18:55:47','2018-11-19 03:36:30'),(58,NULL,NULL,1062,4,1,1,0,0,5,4,'Muddy',NULL,'<p>Lookit the cute kid!</p>',1,0,0,0,1,1,'shred_away',NULL,'2018/week-45-opposites-attract/1062-bree-vante--rand-1715925156.jpg','https://photos.staging.52frames.com/2018/week-45-opposites-attract/thumbnails/1062-bree-vante--rand-1715925156.jpg','https://photos.staging.52frames.com/2018/week-45-opposites-attract/1062-bree-vante--rand-1715925156.jpg','','2018-11-06 19:33:46','2018-11-19 03:36:31'),(59,NULL,NULL,1067,4,1,1,0,0,3,2,'Test Submission',NULL,'<p>Testing the new website out</p>',1,0,0,0,0,0,'52f-cc_regular',NULL,'2018/week-45-opposites-attract/1067-annie-wynn--rand-1662787117.jpg','https://photos.staging.52frames.com/2018/week-45-opposites-attract/thumbnails/1067-annie-wynn--rand-1662787117.jpg','https://photos.staging.52frames.com/2018/week-45-opposites-attract/1067-annie-wynn--rand-1662787117.jpg','','2018-11-06 21:51:06','2018-11-19 03:38:47'),(60,NULL,NULL,1019,4,1,1,0,0,3,4,'Donuts and Pumpkins',NULL,'<p>Opposing donuts celebrating Autumn together!</p>',1,0,0,0,0,1,'shred_away','Long Island','2018/week-45-opposites-attract/1019-sandi-kroll--rand-847006919.jpg','https://photos.staging.52frames.com/2018/week-45-opposites-attract/thumbnails/1019-sandi-kroll--rand-847006919.jpg','https://photos.staging.52frames.com/2018/week-45-opposites-attract/1019-sandi-kroll--rand-847006919.jpg','','2018-11-06 22:01:09','2018-11-20 12:28:25'),(61,NULL,NULL,1064,4,1,1,0,0,4,2,'Ceraunus Blue',NULL,'<p>This has nothing to do with opposite attracts and everything to do with testing this new system.&nbsp; :-)<br /><br />I believe this butterfly is a Ceraunus Blue [Hemiargus ceraunus]. This photo a reject from the week of Macros.&nbsp; But, I am still extremely pleased with this one as I\'ve been trying to shoot one of these butterflies since the beginning of time (exaggeration). They\'re tiny and flighty things.&nbsp; You have to watch for them, approach extremely slowly, be patient and wait for the sun to come out from behind the clouds and it will open its wings.&nbsp; (Every time the sun hid behind the clouds, it would close its wings.) All your movements must be slow and methodical.&nbsp; &nbsp;I learned so much about DOF with this one itty bitty butterfly than all my years with the camera.&nbsp;</p>',1,0,0,0,0,1,'52f-cc_regular','La Vernia, Texas','2018/week-45-opposites-attract/1064-lee-ann-lenfest--rand-1652936903.jpg','https://photos.staging.52frames.com/2018/week-45-opposites-attract/thumbnails/1064-lee-ann-lenfest--rand-1652936903.jpg','https://photos.staging.52frames.com/2018/week-45-opposites-attract/1064-lee-ann-lenfest--rand-1652936903.jpg','','2018-11-07 12:41:08','2018-11-19 03:38:43'),(62,NULL,NULL,1035,4,1,1,0,0,2,3,'Panorama',NULL,'<p>Random image for test.&nbsp;<br />Choose a panorama image for this week to see how the format work on the new site.</p>',1,0,0,0,0,1,'shred_away','Rondane National Park, Norway','2018/week-45-opposites-attract/1035-erik-wie--rand-1398179665.jpg','https://photos.staging.52frames.com/2018/week-45-opposites-attract/thumbnails/1035-erik-wie--rand-1398179665.jpg','https://photos.staging.52frames.com/2018/week-45-opposites-attract/1035-erik-wie--rand-1398179665.jpg','test,norway','2018-11-07 14:45:13','2018-11-19 03:38:44'),(64,NULL,NULL,1020,4,1,1,0,0,2,4,'Opposites',NULL,'<p>Who knew opposites attract. Adding a photo but not sure if they are truely opposites although they do have contracting colors. . Oh and I made up my settings on this one just to see what would happen.&nbsp; And I changed my photo just to see what would happen.</p>',1,0,0,0,0,1,'52f-cc_regular',NULL,'2018/week-45-opposites-attract/1020-debra-jones--rand-12099214.jpg','https://photos.staging.52frames.com/2018/week-45-opposites-attract/thumbnails/1020-debra-jones--rand-12099214.jpg','https://photos.staging.52frames.com/2018/week-45-opposites-attract/1020-debra-jones--rand-12099214.jpg','','2018-11-07 19:46:42','2018-11-19 03:38:36'),(65,NULL,NULL,1018,4,1,1,0,0,3,3,'Oil and Vinegar',NULL,'<p>Oil and Vinegar don\'t like to mix, but when they do they make a tasty combo</p>',1,0,0,0,0,1,'52f-cc_regular','My kitchen','2018/week-45-opposites-attract/1018-diane-gray--rand-156029575.jpg','https://photos.staging.52frames.com/2018/week-45-opposites-attract/thumbnails/1018-diane-gray--rand-156029575.jpg','https://photos.staging.52frames.com/2018/week-45-opposites-attract/1018-diane-gray--rand-156029575.jpg','oil,vinegar,pairs,salad,food,dinner','2018-11-11 18:02:51','2018-11-19 03:38:39'),(66,NULL,NULL,1054,3,1,1,0,0,0,0,'This is a test',NULL,'<p>This is a test submission from a windows computer</p>',1,0,0,0,0,1,'shred_away','my house','2018/week-43-smell/1054-lindsey-jennewein--rand-1603920957.jpg','https://photos.staging.52frames.com/2018/week-43-smell/thumbnails/1054-lindsey-jennewein--rand-1603920957.jpg','https://photos.staging.52frames.com/2018/week-43-smell/1054-lindsey-jennewein--rand-1603920957.jpg','','2018-11-13 02:53:13','2018-11-13 02:53:15'),(67,NULL,NULL,1005,4,1,1,0,0,2,1,'Patreon Card',NULL,'<p>Patreon Card</p>',1,0,0,0,0,0,'52f-cc_regular',NULL,'2018/week-45-opposites-attract/1005-52frames---rand-1360562808.jpg','https://photos.staging.52frames.com/2018/week-45-opposites-attract/thumbnails/1005-52frames---rand-1360562808.jpg','https://photos.staging.52frames.com/2018/week-45-opposites-attract/1005-52frames---rand-1360562808.jpg','','2018-11-15 20:31:10','2018-11-19 03:38:41'),(68,NULL,NULL,1004,4,1,1,0,0,1,0,'Flyer Card',NULL,'<p>Flyer Card</p>',1,0,0,0,0,0,'52f-cc_regular',NULL,'2018/week-45-opposites-attract/1004-52frames---rand-819246675.jpg','https://photos.staging.52frames.com/2018/week-45-opposites-attract/thumbnails/1004-52frames---rand-819246675.jpg','https://photos.staging.52frames.com/2018/week-45-opposites-attract/1004-52frames---rand-819246675.jpg','','2018-11-15 20:31:14','2018-11-19 03:38:37'),(69,NULL,NULL,1002,5,1,1,0,0,0,0,'Cover Photo',NULL,'Cover Photo',1,0,0,0,0,0,'52f-cc_regular',NULL,'2018/week-46-in-the-middle/1002-52frames---rand-1359159286.jpg','https://photos.staging.52frames.com/2018/week-46-in-the-middle/thumbnails/1002-52frames---rand-1359159286.jpg','https://photos.staging.52frames.com/2018/week-46-in-the-middle/1002-52frames---rand-1359159286.jpg','','2018-11-15 20:36:18','2018-11-15 20:36:20'),(70,NULL,NULL,1003,5,1,1,0,0,0,0,'Sample Photo',NULL,'Sample Photo',1,0,0,0,0,0,'52f-cc_regular',NULL,'2018/week-46-in-the-middle/1003-52frames---rand-1051086556.jpg','https://photos.staging.52frames.com/2018/week-46-in-the-middle/thumbnails/1003-52frames---rand-1051086556.jpg','https://photos.staging.52frames.com/2018/week-46-in-the-middle/1003-52frames---rand-1051086556.jpg','','2018-11-15 20:36:21','2018-11-15 20:36:24'),(71,NULL,NULL,1069,5,1,1,0,0,1,0,'In the Middle of the Mountains',NULL,'<p>A picture from Skyline Drive</p>',1,0,0,0,0,1,'52f-cc_regular','Skyline Drive, VA','2018/week-46-in-the-middle/1069-nora-leonard--rand-1034139424.jpg','https://photos.staging.52frames.com/2018/week-46-in-the-middle/thumbnails/1069-nora-leonard--rand-1034139424.jpg','https://photos.staging.52frames.com/2018/week-46-in-the-middle/1069-nora-leonard--rand-1034139424.jpg','','2018-11-15 21:53:25','2018-12-30 20:56:23'),(72,NULL,NULL,1013,5,1,1,0,0,0,0,'Green and Red',NULL,'<p>Find the middle</p>',1,0,0,0,0,1,'52f-cc_regular','England','2018/week-46-in-the-middle/1013-ruth-klein--rand-228425520.jpg','https://photos.staging.52frames.com/2018/week-46-in-the-middle/thumbnails/1013-ruth-klein--rand-228425520.jpg','https://photos.staging.52frames.com/2018/week-46-in-the-middle/1013-ruth-klein--rand-228425520.jpg','','2018-11-15 22:30:08','2018-11-15 22:30:10'),(73,NULL,NULL,1064,5,1,1,0,0,0,1,'Do you see the white mountains?',NULL,'<p>This was a reject for Opposites Attracts and one of the first consistency shots.&nbsp; I buried candles under broken blue tinted glass in a pie plate. The glass was \"ice\" and candles \"fire\". I trying to go for the icy&nbsp;lake is on fire kind of thing and the edges of the pie plate was a surprising feature.&nbsp;</p>',1,0,0,0,0,1,'52f-cc_regular','My sewing studio which now has a tiny corner for photography. LOL. :-)','2018/week-46-in-the-middle/1064-lee-ann-lenfest--rand-1000801318.jpg','https://photos.staging.52frames.com/2018/week-46-in-the-middle/thumbnails/1064-lee-ann-lenfest--rand-1000801318.jpg','https://photos.staging.52frames.com/2018/week-46-in-the-middle/1064-lee-ann-lenfest--rand-1000801318.jpg','','2018-11-15 23:08:11','2018-12-30 20:55:27'),(74,NULL,NULL,1030,5,1,1,0,0,0,0,'The one thay got away',NULL,'<p>I was going to submit this as \"life and death\" last week, but due to a flight change and foolishness, I was in the air and missed the deadline. A sad way to break my streak in 2018. :(&nbsp;</p>',1,0,0,0,0,1,'shred_away','Boston, Mass.','2018/week-46-in-the-middle/1030-corey-ohara--rand-1320778786.jpg','https://photos.staging.52frames.com/2018/week-46-in-the-middle/thumbnails/1030-corey-ohara--rand-1320778786.jpg','https://photos.staging.52frames.com/2018/week-46-in-the-middle/1030-corey-ohara--rand-1320778786.jpg','Squirrel,Grave,Life,Death,Sun,Cemetery','2018-11-16 01:12:25','2018-11-16 01:12:27'),(75,NULL,NULL,1020,5,1,1,0,0,0,0,'More testing!',NULL,'<p>Middle of the road in the middle of the bridge during the middle of the week and at the middle of the day.</p>',1,0,0,0,1,1,'shred_away',NULL,'2018/week-46-in-the-middle/1020-debra-jones--rand-962482532.jpg','https://photos.staging.52frames.com/2018/week-46-in-the-middle/thumbnails/1020-debra-jones--rand-962482532.jpg','https://photos.staging.52frames.com/2018/week-46-in-the-middle/1020-debra-jones--rand-962482532.jpg','','2018-11-16 15:51:40','2018-11-16 15:51:42'),(76,NULL,NULL,1018,5,1,1,0,0,0,1,'Stuck in the Middle of Love',NULL,'<p>My favorite ceramic fish surrounded by hearts</p>',1,0,0,0,0,1,'52f-cc_regular',NULL,'2018/week-46-in-the-middle/1018-diane-gray--rand-1184623725.jpg','https://photos.staging.52frames.com/2018/week-46-in-the-middle/thumbnails/1018-diane-gray--rand-1184623725.jpg','https://photos.staging.52frames.com/2018/week-46-in-the-middle/1018-diane-gray--rand-1184623725.jpg','fish,heart,hearts,red','2018-11-19 01:47:47','2018-12-30 20:56:57'),(77,NULL,NULL,1024,5,1,1,0,0,0,1,'Alternate Image for In the Middle',NULL,'<p>At the last moment I decided to go with a different image.&nbsp; This is what I was going to submit.&nbsp; Shot at the Washington Cathedral</p>',1,0,0,0,0,1,'52f-cc_regular','Washington National Cathedral, Washington DC','2018/week-46-in-the-middle/1024-julie-denton--rand-71714542.jpg','https://photos.staging.52frames.com/2018/week-46-in-the-middle/thumbnails/1024-julie-denton--rand-71714542.jpg','https://photos.staging.52frames.com/2018/week-46-in-the-middle/1024-julie-denton--rand-71714542.jpg','','2018-11-19 03:23:11','2018-12-30 20:56:15'),(78,NULL,NULL,1002,6,1,1,0,0,0,0,'Cover Photo',NULL,'Cover Photo',1,0,0,0,0,0,'52f-cc_regular',NULL,'2018/week-49-windows/1002-52frames---rand-1136799393.jpg','https://photos.staging.52frames.com/2018/week-49-windows/thumbnails/1002-52frames---rand-1136799393.jpg','https://photos.staging.52frames.com/2018/week-49-windows/1002-52frames---rand-1136799393.jpg','','2018-12-04 18:48:21','2018-12-04 18:48:24'),(79,NULL,NULL,1003,6,1,1,0,0,0,0,'Sample Photo',NULL,'Sample Photo',1,0,0,0,0,0,'52f-cc_regular',NULL,'2018/week-49-windows/1003-52frames---rand-1270923467.jpg','https://photos.staging.52frames.com/2018/week-49-windows/thumbnails/1003-52frames---rand-1270923467.jpg','https://photos.staging.52frames.com/2018/week-49-windows/1003-52frames---rand-1270923467.jpg','','2018-12-04 18:48:25','2018-12-04 18:48:27'),(80,NULL,NULL,1002,7,1,1,0,0,0,0,'Cover Photo',NULL,'Cover Photo',1,0,0,0,0,0,'52f-cc_regular',NULL,'2018/week-50-break-the-rules/1002-52frames---rand-1235188977.jpg','https://photos.staging.52frames.com/2018/week-50-break-the-rules/thumbnails/1002-52frames---rand-1235188977.jpg','https://photos.staging.52frames.com/2018/week-50-break-the-rules/1002-52frames---rand-1235188977.jpg','','2018-12-16 22:02:47','2018-12-16 22:02:49'),(81,NULL,NULL,1003,7,1,1,0,0,0,0,'Sample Photo',NULL,'Sample Photo',1,0,0,0,0,0,'52f-cc_regular',NULL,'2018/week-50-break-the-rules/1003-52frames---rand-805758722.jpg','https://photos.staging.52frames.com/2018/week-50-break-the-rules/thumbnails/1003-52frames---rand-805758722.jpg','https://photos.staging.52frames.com/2018/week-50-break-the-rules/1003-52frames---rand-805758722.jpg','','2018-12-16 22:02:50','2018-12-16 22:02:53'),(82,NULL,NULL,1002,8,1,1,0,0,0,0,'Cover Photo',NULL,'Cover Photo',1,0,0,0,0,0,'52f-cc_regular',NULL,'2018/week-51-unexplored/1002-52frames---rand-1583146114.jpg','https://photos.staging.52frames.com/2018/week-51-unexplored/thumbnails/1002-52frames---rand-1583146114.jpg','https://photos.staging.52frames.com/2018/week-51-unexplored/1002-52frames---rand-1583146114.jpg','','2018-12-16 22:14:59','2018-12-16 22:15:01'),(83,NULL,NULL,1003,8,1,1,0,0,0,0,'Sample Photo',NULL,'Sample Photo',1,0,0,0,0,0,'52f-cc_regular',NULL,'2018/week-51-unexplored/1003-52frames---rand-93712591.jpg','https://photos.staging.52frames.com/2018/week-51-unexplored/thumbnails/1003-52frames---rand-93712591.jpg','https://photos.staging.52frames.com/2018/week-51-unexplored/1003-52frames---rand-93712591.jpg','','2018-12-16 22:15:01','2018-12-16 22:15:04'),(84,NULL,NULL,1062,7,1,1,0,1,0,0,'Not This Week\'s Photo',NULL,'<p>No rules were broken in the making of this photo but LOOK AT MY NEW PUPPY&nbsp;</p>',1,0,0,0,1,1,'extra_sensitive','Lawrence, Kansas, USA','2018/week-50-break-the-rules/1062-bree-vante--rand-2100233936.jpg','https://photos.staging.52frames.com/2018/week-50-break-the-rules/thumbnails/1062-bree-vante--rand-2100233936.jpg','https://photos.staging.52frames.com/2018/week-50-break-the-rules/1062-bree-vante--rand-2100233936.jpg','','2018-12-16 22:19:44','2019-01-07 04:50:40'),(85,NULL,NULL,1002,9,1,1,0,0,0,0,'Cover Photo',NULL,'Cover Photo',1,0,0,0,0,0,'52f-cc_regular',NULL,'2019/week-09-negative-space/1002-52frames---rand-1187427083.jpg','https://photos.staging.52frames.com/2019/week-09-negative-space/thumbnails/1002-52frames---rand-1187427083.jpg','https://photos.staging.52frames.com/2019/week-09-negative-space/1002-52frames---rand-1187427083.jpg','','2019-03-03 18:05:11','2019-03-03 18:05:12'),(86,NULL,NULL,1003,9,1,1,0,0,0,0,'Sample Photo',NULL,'Sample Photo',1,0,0,0,0,0,'52f-cc_regular',NULL,'2019/week-09-negative-space/1003-52frames---rand-1372197531.jpg','https://photos.staging.52frames.com/2019/week-09-negative-space/thumbnails/1003-52frames---rand-1372197531.jpg','https://photos.staging.52frames.com/2019/week-09-negative-space/1003-52frames---rand-1372197531.jpg','','2019-03-03 18:05:12','2019-03-03 18:05:15'),(87,NULL,NULL,1007,9,1,1,0,1,0,0,'yosef adest',NULL,'<p>caption</p>',1,0,0,0,0,1,'52f-cc_regular',NULL,'2019/week-09-negative-space/1007-yosef-adest--rand-893824157.jpg','https://photos.staging.52frames.com/2019/week-09-negative-space/thumbnails/1007-yosef-adest--rand-893824157.jpg','https://photos.staging.52frames.com/2019/week-09-negative-space/1007-yosef-adest--rand-893824157.jpg','','2019-03-03 18:06:49','2019-03-04 09:56:31');
/*!40000 ALTER TABLE `photos` ENABLE KEYS */;
UNLOCK TABLES;

--
-- Table structure for table `roles`
--

DROP TABLE IF EXISTS `roles`;
/*!40101 SET @saved_cs_client     = @@character_set_client */;
/*!40101 SET character_set_client = utf8 */;
CREATE TABLE `roles` (
  `id` bigint(20) unsigned NOT NULL AUTO_INCREMENT,
  `dynamic` tinyint(1) NOT NULL DEFAULT '0',
  `access_level_points` bigint(20) unsigned NOT NULL,
  `keyword` varchar(191) COLLATE utf8mb4_unicode_ci DEFAULT NULL,
  `display_name` varchar(191) COLLATE utf8mb4_unicode_ci NOT NULL,
  `created_at` timestamp NULL DEFAULT NULL,
  `updated_at` timestamp NULL DEFAULT NULL,
  PRIMARY KEY (`id`)
) ENGINE=InnoDB AUTO_INCREMENT=10 DEFAULT CHARSET=utf8mb4 COLLATE=utf8mb4_unicode_ci;
/*!40101 SET character_set_client = @saved_cs_client */;

--
-- Dumping data for table `roles`
--

LOCK TABLES `roles` WRITE;
/*!40000 ALTER TABLE `roles` DISABLE KEYS */;
INSERT INTO `roles` VALUES (1,0,100000,'admin','Admin','2018-10-09 16:52:57','2018-10-09 16:52:57'),(2,0,200000,'committee','Committee','2018-10-09 16:52:57','2018-10-09 16:52:57'),(3,0,1000000,'super_admin','Super Admin','2018-10-09 16:52:57','2018-10-09 16:52:57'),(4,1,1000,'streaker','Streaker','2018-10-09 16:52:57','2018-10-09 16:52:57'),(5,1,1010,'power_user','Power User','2018-10-09 16:52:57','2018-10-09 16:52:57'),(6,1,1020,'senior_critic','Senior Critic','2018-10-09 16:52:57','2018-10-09 16:52:57'),(7,0,90000,'csv_uploader','CSV Uploader','2018-10-09 16:53:06','2018-10-09 16:53:06'),(8,0,900100,'csv_data_merger','CSV Data Merger','2018-10-09 16:53:06','2018-10-09 16:53:06'),(9,0,900200,'csv_data_manager','Imported Data Manager','2018-10-09 16:53:06','2018-10-09 16:53:06');
/*!40000 ALTER TABLE `roles` ENABLE KEYS */;
UNLOCK TABLES;

--
-- Table structure for table `sessions`
--

DROP TABLE IF EXISTS `sessions`;
/*!40101 SET @saved_cs_client     = @@character_set_client */;
/*!40101 SET character_set_client = utf8 */;
CREATE TABLE `sessions` (
  `id` varchar(191) COLLATE utf8mb4_unicode_ci NOT NULL,
  `user_id` bigint(20) unsigned DEFAULT NULL,
  `ip_address` varchar(45) COLLATE utf8mb4_unicode_ci DEFAULT NULL,
  `user_agent` text COLLATE utf8mb4_unicode_ci,
  `payload` text COLLATE utf8mb4_unicode_ci NOT NULL,
  `last_activity` int(11) NOT NULL,
  UNIQUE KEY `sessions_id_unique` (`id`),
  KEY `sessions_user_id_foreign` (`user_id`),
  CONSTRAINT `sessions_user_id_foreign` FOREIGN KEY (`user_id`) REFERENCES `users` (`id`) ON DELETE CASCADE
) ENGINE=InnoDB DEFAULT CHARSET=utf8mb4 COLLATE=utf8mb4_unicode_ci;
/*!40101 SET character_set_client = @saved_cs_client */;

--
-- Dumping data for table `sessions`
--

LOCK TABLES `sessions` WRITE;
/*!40000 ALTER TABLE `sessions` DISABLE KEYS */;
INSERT INTO `sessions` VALUES ('1AFG94RsDUj6DSo0vt9L008BFGd5tLyov3M7VyZG',NULL,'35.243.132.22','MailChimp','YToyOntzOjY6Il90b2tlbiI7czo0MDoiSE0xYk5Kc25PTmFiQlQxd2NEazV5VlpXZldHek9uWXU0eW5kdDliaSI7czo2OiJfZmxhc2giO2E6Mjp7czozOiJvbGQiO2E6MDp7fXM6MzoibmV3IjthOjA6e319fQ==',1551706025),('1aJUsHvkruUn3be59TA7nWm7bcfHLjArwCu0ICNl',NULL,'184.105.139.70','','YTozOntzOjY6Il90b2tlbiI7czo0MDoidWxaSWNtYmxyWGxJaEN5V2dtVlZueUVqMXpFaklKMTlzdmNCOHEzRCI7czo5OiJfcHJldmlvdXMiO2E6MTp7czozOiJ1cmwiO3M6MjE6Imh0dHBzOi8vNTIuOTAuMjQwLjIzOSI7fXM6NjoiX2ZsYXNoIjthOjI6e3M6Mzoib2xkIjthOjA6e31zOjM6Im5ldyI7YTowOnt9fX0=',1551805082),('1l4vDzDo3P8hoFNVZVRj3XNQVZrdYIa96LhjY2hX',NULL,'71.6.135.131','','YTozOntzOjY6Il90b2tlbiI7czo0MDoiM2NPckZxblg3NXZPRFRGSnJ5YThXbmRLMFoxcnNrZEFSMzlZNXV6NiI7czo5OiJfcHJldmlvdXMiO2E6MTp7czozOiJ1cmwiO3M6NDY6Imh0dHBzOi8vNTIuOTAuMjQwLjIzOS8ud2VsbC1rbm93bi9zZWN1cml0eS50eHQiO31zOjY6Il9mbGFzaCI7YToyOntzOjM6Im9sZCI7YTowOnt9czozOiJuZXciO2E6MDp7fX19',1551341687),('1tssPlglF6QwaTj8bN9HOQuGS41gBPoPBtMWObqi',NULL,'66.228.34.57','Mozilla/5.0 (Windows NT 6.1) AppleWebKit/537.36 (KHTML, like Gecko) Chrome/41.0.2228.0 Safari/537.36','YTozOntzOjY6Il90b2tlbiI7czo0MDoiM2F1NXFnTzlPa0k5bTIzSjJCMEdmaEU0VzY1YkhGNHMxODV6U1NHeiI7czo5OiJfcHJldmlvdXMiO2E6MTp7czozOiJ1cmwiO3M6MzM6Imh0dHBzOi8vNTQuMTY0LjE1Ni40Mi9hcGkvdjEvcG9kcyI7fXM6NjoiX2ZsYXNoIjthOjI6e3M6Mzoib2xkIjthOjA6e31zOjM6Im5ldyI7YTowOnt9fX0=',1552453357),('1Zsbh0gxFHv6LAoUsKiVBXPymG8wR8VZSbCaDADK',NULL,'113.200.95.86','Mozilla/4.0 (compatible; MSIE 9.0; Windows NT 6.1)','YTozOntzOjY6Il90b2tlbiI7czo0MDoiOVRKZkgyQ3d1cHgycGFBNDRNZWUxZTVKWjAycm1DVEFMTVl3TWVjUSI7czo5OiJfcHJldmlvdXMiO2E6MTp7czozOiJ1cmwiO3M6NTY6Imh0dHBzOi8vNTQuMTY0LjE1Ni40Mi9zdHJ1dHMyLXJlc3Qtc2hvd2Nhc2Uvb3JkZXJzLnhodG1sIjt9czo2OiJfZmxhc2giO2E6Mjp7czozOiJvbGQiO2E6MDp7fXM6MzoibmV3IjthOjA6e319fQ==',1552416747),('204HY1rCvYGFqqa2yxNtTcw6EvPjyzUFmf6slfyY',NULL,'100.43.91.126','Mozilla/5.0 (compatible; YandexBot/3.0; +http://yandex.com/bots)','YTozOntzOjY6Il90b2tlbiI7czo0MDoiWnhDUmhxR21sU3dRRERYZUc3eExnc0pOdFBOaURsSVl2RXlGMkk3MyI7czo5OiJfcHJldmlvdXMiO2E6MTp7czozOiJ1cmwiO3M6Mjg6Imh0dHBzOi8vc3RhZ2luZy41MmZyYW1lcy5jb20iO31zOjY6Il9mbGFzaCI7YToyOntzOjM6Im9sZCI7YTowOnt9czozOiJuZXciO2E6MDp7fX19',1552103332),('2Ku6ejzG7o9o9ki78tYFoYtGmaWZTKXS7MTghzdT',NULL,'123.191.159.131','Mozilla/5.0 (Windows NT 6.1; WOW64; Trident/7.0; rv:11.0) like Gecko','YTozOntzOjY6Il90b2tlbiI7czo0MDoiY3Z4TEs5dGs4ZmpPVzZzcFBtV2h3cGhkZmV3VWpJVG54eThvc0lvSCI7czo5OiJfcHJldmlvdXMiO2E6MTp7czozOiJ1cmwiO3M6MjE6Imh0dHBzOi8vNTIuOTAuMjQwLjIzOSI7fXM6NjoiX2ZsYXNoIjthOjI6e3M6Mzoib2xkIjthOjA6e31zOjM6Im5ldyI7YTowOnt9fX0=',1551839375),('2p1BX1tuNcnnNejiuUdXBEmRLAUqVrIfJpLGKgG2',NULL,'35.196.243.255','MailChimp','YToyOntzOjY6Il90b2tlbiI7czo0MDoieXBvd1BkZWxIMkYyOTlTbkZjcXJQZjFnU3NrdGdPelEzZk1wUDVidCI7czo2OiJfZmxhc2giO2E6Mjp7czozOiJvbGQiO2E6MDp7fXM6MzoibmV3IjthOjA6e319fQ==',1551823511),('2QfXmsu8nfkZ09dUdgEMQd7TPnO6GoJ6OSh4F9c6',NULL,'176.32.33.80','python-requests/2.6.0 CPython/2.7.5 Linux/3.10.0-957.1.3.el7.x86_64','YTozOntzOjY6Il90b2tlbiI7czo0MDoidlNKZDdCcjBCaWpXR0lZeWNEaWt5UWhwWjgxZldvc1lrNG40YW51NiI7czo5OiJfcHJldmlvdXMiO2E6MTp7czozOiJ1cmwiO3M6Mzg6Imh0dHBzOi8vNTIuOTAuMjQwLjIzOS9hZG1pbi9jb25maWcucGhwIjt9czo2OiJfZmxhc2giO2E6Mjp7czozOiJvbGQiO2E6MDp7fXM6MzoibmV3IjthOjA6e319fQ==',1551791703),('2qH2Ntwj2S9KmHaNjEHcEKtLtuhOFU2tLnN05qsb',NULL,'176.32.33.80','python-requests/2.6.0 CPython/2.7.5 Linux/3.10.0-957.1.3.el7.x86_64','YTozOntzOjY6Il90b2tlbiI7czo0MDoiQlgzaHlHVW1MT1ZJekloUVFSNzZmQ0pocFhuMkJPUVlPNDhoWndEaiI7czo5OiJfcHJldmlvdXMiO2E6MTp7czozOiJ1cmwiO3M6MzI6Imh0dHBzOi8vNTIuOTAuMjQwLjIzOS9yZWNvcmRpbmdzIjt9czo2OiJfZmxhc2giO2E6Mjp7czozOiJvbGQiO2E6MDp7fXM6MzoibmV3IjthOjA6e319fQ==',1551869276),('2YC4DKs3xMYiqyEhKiaQtijmQw5R5Z5ww2iSU4vs',NULL,'35.243.132.22','MailChimp','YToyOntzOjY6Il90b2tlbiI7czo0MDoicTRjSFRiTFJyYXVkcVVNTjFta24wcTNnaHNMUnNFQ2V6NHY0WnJqYyI7czo2OiJfZmxhc2giO2E6Mjp7czozOiJvbGQiO2E6MDp7fXM6MzoibmV3IjthOjA6e319fQ==',1552287850),('39y8VpUfwg6inF4DwSflvTasFI2SiS4ACruuG0Kv',NULL,'184.154.189.90','Mozilla/5.0 (Windows NT 10.0; WOW64) AppleWebKit/537.36 (KHTML, like Gecko) Chrome/66.0.3359.117 Safari/537.36','YTozOntzOjY6Il90b2tlbiI7czo0MDoicm9IemJMendUdGRwS2N6aThDcUtBbEVuRllFZ2twRWFCWUF6NFJxayI7czo5OiJfcHJldmlvdXMiO2E6MTp7czozOiJ1cmwiO3M6MjE6Imh0dHBzOi8vNTIuOTAuMjQwLjIzOSI7fXM6NjoiX2ZsYXNoIjthOjI6e3M6Mzoib2xkIjthOjA6e31zOjM6Im5ldyI7YTowOnt9fX0=',1552151034),('3h2ActSbQu0qVhcGCayqdwNQjvwxCHDYUzbrGHP7',NULL,'198.108.66.192','Mozilla/5.0 zgrab/0.x','YTozOntzOjY6Il90b2tlbiI7czo0MDoiOWI0bkpQV1NhR2RFS2d2U3VoazJzM3J2R2dYWms2Y1JSTklWZEpXZiI7czo5OiJfcHJldmlvdXMiO2E6MTp7czozOiJ1cmwiO3M6MjE6Imh0dHBzOi8vNTQuMTY0LjE1Ni40MiI7fXM6NjoiX2ZsYXNoIjthOjI6e3M6Mzoib2xkIjthOjA6e31zOjM6Im5ldyI7YTowOnt9fX0=',1552402575),('3nZIiPPkoVb3qjzIwnSxJhruIwDsL9RvBqbraMPH',NULL,'51.38.12.13','Mozilla/5.0 (Windows NT 6.1) AppleWebKit/537.36 (KHTML, like Gecko) Chrome/41.0.2228.0 Safari/537.36','YTozOntzOjY6Il90b2tlbiI7czo0MDoib2UyM3NHWGduOFJjNkpuMzNmc3hjNEswNTFJQUhheDBuSlluNVdnRCI7czo5OiJfcHJldmlvdXMiO2E6MTp7czozOiJ1cmwiO3M6MjE6Imh0dHBzOi8vNTIuOTAuMjQwLjIzOSI7fXM6NjoiX2ZsYXNoIjthOjI6e3M6Mzoib2xkIjthOjA6e31zOjM6Im5ldyI7YTowOnt9fX0=',1551507141),('46CN1ogx7ASnhkgle8KV7kyjdwXNQQXTvnQ0XQ6T',NULL,'178.128.236.64','Mozilla/5.0 zgrab/0.x','YTozOntzOjY6Il90b2tlbiI7czo0MDoiRWZqbjBLaHhCbmNHS2t5cDBpY3BBYldVOFk5ZEoyTkhCZFdpSk9ZVCI7czo5OiJfcHJldmlvdXMiO2E6MTp7czozOiJ1cmwiO3M6MjE6Imh0dHBzOi8vNTIuOTAuMjQwLjIzOSI7fXM6NjoiX2ZsYXNoIjthOjI6e3M6Mzoib2xkIjthOjA6e31zOjM6Im5ldyI7YTowOnt9fX0=',1551496071),('4cCbCM6zxE1NnTTHPlJ8s9l9HThPaR42Sukg4MHJ',NULL,'71.6.135.131','','YTozOntzOjY6Il90b2tlbiI7czo0MDoibU9hYTN3dTZNZ3Rra1NTVnhBQTlxdnpNNFF4MTBYbExnV1B6MnlvUCI7czo5OiJfcHJldmlvdXMiO2E6MTp7czozOiJ1cmwiO3M6MzM6Imh0dHBzOi8vNTIuOTAuMjQwLjIzOS9zaXRlbWFwLnhtbCI7fXM6NjoiX2ZsYXNoIjthOjI6e3M6Mzoib2xkIjthOjA6e31zOjM6Im5ldyI7YTowOnt9fX0=',1551341678),('4FJtaP06GIHyxz7UmvxX7xfPXCP8Ca7ais4vVhC4',NULL,'82.196.15.154','Mozilla/5.0 zgrab/0.x','YTozOntzOjY6Il90b2tlbiI7czo0MDoidGZtamJwTlZPckQ1NXE3cDF1aFloME52dmNaY25aRjR0dk5zRTdXYyI7czo5OiJfcHJldmlvdXMiO2E6MTp7czozOiJ1cmwiO3M6MjE6Imh0dHBzOi8vNTIuOTAuMjQwLjIzOSI7fXM6NjoiX2ZsYXNoIjthOjI6e3M6Mzoib2xkIjthOjA6e31zOjM6Im5ldyI7YTowOnt9fX0=',1552326528),('4O9Xif2qUgUczh3SxVLxG5QGfxtPevj89zhKLdWr',NULL,'185.159.157.19','Mozilla/5.0 (Linux; Android 6.0.1; Nexus 6P Build/MMB29P) AppleWebKit/537.36 (KHTML, like Gecko) Chrome/47.0.2526.83 Mobile Safari/537.36','YTozOntzOjY6Il90b2tlbiI7czo0MDoiZmZFcWtaNXNKeTJRUnZaM2tPRGNpMmREWDg0N2VSYjE5cWtieXhMciI7czo5OiJfcHJldmlvdXMiO2E6MTp7czozOiJ1cmwiO3M6MTA4OiJodHRwczovLzUyLjkwLjI0MC4yMzkvY29yZS9hMjM2Mjk5ZjkzZGMxZjQ2OTI0Yzg2YjNlODUzNmVhMy5waHA/X2NtZD1lY2hvJTIwYTIzNjI5OWY5M2RjMWY0NjkyNGM4NmIzZTg1MzZlYTMiO31zOjY6Il9mbGFzaCI7YToyOntzOjM6Im9sZCI7YTowOnt9czozOiJuZXciO2E6MDp7fX19',1551779278),('4Qn1ouz40rr6Fzin559LNFeWJ63aig12mPb2EjnD',NULL,'138.197.12.251','Mozilla/5.0 (compatible; NetcraftSurveyAgent/1.0; +info@netcraft.com)','YTozOntzOjY6Il90b2tlbiI7czo0MDoiVWcyRGVIWVlTWUx4b1VvbWRRaWZHWDdCVG9kYU95STBiSkN4aUJkUCI7czo5OiJfcHJldmlvdXMiO2E6MTp7czozOiJ1cmwiO3M6Mjg6Imh0dHBzOi8vc3RhZ2luZy41MmZyYW1lcy5jb20iO31zOjY6Il9mbGFzaCI7YToyOntzOjM6Im9sZCI7YTowOnt9czozOiJuZXciO2E6MDp7fX19',1551663559),('5H0AoJqzrxfD0pRTOaPDWDh42ZlDdWjCoXgW828Q',NULL,'34.73.117.195','MailChimp','YToyOntzOjY6Il90b2tlbiI7czo0MDoiMW04aGpqbmR5Q1VkRWU1UFZDdU1KRXZYbmFyQlZ4UGs2NDd2YUNYSCI7czo2OiJfZmxhc2giO2E6Mjp7czozOiJvbGQiO2E6MDp7fXM6MzoibmV3IjthOjA6e319fQ==',1551939383),('5nz7xb4LnbEPPD9gcIutpyG8HhgQ2XOFQj5fRAmD',NULL,'216.218.206.68','','YTozOntzOjY6Il90b2tlbiI7czo0MDoiVnFzZ2FRVldRV1VOMmxZVExUNTR6Vnk1TDZwREN0cnpsZDdUZXFySiI7czo5OiJfcHJldmlvdXMiO2E6MTp7czozOiJ1cmwiO3M6MjE6Imh0dHBzOi8vNTIuOTAuMjQwLjIzOSI7fXM6NjoiX2ZsYXNoIjthOjI6e3M6Mzoib2xkIjthOjA6e31zOjM6Im5ldyI7YTowOnt9fX0=',1551974982),('6dEO0f2RxPaIWzFnmNQuNT6jCByCfzQvbuc3MHNH',NULL,'52.90.21.151','node-fetch/1.0 (+https://github.com/bitinn/node-fetch)','YToyOntzOjY6Il90b2tlbiI7czo0MDoiTXhjWFVtWkwzSkJPclBiZFloV3ZUVkRwWFY2S3luWVF1dlNiblZvTCI7czo2OiJfZmxhc2giO2E6Mjp7czozOiJvbGQiO2E6MDp7fXM6MzoibmV3IjthOjA6e319fQ==',1551636411),('7Cg11m9lqttRgD41HyaHb8lJwn5SPmha6jxZmEbH',NULL,'46.101.106.69','Mozilla/5.0 zgrab/0.x','YTozOntzOjY6Il90b2tlbiI7czo0MDoicDNhV3ZEbnM4MTBxMTJOWkJmNE5VRzc1dlZURFo4bnZzTjJsYnd3NSI7czo5OiJfcHJldmlvdXMiO2E6MTp7czozOiJ1cmwiO3M6MjE6Imh0dHBzOi8vNTIuOTAuMjQwLjIzOSI7fXM6NjoiX2ZsYXNoIjthOjI6e3M6Mzoib2xkIjthOjA6e31zOjM6Im5ldyI7YTowOnt9fX0=',1551778587),('7DEiwuzphoXDJUthjekBhaqKdrewdZx9Jlb8MrEG',NULL,'100.43.91.126','Mozilla/5.0 (compatible; YandexBot/3.0; +http://yandex.com/bots)','YTozOntzOjY6Il90b2tlbiI7czo0MDoicFdEZk1SeXdsRWtTd3RQNmp6cXdRblk1SDA0bG93ZmFwUmRHM1Z0bCI7czo5OiJfcHJldmlvdXMiO2E6MTp7czozOiJ1cmwiO3M6Mjg6Imh0dHBzOi8vc3RhZ2luZy41MmZyYW1lcy5jb20iO31zOjY6Il9mbGFzaCI7YToyOntzOjM6Im9sZCI7YTowOnt9czozOiJuZXciO2E6MDp7fX19',1551316041),('7G1ubfoJgj46dxy9LxWPS7i2cjMd7UaYVHNECgU6',NULL,'113.200.95.86','Mozilla/4.0 (compatible; MSIE 9.0; Windows NT 6.1)','YTozOntzOjY6Il90b2tlbiI7czo0MDoicTRYTkFkNThKOVJja0I5T0lFNjJuU2RkSUlVNVVteUZuS0g3V3Z0UCI7czo5OiJfcHJldmlvdXMiO2E6MTp7czozOiJ1cmwiO3M6MzA6Imh0dHBzOi8vNTQuMTY0LjE1Ni40Mi9pbmRleC5kbyI7fXM6NjoiX2ZsYXNoIjthOjI6e3M6Mzoib2xkIjthOjA6e31zOjM6Im5ldyI7YTowOnt9fX0=',1552416753),('7nE3W4QrfZiyTTynBSgbN0xzDF95sYzTvCzlnQLr',NULL,'184.105.139.69','','YTozOntzOjY6Il90b2tlbiI7czo0MDoicENZRFhteFhTRkhzRmVqbkRXZXlBeFVyVjM3V0F3clhIM3g0OVZpWSI7czo5OiJfcHJldmlvdXMiO2E6MTp7czozOiJ1cmwiO3M6MjE6Imh0dHBzOi8vNTIuOTAuMjQwLjIzOSI7fXM6NjoiX2ZsYXNoIjthOjI6e3M6Mzoib2xkIjthOjA6e31zOjM6Im5ldyI7YTowOnt9fX0=',1552069524),('7q8PFL3SNw3436fFAqd37Bca3c8ZTO6VE65H3ZvO',NULL,'35.227.119.73','MailChimp','YToyOntzOjY6Il90b2tlbiI7czo0MDoiZDUwYVhaVE9zSzFveEZWQ0tINFZnNGZFRGhPWHI1bmdLa0R2MlhKQyI7czo2OiJfZmxhc2giO2E6Mjp7czozOiJvbGQiO2E6MDp7fXM6MzoibmV3IjthOjA6e319fQ==',1551902687),('7zRba0gpuLh7dmLFEml2qsnovyCo1o87YhQWiGLf',NULL,'185.159.157.19','Mozilla/5.0 (Linux; Android 6.0.1; Nexus 6P Build/MMB29P) AppleWebKit/537.36 (KHTML, like Gecko) Chrome/47.0.2526.83 Mobile Safari/537.36','YTozOntzOjY6Il90b2tlbiI7czo0MDoiWFcxMkxSUmQwZlJ4NEZsaURjNjM1d0xoRkliQWlqdHgwY1pDTkQ3eiI7czo5OiJfcHJldmlvdXMiO2E6MTp7czozOiJ1cmwiO3M6MzU6Imh0dHBzOi8vNTIuOTAuMjQwLjIzOS9DSEFOR0VMT0cudHh0Ijt9czo2OiJfZmxhc2giO2E6Mjp7czozOiJvbGQiO2E6MDp7fXM6MzoibmV3IjthOjA6e319fQ==',1551779280),('8LvCzm1Dqb0ncmC7lBAprr8M7bHE3GtQs2jyTGJq',NULL,'68.183.49.102','Mozilla/5.0 (compatible; NetcraftSurveyAgent/1.0; +info@netcraft.com)','YTozOntzOjY6Il90b2tlbiI7czo0MDoiWVdxWnBSQnNrclBCb3FkZUFkSExDMTZqcVFWMm5QZUNIMjNrVVpsbyI7czo5OiJfcHJldmlvdXMiO2E6MTp7czozOiJ1cmwiO3M6Mjg6Imh0dHBzOi8vc3RhZ2luZy41MmZyYW1lcy5jb20iO31zOjY6Il9mbGFzaCI7YToyOntzOjM6Im9sZCI7YTowOnt9czozOiJuZXciO2E6MDp7fX19',1551477332),('8tSQMyv2GCT38cd78wx9xx1ebzpI6LX9sFuwzwk4',NULL,'184.105.139.67','','YTozOntzOjY6Il90b2tlbiI7czo0MDoiVXRTMGp6NDc2amJ3VnJvakRWS1ZtZ1duMFBSUk5LNzFCa09VRnBCTyI7czo5OiJfcHJldmlvdXMiO2E6MTp7czozOiJ1cmwiO3M6MjE6Imh0dHBzOi8vNTIuOTAuMjQwLjIzOSI7fXM6NjoiX2ZsYXNoIjthOjI6e3M6Mzoib2xkIjthOjA6e31zOjM6Im5ldyI7YTowOnt9fX0=',1551893480),('9JEa1xUWnxhaY5umqTgHT48NiFmHjEQnZl9lyypg',NULL,'60.191.38.77','Mozilla/5.0 (Macintosh; Intel Mac OS X 10.11; rv:47.0) Gecko/20100101 Firefox/47.0','YTozOntzOjY6Il90b2tlbiI7czo0MDoic0hnQ1NTempqOEZvUW1ReTltQ3ZMZlh5MW9YR01pODRMSVVwQmI5YSI7czo5OiJfcHJldmlvdXMiO2E6MTp7czozOiJ1cmwiO3M6MjE6Imh0dHBzOi8vNTIuOTAuMjQwLjIzOSI7fXM6NjoiX2ZsYXNoIjthOjI6e3M6Mzoib2xkIjthOjA6e31zOjM6Im5ldyI7YTowOnt9fX0=',1551595670),('9mkIH6Jon1nYRlZtLq4HePPJpZSJiF0E7rAG7g8Y',NULL,'35.243.132.22','MailChimp','YToyOntzOjY6Il90b2tlbiI7czo0MDoic0pOODBZR3dMWVFVUDZXN0F0YmtnQ284M1hYT0FxWW84MHJORmVPUyI7czo2OiJfZmxhc2giO2E6Mjp7czozOiJvbGQiO2E6MDp7fXM6MzoibmV3IjthOjA6e319fQ==',1552430239),('A5UKHcMyZflWxbUnoWQxrE9rtMnQ56LmCgAuFrJg',NULL,'223.71.224.114','Mozilla/4.0 (compatible; MSIE 9.0; Windows NT 6.1)','YTozOntzOjY6Il90b2tlbiI7czo0MDoidmlmYUhFZnFJajFlVzJDWkRIa25NTTQ0NWdRelFrWWd4Qjdrb3BYYyI7czo5OiJfcHJldmlvdXMiO2E6MTp7czozOiJ1cmwiO3M6MTE3OiJodHRwczovLzUyLjkwLjI0MC4yMzkvRnhDb2RlU2hlbGwuanNwP2FkZHJlc3M9aHR0cCUzQSUyRiUyRmZpZC5ob2dub29iLnNlJTJGZG93bmxvYWQuZXhlJm9zPTEmdmlldz1GeHhrTXlMaWUxODM2NzEwQWEiO31zOjY6Il9mbGFzaCI7YToyOntzOjM6Im9sZCI7YTowOnt9czozOiJuZXciO2E6MDp7fX19',1552381101),('AklbMPMFl8aEaWP9OfXOUR7ZYxkkaZfsFEYDEXcH',NULL,'34.73.117.195','MailChimp','YToyOntzOjY6Il90b2tlbiI7czo0MDoiMFdCbmN3QlkyMUpDRXZZZzJGVHMwWkFsbTJpYTVMTGpjVWtPbllzTSI7czo2OiJfZmxhc2giO2E6Mjp7czozOiJvbGQiO2E6MDp7fXM6MzoibmV3IjthOjA6e319fQ==',1551456994),('ARwdgrTuKeyByTGkhG6zfH7PtWHtXo3TcVoBfqyW',NULL,'60.191.38.77','Mozilla/5.0 (Macintosh; Intel Mac OS X 10.11; rv:47.0) Gecko/20100101 Firefox/47.0','YTozOntzOjY6Il90b2tlbiI7czo0MDoiNnY5YXJIdFJwMlZZM293Q1Z0WWNGdDJlT1JHcHliazhPVzFCdUZkRCI7czo5OiJfcHJldmlvdXMiO2E6MTp7czozOiJ1cmwiO3M6NDk6Imh0dHBzOi8vZWMyLTUyLTkwLTI0MC0yMzkuY29tcHV0ZS0xLmFtYXpvbmF3cy5jb20iO31zOjY6Il9mbGFzaCI7YToyOntzOjM6Im9sZCI7YTowOnt9czozOiJuZXciO2E6MDp7fX19',1551842710),('bbSCggYP7qIFQaAkJ699Io8Hl35jTdr6t0NbgZHf',NULL,'137.74.30.68','Mozilla/5.0 (Windows NT 6.1) AppleWebKit/537.36 (KHTML, like Gecko) Chrome/41.0.2228.0 Safari/537.36','YTozOntzOjY6Il90b2tlbiI7czo0MDoiaDlEeUVicWROQUlJSkY4WXdZSVhHNXZYTTNXMUIwQktJdnh3c0hMQiI7czo5OiJfcHJldmlvdXMiO2E6MTp7czozOiJ1cmwiO3M6MjE6Imh0dHBzOi8vNTIuOTAuMjQwLjIzOSI7fXM6NjoiX2ZsYXNoIjthOjI6e3M6Mzoib2xkIjthOjA6e31zOjM6Im5ldyI7YTowOnt9fX0=',1552346276),('blM81G6W6LSiZmUlrk0O7xONlQSgTXoXeuRmf1Wm',NULL,'35.227.119.73','MailChimp','YToyOntzOjY6Il90b2tlbiI7czo0MDoickJ6VUJHZ0l0UHJnbXhTZk00ejlIMW1MckVaaXdlY3R4b3pZbURoYSI7czo2OiJfZmxhc2giO2E6Mjp7czozOiJvbGQiO2E6MDp7fXM6MzoibmV3IjthOjA6e319fQ==',1551830647),('bMWOiLmGaFtCl8Eyl7s17Z34ZdxpRL7Zr633Mys2',NULL,'100.43.91.126','Mozilla/5.0 (compatible; YandexBot/3.0; +http://yandex.com/bots)','YTozOntzOjY6Il90b2tlbiI7czo0MDoiREFCOVcyeHdQa2ZJVzRQZ3JKeHhIckFJdnNBYW9Bem1MUFMyZ2FxVSI7czo5OiJfcHJldmlvdXMiO2E6MTp7czozOiJ1cmwiO3M6Mjg6Imh0dHBzOi8vc3RhZ2luZy41MmZyYW1lcy5jb20iO31zOjY6Il9mbGFzaCI7YToyOntzOjM6Im9sZCI7YTowOnt9czozOiJuZXciO2E6MDp7fX19',1551702124),('bncL8UaMkUEByYLVPdJEcMQAuVe4ozHgpVrwgwii',NULL,'60.191.38.77','Mozilla/5.0 (Macintosh; Intel Mac OS X 10.11; rv:47.0) Gecko/20100101 Firefox/47.0','YTozOntzOjY6Il90b2tlbiI7czo0MDoiWGNnd1pUOWRlUXRFSDlPdXNxb3NwcGVtSFA3RjhNd1pKeUNDaG00SCI7czo5OiJfcHJldmlvdXMiO2E6MTp7czozOiJ1cmwiO3M6NDk6Imh0dHBzOi8vZWMyLTUyLTkwLTI0MC0yMzkuY29tcHV0ZS0xLmFtYXpvbmF3cy5jb20iO31zOjY6Il9mbGFzaCI7YToyOntzOjM6Im9sZCI7YTowOnt9czozOiJuZXciO2E6MDp7fX19',1551840937),('bZMu6rf3Zs4ttdvFF5QKANLjyqkgHmlth6PvLhiv',NULL,'5.189.154.62','Mozilla/5.0 zgrab/0.x','YTozOntzOjY6Il90b2tlbiI7czo0MDoiNDBaTjJFamhzdW80VnQ3dTF4cWFuSWFvWFQ5YklmNlNPS2JkWk5ibyI7czo5OiJfcHJldmlvdXMiO2E6MTp7czozOiJ1cmwiO3M6MjE6Imh0dHBzOi8vNTIuOTAuMjQwLjIzOSI7fXM6NjoiX2ZsYXNoIjthOjI6e3M6Mzoib2xkIjthOjA6e31zOjM6Im5ldyI7YTowOnt9fX0=',1551321217),('bZSQN4KVWA7mFxshRlewezV7gA1Y7lrmC1vUgG93',NULL,'52.90.21.151','node-fetch/1.0 (+https://github.com/bitinn/node-fetch)','YToyOntzOjY6Il90b2tlbiI7czo0MDoib0tUOUhGSTFLc2x0MFBvYXYxYm5wUjhUSlFiaTYwTTR0a3lyZnFhUSI7czo2OiJfZmxhc2giO2E6Mjp7czozOiJvbGQiO2E6MDp7fXM6MzoibmV3IjthOjA6e319fQ==',1551636315),('C1FvXyVpDZXl1VQxYfKAhy0hOkSTPKijotWMKngY',NULL,'35.243.132.22','MailChimp','YToyOntzOjY6Il90b2tlbiI7czo0MDoiTUxJWHhZNWRlRGNEN2FpeG81QzZJVDdQQjBlMzk3T3kwUm5tYVBXRiI7czo2OiJfZmxhc2giO2E6Mjp7czozOiJvbGQiO2E6MDp7fXM6MzoibmV3IjthOjA6e319fQ==',1552289455),('c4oB77FCVCWVEXGNf16OXe37PGN6w3OdOmcEIosR',NULL,'107.170.194.123','Mozilla/5.0 zgrab/0.x','YTozOntzOjY6Il90b2tlbiI7czo0MDoicHRjV012V3ZyWFFXQWYwQjVaMWtDejgzTmJlWk9jMUMyblNucmtHbCI7czo5OiJfcHJldmlvdXMiO2E6MTp7czozOiJ1cmwiO3M6MjE6Imh0dHBzOi8vNTIuOTAuMjQwLjIzOSI7fXM6NjoiX2ZsYXNoIjthOjI6e3M6Mzoib2xkIjthOjA6e31zOjM6Im5ldyI7YTowOnt9fX0=',1551717756),('cd1o7mOWPG4qRkWT2GLrhGHk521Ezdh7HnaCX2rR',NULL,'34.73.117.195','MailChimp','YToyOntzOjY6Il90b2tlbiI7czo0MDoic0Jmck42dmh2SkdWa3o4dFJlTUJna28zUVNzNE9qNnBicmNaMVFpVSI7czo2OiJfZmxhc2giO2E6Mjp7czozOiJvbGQiO2E6MDp7fXM6MzoibmV3IjthOjA6e319fQ==',1552292404),('cGZAPNPXbBedgzQhdX88ftqPMBAo8o2Jmoq4eg3F',NULL,'46.17.47.164','python-requests/2.20.1','YTozOntzOjY6Il90b2tlbiI7czo0MDoiMHdKT0lYYXZjOHNYZThhbWo5aFVLZzRKZjdheFoyVzU2bmt2UzhidSI7czo5OiJfcHJldmlvdXMiO2E6MTp7czozOiJ1cmwiO3M6NDk6Imh0dHBzOi8vNTIuOTAuMjQwLjIzOS92dGlnZXJjcm0vdnRpZ2Vyc2VydmljZS5waHAiO31zOjY6Il9mbGFzaCI7YToyOntzOjM6Im9sZCI7YTowOnt9czozOiJuZXciO2E6MDp7fX19',1552269681),('CJm6BuIJTge2iRYGrAqg74CDRwntFKyDakvbmoxO',NULL,'213.32.79.112','python-requests/2.20.0','YTozOntzOjY6Il90b2tlbiI7czo0MDoiUFFPMWJsaEFsSEpkTFNUbWpNWm5qVklLTXp5czlDYnl0M3Q5M09wTSI7czo5OiJfcHJldmlvdXMiO2E6MTp7czozOiJ1cmwiO3M6Mzk6Imh0dHBzOi8vNTIuOTAuMjQwLjIzOS9hcGkvdjEvY29uZmlnbWFwcyI7fXM6NjoiX2ZsYXNoIjthOjI6e3M6Mzoib2xkIjthOjA6e31zOjM6Im5ldyI7YTowOnt9fX0=',1551389198),('CJo4eKfuApixROcv5NLoo55RsZ9PIkY5pVYxVw8D',NULL,'133.18.199.116','Mozilla/5.0 (Windows NT 5.1; rv:9.0.1) Gecko/20100101 Firefox/9.0.1','YTozOntzOjY6Il90b2tlbiI7czo0MDoiNU1QNjZvYno1WXY3MWpBZTEwaDRvd2t3U1lxWGJsQWVHdFcxc0wxUyI7czo5OiJfcHJldmlvdXMiO2E6MTp7czozOiJ1cmwiO3M6MjE6Imh0dHBzOi8vNTIuOTAuMjQwLjIzOSI7fXM6NjoiX2ZsYXNoIjthOjI6e3M6Mzoib2xkIjthOjA6e31zOjM6Im5ldyI7YTowOnt9fX0=',1552211959),('cmuCMHLDJ5veBKceqCmF3iQzzZemcaD1qrGWdL7D',NULL,'51.38.12.13','Mozilla/5.0 (Windows NT 6.1) AppleWebKit/537.36 (KHTML, like Gecko) Chrome/41.0.2228.0 Safari/537.36','YTozOntzOjY6Il90b2tlbiI7czo0MDoiNFVvSEVvY0hnd1dvVm1jQUthZ1daZGR6bUZhTlo0M2FzYTlCYnl0ZCI7czo5OiJfcHJldmlvdXMiO2E6MTp7czozOiJ1cmwiO3M6MjE6Imh0dHBzOi8vNTIuOTAuMjQwLjIzOSI7fXM6NjoiX2ZsYXNoIjthOjI6e3M6Mzoib2xkIjthOjA6e31zOjM6Im5ldyI7YTowOnt9fX0=',1552387685),('CNeS9yHhYDC9pO71zjNINNNPdzowlP5ofK9qec7y',NULL,'46.17.47.164','python-requests/2.20.1','YTozOntzOjY6Il90b2tlbiI7czo0MDoiSkZPOHJqWFFOY0VPSUNIYVRtS3dXZkZhSENNaXZMN1RGWDJCMHRURiI7czo5OiJfcHJldmlvdXMiO2E6MTp7czozOiJ1cmwiO3M6NDk6Imh0dHBzOi8vNTIuOTAuMjQwLjIzOS92dGlnZXJjcm0vdnRpZ2Vyc2VydmljZS5waHAiO31zOjY6Il9mbGFzaCI7YToyOntzOjM6Im9sZCI7YTowOnt9czozOiJuZXciO2E6MDp7fX19',1552269591),('CnvL1yETL6ijGhkAUCl9agvv0QXYTR0eOqmlN3uO',NULL,'107.6.150.242','Mozilla/5.0 (Windows NT 10.0; Win64; x64) AppleWebKit/537.36 (KHTML, like Gecko) Chrome/60.0.3112.113 Safari/537.36','YTozOntzOjY6Il90b2tlbiI7czo0MDoiN21aZzAxdDUzVjNPUlZCV1hZNWRKNzRCZ3lyUWdPcUpJR0tTV0I0NSI7czo5OiJfcHJldmlvdXMiO2E6MTp7czozOiJ1cmwiO3M6NDA6Imh0dHBzOi8vNTIuOTAuMjQwLjIzOS9jZ2ktYmluL2NvbmZpZy5leHAiO31zOjY6Il9mbGFzaCI7YToyOntzOjM6Im9sZCI7YTowOnt9czozOiJuZXciO2E6MDp7fX19',1551913750),('cwBRE51qGdJzFlTe3PnZxxV97HHmDG16UwKfgwDf',NULL,'176.32.33.80','python-requests/2.6.0 CPython/2.7.5 Linux/3.10.0-957.1.3.el7.x86_64','YTozOntzOjY6Il90b2tlbiI7czo0MDoiMktESFJ6S0l0THJIalI1OGJGM1d2Y2hMbmFXeUVlcndWWVQxcjVURyI7czo5OiJfcHJldmlvdXMiO2E6MTp7czozOiJ1cmwiO3M6NzA6Imh0dHBzOi8vNTIuOTAuMjQwLjIzOS8vYTJiaWxsaW5nL2N1c3RvbWVyL3RlbXBsYXRlcy9kZWZhdWx0L2Zvb3Rlci50cGwiO31zOjY6Il9mbGFzaCI7YToyOntzOjM6Im9sZCI7YTowOnt9czozOiJuZXciO2E6MDp7fX19',1551763107),('D03LZ2K7OLzceEBFxMEEySmZybJDFsEhmvGp11tD',NULL,'176.32.33.80','python-requests/2.6.0 CPython/2.7.5 Linux/3.10.0-957.1.3.el7.x86_64','YTozOntzOjY6Il90b2tlbiI7czo0MDoieGVsUGljdEVzM2pPUzZlelJEallQbWExc1d0cGE2SjhiekRaVzdiTyI7czo5OiJfcHJldmlvdXMiO2E6MTp7czozOiJ1cmwiO3M6NDk6Imh0dHBzOi8vNTIuOTAuMjQwLjIzOS92dGlnZXJjcm0vdnRpZ2Vyc2VydmljZS5waHAiO31zOjY6Il9mbGFzaCI7YToyOntzOjM6Im9sZCI7YTowOnt9czozOiJuZXciO2E6MDp7fX19',1551872554),('D5ToL7RLKKzKXeqr3AolAABWdOTFZrc3Qqw0fTbb',NULL,'60.191.38.77','Mozilla/5.0 (Macintosh; Intel Mac OS X 10.11; rv:47.0) Gecko/20100101 Firefox/47.0','YTozOntzOjY6Il90b2tlbiI7czo0MDoiRUV3bHM0VjcySDRzMkQzQWx2eEZtQVF5WUxIdVozTGlmTFJSUjVPeCI7czo5OiJfcHJldmlvdXMiO2E6MTp7czozOiJ1cmwiO3M6Mjg6Imh0dHBzOi8vc3RhZ2luZy41MmZyYW1lcy5jb20iO31zOjY6Il9mbGFzaCI7YToyOntzOjM6Im9sZCI7YTowOnt9czozOiJuZXciO2E6MDp7fX19',1551354306),('DD14TaQVFGc7KZTcPnA75emrMgtryieeMW4zncGi',NULL,'35.227.119.73','MailChimp','YToyOntzOjY6Il90b2tlbiI7czo0MDoiQ0l0SkVlMWh3c0Q4Y2I3UVdSZG4yQXRLMkh4M1JkOHIyeXBTWE5KdiI7czo2OiJfZmxhc2giO2E6Mjp7czozOiJvbGQiO2E6MDp7fXM6MzoibmV3IjthOjA6e319fQ==',1552279786),('DmqyWUdVlv014aTcfTSTsLiNvMOmAsmrsT8ZLbH3',NULL,'209.97.149.188','Mozilla/5.0 (Macintosh; Intel Mac OS X 10_10_1) AppleWebKit/537.36 (KHTML, like Gecko) Chrome/41.0.2272.104 Safari/537.36','YTozOntzOjY6Il90b2tlbiI7czo0MDoiOXFQeEE0MGs1elA3V0p0T0xvVW1vZnVYT3pkejk1UWk0ZUJBNXEwbSI7czo5OiJfcHJldmlvdXMiO2E6MTp7czozOiJ1cmwiO3M6MjE6Imh0dHBzOi8vNTIuOTAuMjQwLjIzOSI7fXM6NjoiX2ZsYXNoIjthOjI6e3M6Mzoib2xkIjthOjA6e31zOjM6Im5ldyI7YTowOnt9fX0=',1552214694),('DMtnLS5eY7KPyQqrJzzTb0DCzc3JU38y2Bvf2vbe',NULL,'185.159.157.19','Mozilla/5.0 (Linux; Android 6.0.1; Nexus 6P Build/MMB29P) AppleWebKit/537.36 (KHTML, like Gecko) Chrome/47.0.2526.83 Mobile Safari/537.36','YTozOntzOjY6Il90b2tlbiI7czo0MDoib1N6SHlGTEMzMkk4eXFxRnc3RTQ4cHptNEN1a2VWeFhIeUc0cXVIZiI7czo5OiJfcHJldmlvdXMiO2E6MTp7czozOiJ1cmwiO3M6MTAzOiJodHRwczovLzUyLjkwLjI0MC4yMzkvYTIzNjI5OWY5M2RjMWY0NjkyNGM4NmIzZTg1MzZlYTMucGhwP19jbWQ9ZWNobyUyMGEyMzYyOTlmOTNkYzFmNDY5MjRjODZiM2U4NTM2ZWEzIjt9czo2OiJfZmxhc2giO2E6Mjp7czozOiJvbGQiO2E6MDp7fXM6MzoibmV3IjthOjA6e319fQ==',1551779277),('DtHtxvs73KN7e6TmXNPr6ZT2G2eyDUc2IxTKiqPG',NULL,'132.145.168.22','Mozilla/5.0 zgrab/0.x','YTozOntzOjY6Il90b2tlbiI7czo0MDoiZEdRNElxdGt2QTdBczlqUTFVSE5NaTRnd1luZUhPN0psazlUWXRZTSI7czo5OiJfcHJldmlvdXMiO2E6MTp7czozOiJ1cmwiO3M6MjE6Imh0dHBzOi8vNTIuOTAuMjQwLjIzOSI7fXM6NjoiX2ZsYXNoIjthOjI6e3M6Mzoib2xkIjthOjA6e31zOjM6Im5ldyI7YTowOnt9fX0=',1551683037),('EdDGvxIQmC7ae6fyb6qa2Kqlm9jcQuebyGRwr7zL',NULL,'120.52.152.4','Mozilla/5.0 (Windows NT 6.1) AppleWebKit/537.36 (KHTML, like Gecko) Chrome/49.0.2623.112 Safari/537.36','YTozOntzOjY6Il90b2tlbiI7czo0MDoiVjZlVTY4OEd6QXl0cUk0VFBXYW9IVFEyc3hlSnN2Q21CNUxlT0NrNyI7czo5OiJfcHJldmlvdXMiO2E6MTp7czozOiJ1cmwiO3M6MjE6Imh0dHBzOi8vNTIuOTAuMjQwLjIzOSI7fXM6NjoiX2ZsYXNoIjthOjI6e3M6Mzoib2xkIjthOjA6e31zOjM6Im5ldyI7YTowOnt9fX0=',1551433099),('ekku72CoXuAc3lMtOQaAHByY9uzERKAd217VOI4C',NULL,'104.248.15.184','Mozilla/5.0 (Macintosh; Intel Mac OS X 10_13_6) AppleWebKit/537.36 (KHTML, like Gecko) Chrome/68.0.3440.106 Safari/537.36','YTozOntzOjY6Il90b2tlbiI7czo0MDoiNklKU1RZZ00ydFRaSThWUUdHbUhRUmJEdEJPM2NzQjJqMXRzRzNSUCI7czo5OiJfcHJldmlvdXMiO2E6MTp7czozOiJ1cmwiO3M6MjE6Imh0dHBzOi8vNTIuOTAuMjQwLjIzOSI7fXM6NjoiX2ZsYXNoIjthOjI6e3M6Mzoib2xkIjthOjA6e31zOjM6Im5ldyI7YTowOnt9fX0=',1552214701),('eSWMuJCUIO86ZT3wkyUp0kchbZRIbtenp6z9nSYN',NULL,'60.191.38.77','Mozilla/5.0 (Macintosh; Intel Mac OS X 10.11; rv:47.0) Gecko/20100101 Firefox/47.0','YTozOntzOjY6Il90b2tlbiI7czo0MDoiWU9lSEVHdXZyYk9GZUtaQkl2dEdMUW9zYVprTU9VcGlYQXJUUG0wVCI7czo5OiJfcHJldmlvdXMiO2E6MTp7czozOiJ1cmwiO3M6MjE6Imh0dHBzOi8vNTIuOTAuMjQwLjIzOSI7fXM6NjoiX2ZsYXNoIjthOjI6e3M6Mzoib2xkIjthOjA6e31zOjM6Im5ldyI7YTowOnt9fX0=',1551597199),('eww2EEfVZoTh9gZrLMXwgXDLL9h5kQEWsyF8wxxM',NULL,'106.75.64.59','','YTozOntzOjY6Il90b2tlbiI7czo0MDoiSE9BM0RlMlRvY1BKS1ZNaE5EaUlpZEk4bk5EZW5BQzAyVDhPMlZyeSI7czo5OiJfcHJldmlvdXMiO2E6MTp7czozOiJ1cmwiO3M6MjE6Imh0dHBzOi8vNTIuOTAuMjQwLjIzOSI7fXM6NjoiX2ZsYXNoIjthOjI6e3M6Mzoib2xkIjthOjA6e31zOjM6Im5ldyI7YTowOnt9fX0=',1551338109),('ExVlhdCBVxRSZGDkx1cegkSuf0HTbmhsFufsF9Ug',NULL,'132.145.168.22','Mozilla/5.0 zgrab/0.x','YTozOntzOjY6Il90b2tlbiI7czo0MDoiY3ZUcm9KSTlETkEzS1FTU1I5ekRYaEdpbjZZckRmZG1UbnVrSUJHciI7czo5OiJfcHJldmlvdXMiO2E6MTp7czozOiJ1cmwiO3M6MjE6Imh0dHBzOi8vNTIuOTAuMjQwLjIzOSI7fXM6NjoiX2ZsYXNoIjthOjI6e3M6Mzoib2xkIjthOjA6e31zOjM6Im5ldyI7YTowOnt9fX0=',1551682965),('EymJMId2g7JH7kyjjwrs1veMUogvyiuS3v2aEuNX',NULL,'35.243.132.22','MailChimp','YToyOntzOjY6Il90b2tlbiI7czo0MDoiOU0wTnRISUhvbDd5TzlBU3dNV05zTDlQNVFxVGUxcllCMWh3eU5JbCI7czo2OiJfZmxhc2giO2E6Mjp7czozOiJvbGQiO2E6MDp7fXM6MzoibmV3IjthOjA6e319fQ==',1552286137),('FdgaePhGRtWh0tmcIOiRvLeQYDLoYsYNzSTUdppW',NULL,'35.227.119.73','MailChimp','YToyOntzOjY6Il90b2tlbiI7czo0MDoibW12SGJvb1hHMUlvV0syN2ZrOGExcFp3MW5pN0dwNDBsSFNXSDhSMCI7czo2OiJfZmxhc2giO2E6Mjp7czozOiJvbGQiO2E6MDp7fXM6MzoibmV3IjthOjA6e319fQ==',1551816805),('fIdUcebvXahwWvOAfl2wXeLHCzIyblvNXTeyIom2',NULL,'82.127.2.23','Mozilla/5.0 (Windows NT 5.1; rv:9.0.1) Gecko/20100101 Firefox/9.0.1','YTozOntzOjY6Il90b2tlbiI7czo0MDoicTNyTm1EM000WnczTFNicDZBcEJyU1loRTY4MGlMWkxUM2pNTXpnMCI7czo5OiJfcHJldmlvdXMiO2E6MTp7czozOiJ1cmwiO3M6MjE6Imh0dHBzOi8vNTIuOTAuMjQwLjIzOSI7fXM6NjoiX2ZsYXNoIjthOjI6e3M6Mzoib2xkIjthOjA6e31zOjM6Im5ldyI7YTowOnt9fX0=',1551888202),('FMbRYYZkTDKWvnBoNy04zTaChldZJen0DdXi5641',NULL,'198.108.66.144','Mozilla/5.0 zgrab/0.x','YTozOntzOjY6Il90b2tlbiI7czo0MDoiY3JteXBUdUg3UW4zNDZ2OVAyOXM4OHJpbENMOE1XaXphdnd3YVNHSyI7czo5OiJfcHJldmlvdXMiO2E6MTp7czozOiJ1cmwiO3M6MjE6Imh0dHBzOi8vNTIuOTAuMjQwLjIzOSI7fXM6NjoiX2ZsYXNoIjthOjI6e3M6Mzoib2xkIjthOjA6e31zOjM6Im5ldyI7YTowOnt9fX0=',1551823935),('FP7X9y77W7p6ijX3o7rT9kbmbvEoVLru3UVtzEzK',NULL,'108.178.61.58','Mozilla/5.0 (Windows NT 10.0; WOW64) AppleWebKit/537.36 (KHTML, like Gecko) Chrome/66.0.3359.117 Safari/537.36','YTozOntzOjY6Il90b2tlbiI7czo0MDoiWUpPN1ZoZ1J2cXlVZzc1MWVKWkFhWEZoTm5oWjh4eTNDaDV3bldpZyI7czo5OiJfcHJldmlvdXMiO2E6MTp7czozOiJ1cmwiO3M6MjE6Imh0dHBzOi8vNTIuOTAuMjQwLjIzOSI7fXM6NjoiX2ZsYXNoIjthOjI6e3M6Mzoib2xkIjthOjA6e31zOjM6Im5ldyI7YTowOnt9fX0=',1551777431),('FPlrdJ9VkoFy6qRL7ChyEqt9ywsAP2u8CANJmSQg',NULL,'140.82.41.84','Mozilla/5.0 (Windows NT 10.0; Win64; x64) AppleWebKit/537.36 (KHTML, like Gecko) Chrome/72.0.3626.121 Safari/537.36','YTozOntzOjY6Il90b2tlbiI7czo0MDoiVWhQTUNCdjlzZjBkTDdpeDlmbWFodzlxVDFobURtVm5xYm1xdlYxRCI7czo5OiJfcHJldmlvdXMiO2E6MTp7czozOiJ1cmwiO3M6NDU6Imh0dHBzOi8vc3RhZ2luZy41MmZyYW1lcy5jb20vYXBpL2FsYnVtL3JlY2VudCI7fXM6NjoiX2ZsYXNoIjthOjI6e3M6Mzoib2xkIjthOjA6e31zOjM6Im5ldyI7YTowOnt9fX0=',1552459404),('fsA9GSeFSBqD75kZjC9pDnTV5SfN1bZXQX5PYEkR',NULL,'69.175.97.170','Mozilla/5.0 (Windows NT 10.0; WOW64) AppleWebKit/537.36 (KHTML, like Gecko) Chrome/66.0.3359.117 Safari/537.36','YTozOntzOjY6Il90b2tlbiI7czo0MDoiRGRlRnZiVjhObGZ4OThGR1BDbEJ5YlJqSXdPdW56T2M4YWNKMlJpMiI7czo5OiJfcHJldmlvdXMiO2E6MTp7czozOiJ1cmwiO3M6MjE6Imh0dHBzOi8vNTIuOTAuMjQwLjIzOSI7fXM6NjoiX2ZsYXNoIjthOjI6e3M6Mzoib2xkIjthOjA6e31zOjM6Im5ldyI7YTowOnt9fX0=',1552059861),('FSpoz47yMDq18PTJKn4D1MJAgZZXpFlV6Iaiqty4',NULL,'176.32.33.80','python-requests/2.6.0 CPython/2.7.5 Linux/3.10.0-957.1.3.el7.x86_64','YTozOntzOjY6Il90b2tlbiI7czo0MDoid3FuWHIwQUtBYW1vRXVQUlRzZ0o0SkVhbXhZM2V2aUR0UUllclEzdyI7czo5OiJfcHJldmlvdXMiO2E6MTp7czozOiJ1cmwiO3M6NDk6Imh0dHBzOi8vNTIuOTAuMjQwLjIzOS92dGlnZXJjcm0vdnRpZ2Vyc2VydmljZS5waHAiO31zOjY6Il9mbGFzaCI7YToyOntzOjM6Im9sZCI7YTowOnt9czozOiJuZXciO2E6MDp7fX19',1551778893),('FXZZon8mX9BwBMHSziy76QkE7E5iRiidNFBLZJUH',NULL,'52.114.77.26','Mozilla/5.0 (Windows NT 6.1; WOW64) SkypeUriPreview Preview/0.5','YTozOntzOjY6Il90b2tlbiI7czo0MDoiSlhLZzdTaTNNb2NQNDdsd05ZamZaWUpJQXRRcThwVGtJMGVxdHcwQSI7czo5OiJfcHJldmlvdXMiO2E6MTp7czozOiJ1cmwiO3M6Mjg6Imh0dHBzOi8vc3RhZ2luZy41MmZyYW1lcy5jb20iO31zOjY6Il9mbGFzaCI7YToyOntzOjM6Im9sZCI7YTowOnt9czozOiJuZXciO2E6MDp7fX19',1551872060),('fyCuwOug6ThfchPLpnQUoo2TtT9FWBqNZHqQGT0L',NULL,'34.73.117.195','MailChimp','YToyOntzOjY6Il90b2tlbiI7czo0MDoic3R6ZWU3SGpISXBBSU5MNEkzcEYzWUlkUWlwc0FUc0R5Njc1a3FacyI7czo2OiJfZmxhc2giO2E6Mjp7czozOiJvbGQiO2E6MDp7fXM6MzoibmV3IjthOjA6e319fQ==',1551729781),('g4wbD3r31dJAI4ixBikVoGK0Pq6rWem1MMXuVmsl',NULL,'35.196.243.255','MailChimp','YToyOntzOjY6Il90b2tlbiI7czo0MDoia0pQc0xmUzhKSFo0Y0VySzBMVU1lbW9HTXRkNFJSR0N4VlV3aWJDRSI7czo2OiJfZmxhc2giO2E6Mjp7czozOiJvbGQiO2E6MDp7fXM6MzoibmV3IjthOjA6e319fQ==',1551691280),('G9EgURyu2ottAVVgzh5r1rnf20jftuYiuyzSTJPO',NULL,'37.147.191.176','','YTozOntzOjY6Il90b2tlbiI7czo0MDoiVk9GbVJCZGNBWEVVYlBtV2VmU2RNZkZrMFRmMG1xellCT3ZHNGdCbSI7czo5OiJfcHJldmlvdXMiO2E6MTp7czozOiJ1cmwiO3M6NDA6Imh0dHBzOi8vc3RhZ2luZy41MmZyYW1lcy5jb20vLmdpdC9jb25maWciO31zOjY6Il9mbGFzaCI7YToyOntzOjM6Im9sZCI7YTowOnt9czozOiJuZXciO2E6MDp7fX19',1552322832),('gbKLlEIHW8W0lamWE3S5eM8Afnm199aZgou6h4hL',NULL,'35.196.243.255','MailChimp','YToyOntzOjY6Il90b2tlbiI7czo0MDoickl0Y2l2clRSa3JZd3praW42b3U0RUZycGhRQWFGZmYyMFoyUFRXRCI7czo2OiJfZmxhc2giO2E6Mjp7czozOiJvbGQiO2E6MDp7fXM6MzoibmV3IjthOjA6e319fQ==',1551950558),('gE1aURpvIGUaKlsJnEVONK5NjGBaisC7ocRbw1if',NULL,'104.237.144.243','','YTozOntzOjY6Il90b2tlbiI7czo0MDoiQXg3VVpsZ3owUlo5VGZlbXF1ck1IdUdobG1Zc1ZXcmI3ZWxtczlqMiI7czo5OiJfcHJldmlvdXMiO2E6MTp7czozOiJ1cmwiO3M6Mjg6Imh0dHBzOi8vc3RhZ2luZy41MmZyYW1lcy5jb20iO31zOjY6Il9mbGFzaCI7YToyOntzOjM6Im9sZCI7YTowOnt9czozOiJuZXciO2E6MDp7fX19',1552271012),('GfOBfQ1sSNHN4tV2K1ADktxAGcSbwqvlEJ1kQ5CK',NULL,'138.246.253.5','Mozilla/5.0 (Windows NT 6.1; Win64; x64) AppleWebKit/537.36 (KHTML, like Gecko) Chrome/40.0.2214.85 Safari/537.36','YToyOntzOjY6Il90b2tlbiI7czo0MDoieVNmNTd1TjlzREpLYlJ5VmhuQ0VIblp2eUJwanhiWTI0NzMxRG5QVCI7czo2OiJfZmxhc2giO2E6Mjp7czozOiJvbGQiO2E6MDp7fXM6MzoibmV3IjthOjA6e319fQ==',1551956740),('gGZFu1qV2nZL6PT1KTEjSHqyOTmMC38XfjhMXUdM',NULL,'35.196.243.255','MailChimp','YToyOntzOjY6Il90b2tlbiI7czo0MDoiODQ5THJmdlFKZHNPdXVtV1FNZjNLVkNRUzhLc0tySERKbGZmR1NZaCI7czo2OiJfZmxhc2giO2E6Mjp7czozOiJvbGQiO2E6MDp7fXM6MzoibmV3IjthOjA6e319fQ==',1551705410),('GXpsAGcuM5frrIHAVhokjOeyCvVDO8q0XD0z8DoH',NULL,'122.228.19.79','Mozilla/5.0 (Macintosh; Intel Mac OS X 10.11; rv:47.0) Gecko/20100101 Firefox/47.0','YTozOntzOjY6Il90b2tlbiI7czo0MDoiWlpwb3loemhQaUlCSnNYV3dzY2VPSDB3VHM4Snk1b2xtT2JMc3R2ZCI7czo5OiJfcHJldmlvdXMiO2E6MTp7czozOiJ1cmwiO3M6MjE6Imh0dHBzOi8vNTIuOTAuMjQwLjIzOSI7fXM6NjoiX2ZsYXNoIjthOjI6e3M6Mzoib2xkIjthOjA6e31zOjM6Im5ldyI7YTowOnt9fX0=',1552266726),('GyH2OwA1QrDgelCbDIydo43iA5S0KTEGqy74PDLC',NULL,'82.196.15.154','Mozilla/5.0 zgrab/0.x','YTozOntzOjY6Il90b2tlbiI7czo0MDoiRlBXeXdsellrWkZ0dHZzamFVMjZlMmc0aGFkNEhya1lhdjVvczhRQSI7czo5OiJfcHJldmlvdXMiO2E6MTp7czozOiJ1cmwiO3M6MjE6Imh0dHBzOi8vNTIuOTAuMjQwLjIzOSI7fXM6NjoiX2ZsYXNoIjthOjI6e3M6Mzoib2xkIjthOjA6e31zOjM6Im5ldyI7YTowOnt9fX0=',1552326650),('GZKyC8WOUMPP7m0rRHd0py2EpX2JL5IDPepx8QJy',NULL,'106.75.85.103','Mozilla/5.0 (Windows NT 6.1) AppleWebKit/537.36 (KHTML, like Gecko) Chrome/49.0.2623.112 Safari/537.36','YTozOntzOjY6Il90b2tlbiI7czo0MDoicHpRUVB6d3VweU1EdWxUYTh5Zk40VzlnZnZMOU1lVzU0NjVQZXAzVyI7czo5OiJfcHJldmlvdXMiO2E6MTp7czozOiJ1cmwiO3M6Mjg6Imh0dHBzOi8vc3RhZ2luZy41MmZyYW1lcy5jb20iO31zOjY6Il9mbGFzaCI7YToyOntzOjM6Im9sZCI7YTowOnt9czozOiJuZXciO2E6MDp7fX19',1551433108),('HdfTR1oLthYT6gkHKONuBp0bnfgRfUKogZPGQoiS',NULL,'207.154.255.47','Mozilla/5.0 zgrab/0.x','YTozOntzOjY6Il90b2tlbiI7czo0MDoiUmNJY2RMdmYzTnBVY1ozb1RVSmc4bVg3RE5IR1dTS1V2SUJxT1NzbiI7czo5OiJfcHJldmlvdXMiO2E6MTp7czozOiJ1cmwiO3M6MjE6Imh0dHBzOi8vNTIuOTAuMjQwLjIzOSI7fXM6NjoiX2ZsYXNoIjthOjI6e3M6Mzoib2xkIjthOjA6e31zOjM6Im5ldyI7YTowOnt9fX0=',1551953559),('hi5jfovJm7Ny5cA1wgUO4gcmXrKTjroYixXYkFU0',NULL,'35.237.250.216','MailChimp','YToyOntzOjY6Il90b2tlbiI7czo0MDoiUUkwdDluRjdyN0Eyb2IxUVdjQTduMmpNUnhNczRPaGg1ZlBISTRKQyI7czo2OiJfZmxhc2giO2E6Mjp7czozOiJvbGQiO2E6MDp7fXM6MzoibmV3IjthOjA6e319fQ==',1551681192),('HKnqgjrv9XtyNziJZd5bvV8TRJ8CLASGTZgkAOvr',NULL,'46.17.47.164','python-requests/2.20.1','YTozOntzOjY6Il90b2tlbiI7czo0MDoiN2dLVlBHbHpmY0pmNzkwNzJvMGU4STQzVUE2MElScnZHV0plclgxeCI7czo5OiJfcHJldmlvdXMiO2E6MTp7czozOiJ1cmwiO3M6MjE6Imh0dHBzOi8vNTIuOTAuMjQwLjIzOSI7fXM6NjoiX2ZsYXNoIjthOjI6e3M6Mzoib2xkIjthOjA6e31zOjM6Im5ldyI7YTowOnt9fX0=',1552274393),('hMB1fp75AcxC4f7EBJ7a4KBvp5atBRtHpw8Lbpyt',1007,'185.175.35.213','Mozilla/5.0 (Windows NT 10.0; Win64; x64) AppleWebKit/537.36 (KHTML, like Gecko) Chrome/72.0.3626.119 Safari/537.36','YTo1OntzOjY6Il90b2tlbiI7czo0MDoiaVFzYTR2U01VSzE3and5cXh6Z25xdHNtVG9IdXFRWWVqMDdOVlhGSSI7czo5OiJfcHJldmlvdXMiO2E6MTp7czozOiJ1cmwiO3M6NDI6Imh0dHBzOi8vc3RhZ2luZy41MmZyYW1lcy5jb20vYXBpL2V4aWYtaXRlbSI7fXM6NjoiX2ZsYXNoIjthOjI6e3M6Mzoib2xkIjthOjA6e31zOjM6Im5ldyI7YTowOnt9fXM6NTA6ImxvZ2luX3dlYl81OWJhMzZhZGRjMmIyZjk0MDE1ODBmMDE0YzdmNThlYTRlMzA5ODlkIjtpOjEwMDc7czoxNjoib2F1dGhfdG9rZW5fZGF0YSI7YToyOntzOjEyOiJhY2Nlc3NfdG9rZW4iO3M6MTA3NToiZXlKMGVYQWlPaUpLVjFRaUxDSmhiR2NpT2lKU1V6STFOaUlzSW1wMGFTSTZJakEwWW1Ga09EaGpaR014WTJRMVpHTTBaalV5TjJZeVl6YzRZekJpTldGaVpEaGpPV00yTldJNE5tRTFOelEwTnpFeFpqY3lNVGhtWVRrMk0yUTNOR05pWXpnMVlXVmhZVFE0WlRJMVpHWTVJbjAuZXlKaGRXUWlPaUl4SWl3aWFuUnBJam9pTURSaVlXUTRPR05rWXpGalpEVmtZelJtTlRJM1pqSmpOemhqTUdJMVlXSmtPR001WXpZMVlqZzJZVFUzTkRRM01URm1Oekl4T0daaE9UWXpaRGMwWTJKak9EVmhaV0ZoTkRobE1qVmtaamtpTENKcFlYUWlPakUxTlRFMk9USTVPRFVzSW01aVppSTZNVFUxTVRZNU1qazROU3dpWlhod0lqb3hOVFV5T1RBeU5UZzBMQ0p6ZFdJaU9pSXhNREEzSWl3aWMyTnZjR1Z6SWpwYlhYMC5rcVlvRnNwa3BIVWRKdlV4cVJ5QmM5OVRCeDNHTVZBNFN0Q3pYZzljcldwQ0lLZzJlY01PREZPNVF0bC15dDlLSkNLVE1lVkJ4dTVYckZ2bGFURzJUWUlhYThyMmtwei1QcWI0Z2xCOG1JVGNBRXFCdEc3NVpPaVhzZjEzYlZYeGpuZ0FIcVQ2TWFVUGxTclIzcF8zejV4VHpEbmxFVEFVU0tiN2kxcm9HaVNKbWkzcm5tVFA1WUhuVVpTQ010cThDQWd4ejdrQ0Z3WDVnSHBzZ1VnMURscUs5a040MDNOOWdSY0FLa204b2FQcldrWGFiYm9XN0ZOSE0tN2FCd3BUM2tSV1Y0RUxXM1p4MmlWTWljZGxOMVdQTGtYRzV3RWdsbUFtMDdfLVJUMzN0b08wMEstNkpLU1ZySTZ0dFJTUWdBQl9QVHNZcENJUkhlejdPV2ZWSWsyZ1o3UnNURF9fb2MwOUhPYkJYZE03Q2ZVN1N2R1VSZnlnUFAxYlk4U0VLWERDbUowcnYyMFQ2aTdVeEttbm5YNF83a2pGZGk5VkI0YU92VVBmZjlpZGlsaGxNQzFIa0RrSk85UWRPYXFlTko4U29VY2NVLU01R2stR0U3cVFuSmlIRHhNUmJ6TmNVekNXR3pNVlFZSzN6ZDdlWXpNLWpfR0hVS3d1TWxwT3FtaTJwUWVZMVZOdmpQSUhIRWxrSGZwQXZ3VHFiRGR1aGppZGZRUkhHQzNQNWFFTkY5UjhpSVlPRHJycU1lX2I4U2FtYVp4OVczanQzZ1hHTE1GWTZxOVVoRlNmTUJjWXlyU2VTei1UMjRMZ1hlVnY1R1lvaTBmTmw4VHlnM2ZhUXN6ZDdTVmU1SV9WU01DSmJvT1QwM3NNUFhFWWg5aDBVMXhHQWdMX3g1WSI7czoxMDoiY3JlYXRlZF9hdCI7TzoxMzoiQ2FyYm9uXENhcmJvbiI6Mzp7czo0OiJkYXRlIjtzOjI2OiIyMDE5LTAzLTA0IDA5OjQ5OjQ1LjkzOTA0NCI7czoxMzoidGltZXpvbmVfdHlwZSI7aTozO3M6ODoidGltZXpvbmUiO3M6MzoiVVRDIjt9fX0=',1551693405),('HRJsv4N5I3warktbdsyrHjnA5AjFaZkzhBNChz4O',NULL,'176.32.33.80','python-requests/2.6.0 CPython/2.7.5 Linux/3.10.0-957.1.3.el7.x86_64','YTozOntzOjY6Il90b2tlbiI7czo0MDoiVU8wVllXbzVaaEkxSkZpY2FucHp0d1ltQ3lKZXZEZGJCWkhYaG5tMSI7czo5OiJfcHJldmlvdXMiO2E6MTp7czozOiJ1cmwiO3M6MzI6Imh0dHBzOi8vNTIuOTAuMjQwLjIzOS9yZWNvcmRpbmdzIjt9czo2OiJfZmxhc2giO2E6Mjp7czozOiJvbGQiO2E6MDp7fXM6MzoibmV3IjthOjA6e319fQ==',1551868204),('I2hX7U39ufTMhzUM2qTJd4CLOtEn9VcNDZTpEbOr',NULL,'178.62.58.197','Mozilla/5.0 zgrab/0.x','YTozOntzOjY6Il90b2tlbiI7czo0MDoiVmxWc05tTFo4NzNnb2ljOFEyQjFyM2RRQ2ZOWER0aHhmZXpMbFNvZSI7czo5OiJfcHJldmlvdXMiO2E6MTp7czozOiJ1cmwiO3M6MjE6Imh0dHBzOi8vNTIuOTAuMjQwLjIzOSI7fXM6NjoiX2ZsYXNoIjthOjI6e3M6Mzoib2xkIjthOjA6e31zOjM6Im5ldyI7YTowOnt9fX0=',1551408434),('I9CVtznbJULursDYKjR4egiuUQSSe4wTkIgRbCxn',NULL,'176.32.33.80','python-requests/2.6.0 CPython/2.7.5 Linux/3.10.0-957.1.3.el7.x86_64','YTozOntzOjY6Il90b2tlbiI7czo0MDoiOGhFeTdCVUxFeXQzRzBQeWZEOVZrN1VleFBvck5lMThDOU1SM3BOciI7czo5OiJfcHJldmlvdXMiO2E6MTp7czozOiJ1cmwiO3M6NTA6Imh0dHBzOi8vNTIuOTAuMjQwLjIzOS8vdnRpZ2VyY3JtL3Z0aWdlcnNlcnZpY2UucGhwIjt9czo2OiJfZmxhc2giO2E6Mjp7czozOiJvbGQiO2E6MDp7fXM6MzoibmV3IjthOjA6e319fQ==',1551776950),('i9GQ0DLauuOIdgOklALCDHVGW4kdmr9GrtgiflGj',NULL,'35.243.132.22','MailChimp','YToyOntzOjY6Il90b2tlbiI7czo0MDoiTk42SUI1QkpaUWNRTTVWMFRvb2xQcnRPa0puVjFlVHhmdmFuTnJMdCI7czo2OiJfZmxhc2giO2E6Mjp7czozOiJvbGQiO2E6MDp7fXM6MzoibmV3IjthOjA6e319fQ==',1551817733),('iCqTm22i24ST03I0c5qCpXTxaORuj9gBYDb5STks',NULL,'35.243.132.22','MailChimp','YToyOntzOjY6Il90b2tlbiI7czo0MDoidFBLSTNiejNJWkdwZWhTUWVib05STzFJUGR5VFIzcjRGMk1tUWx6bSI7czo2OiJfZmxhc2giO2E6Mjp7czozOiJvbGQiO2E6MDp7fXM6MzoibmV3IjthOjA6e319fQ==',1552281159),('IhJImbb6lmt4uM6JQwthHulAL32AC45b3m9DdV4z',NULL,'178.128.29.142','Mozilla/5.0 zgrab/0.x','YTozOntzOjY6Il90b2tlbiI7czo0MDoiVGJMVXN6S0hxZlExRlJnUDQ5bVc3WjN4MjBTSWZKNExFZUZJU0MzYyI7czo5OiJfcHJldmlvdXMiO2E6MTp7czozOiJ1cmwiO3M6MjE6Imh0dHBzOi8vNTIuOTAuMjQwLjIzOSI7fXM6NjoiX2ZsYXNoIjthOjI6e3M6Mzoib2xkIjthOjA6e31zOjM6Im5ldyI7YTowOnt9fX0=',1552239388),('ihUxP0E7uq6yRAU2fDMJg9VRVBS1bjWtiYxjPyKf',NULL,'35.237.250.216','MailChimp','YToyOntzOjY6Il90b2tlbiI7czo0MDoiWUd0TlhacFBkNldOQVQybnJJRHR4SFhxMFFxWnF5WmVqRGs2eGc1MiI7czo2OiJfZmxhc2giO2E6Mjp7czozOiJvbGQiO2E6MDp7fXM6MzoibmV3IjthOjA6e319fQ==',1551542465),('iiOCwns23dC3BQDDAh7J4uXjdQmbh9EZ2UzefBkq',NULL,'71.6.232.7','Mozilla/5.0 (Windows NT 10.0; Win64; x64) AppleWebKit/537.36 (KHTML, like Gecko) Chrome/57.0.2987.133 Safari/537.36','YTozOntzOjY6Il90b2tlbiI7czo0MDoiOTNFM2lLejBiSjM3WUd0UmxDYzF4Zm9qSXVCZW9SWm1ycTI1cmRlYSI7czo5OiJfcHJldmlvdXMiO2E6MTp7czozOiJ1cmwiO3M6MjE6Imh0dHBzOi8vNTIuOTAuMjQwLjIzOSI7fXM6NjoiX2ZsYXNoIjthOjI6e3M6Mzoib2xkIjthOjA6e31zOjM6Im5ldyI7YTowOnt9fX0=',1551786432),('IMhsgVweXlA8NHIkTZEuuKCSvFD8zw4K52JgkYvd',NULL,'176.32.33.80','python-requests/2.6.0 CPython/2.7.5 Linux/3.10.0-957.1.3.el7.x86_64','YTozOntzOjY6Il90b2tlbiI7czo0MDoiaGlFdUtHZkR1VGNGcWM5YkMyWHNtNTNXSmVXTGh2THlzaDlOUXZMciI7czo5OiJfcHJldmlvdXMiO2E6MTp7czozOiJ1cmwiO3M6MzI6Imh0dHBzOi8vNTIuOTAuMjQwLjIzOS8vYWJvdXQucGhwIjt9czo2OiJfZmxhc2giO2E6Mjp7czozOiJvbGQiO2E6MDp7fXM6MzoibmV3IjthOjA6e319fQ==',1551796703),('ipGL7BADh9R76AZ2DZjrare1QuhwfYZn2GXcYYZE',NULL,'176.32.33.80','python-requests/2.6.0 CPython/2.7.5 Linux/3.10.0-957.1.3.el7.x86_64','YTozOntzOjY6Il90b2tlbiI7czo0MDoiYktGTUllNW9sR3Rjc1NnV2lBZTE5MDVNcjlkamtRVWVYcTF4b3FpTCI7czo5OiJfcHJldmlvdXMiO2E6MTp7czozOiJ1cmwiO3M6MzE6Imh0dHBzOi8vNTIuOTAuMjQwLjIzOS9hYm91dC5waHAiO31zOjY6Il9mbGFzaCI7YToyOntzOjM6Im9sZCI7YTowOnt9czozOiJuZXciO2E6MDp7fX19',1551798680),('IVY7udBlukVhK0QxT8sJZ0aSy1gjuUxQqQo5kZiC',NULL,'35.196.243.255','MailChimp','YToyOntzOjY6Il90b2tlbiI7czo0MDoiTUVSbnkxRVgxcnJ2OEcwR0g2VVdqTFoyVVN0RlFyUkc4R051REplbyI7czo2OiJfZmxhc2giO2E6Mjp7czozOiJvbGQiO2E6MDp7fXM6MzoibmV3IjthOjA6e319fQ==',1551717648),('IZRqtIc2Yto8keL3wgi9vDnCa99YpPgi3RTaVAYW',NULL,'35.243.132.22','MailChimp','YToyOntzOjY6Il90b2tlbiI7czo0MDoiazNvYVNjSEFVRmlhdEZURnhkRUM2SHFRbXNDVXpxV3hNVTRNNmxtTSI7czo2OiJfZmxhc2giO2E6Mjp7czozOiJvbGQiO2E6MDp7fXM6MzoibmV3IjthOjA6e319fQ==',1552304483),('iZZL899fpTSFGKaOMxcrquzDwsaTvhnjrm6THx6d',NULL,'178.128.236.64','Mozilla/5.0 zgrab/0.x','YTozOntzOjY6Il90b2tlbiI7czo0MDoiTmc1UGowdTJIdGFSTUNFalpCZnZpbmVvUGNiRGFjeHJMMDNXR3pJNyI7czo5OiJfcHJldmlvdXMiO2E6MTp7czozOiJ1cmwiO3M6MjE6Imh0dHBzOi8vNTIuOTAuMjQwLjIzOSI7fXM6NjoiX2ZsYXNoIjthOjI6e3M6Mzoib2xkIjthOjA6e31zOjM6Im5ldyI7YTowOnt9fX0=',1551495878),('j0njyNwTYeAUmK8ZXXZu95zZR7Lvr0BGcbhgYV8m',NULL,'74.82.47.3','','YTozOntzOjY6Il90b2tlbiI7czo0MDoidms1TzBnZVg2ZGxKcVBHUTVnYnJrWDQwaENhMEJIYUtUdXIzYmtpNCI7czo5OiJfcHJldmlvdXMiO2E6MTp7czozOiJ1cmwiO3M6MjE6Imh0dHBzOi8vNTIuOTAuMjQwLjIzOSI7fXM6NjoiX2ZsYXNoIjthOjI6e3M6Mzoib2xkIjthOjA6e31zOjM6Im5ldyI7YTowOnt9fX0=',1551370876),('j7r8ycP2UsglCCKPnntjmdMK0RWOND7UsCVTantF',NULL,'178.73.215.171','','YTozOntzOjY6Il90b2tlbiI7czo0MDoiSzFBaWQzc0x4Rkc4Z1ZldGlzMWlTRmt0T29kNzNoMGd5SWoyZ1lyRyI7czo5OiJfcHJldmlvdXMiO2E6MTp7czozOiJ1cmwiO3M6Mjg6Imh0dHBzOi8vc3RhZ2luZy41MmZyYW1lcy5jb20iO31zOjY6Il9mbGFzaCI7YToyOntzOjM6Im9sZCI7YTowOnt9czozOiJuZXciO2E6MDp7fX19',1551923078),('JDq5CvsVriEEtfzFGbr5PCzDBMmQwlJRfMxBvJn1',NULL,'35.237.250.216','MailChimp','YToyOntzOjY6Il90b2tlbiI7czo0MDoiTU5wN3FFMUlnTjc3aVJmZ1hBVVdpSHVsZVliMXoweUdVUWlHYUxqWSI7czo2OiJfZmxhc2giO2E6Mjp7czozOiJvbGQiO2E6MDp7fXM6MzoibmV3IjthOjA6e319fQ==',1551845115),('jvLO3mJwRMyT2tVCVpmAHuMGvZ50gapvvJNAnzBF',NULL,'176.32.10.166','Mozilla/5.0 (Windows NT 5.1; rv:9.0.1) Gecko/20100101 Firefox/9.0.1','YTozOntzOjY6Il90b2tlbiI7czo0MDoiVXZSWTlhQmY2VmYxbXVFbGtoc3p1N0ZuRDk3UGlkWnh6N3dMVUk2NyI7czo5OiJfcHJldmlvdXMiO2E6MTp7czozOiJ1cmwiO3M6MjE6Imh0dHBzOi8vNTIuOTAuMjQwLjIzOSI7fXM6NjoiX2ZsYXNoIjthOjI6e3M6Mzoib2xkIjthOjA6e31zOjM6Im5ldyI7YTowOnt9fX0=',1551974207),('JzaDM5nJnXusxKSgb3JCxB9Qx8aanxaoK3vlw3kX',NULL,'47.102.45.98','curl/7.52.1','YTozOntzOjY6Il90b2tlbiI7czo0MDoiWENaaDlrTUpyeEJnVzRlS0UyYU9XVjlpOTU3MVFhSk5pODdQaXNNNSI7czo5OiJfcHJldmlvdXMiO2E6MTp7czozOiJ1cmwiO3M6MjE6Imh0dHBzOi8vNTIuOTAuMjQwLjIzOSI7fXM6NjoiX2ZsYXNoIjthOjI6e3M6Mzoib2xkIjthOjA6e31zOjM6Im5ldyI7YTowOnt9fX0=',1551985863),('K17GBGdMKkU8DEOXLxZp7ILGUTkaVR9e9pICE1fY',NULL,'35.237.250.216','MailChimp','YToyOntzOjY6Il90b2tlbiI7czo0MDoiRmFOS0RmZFJLazhpaGRJRU1XaHFTa0VBc09rd2xMN1lCTEpnZXdPZiI7czo2OiJfZmxhc2giO2E6Mjp7czozOiJvbGQiO2E6MDp7fXM6MzoibmV3IjthOjA6e319fQ==',1551259887),('K33GwfbBUGfn9Y1CehPIkpoXNf0kTHglLw4NMeFo',NULL,'34.73.117.195','MailChimp','YToyOntzOjY6Il90b2tlbiI7czo0MDoiWFp6a0pBSzllbXZ2ZDQ2aUMxaVl5b2tKaFpMZVJ3OGp6dGRxendHYiI7czo2OiJfZmxhc2giO2E6Mjp7czozOiJvbGQiO2E6MDp7fXM6MzoibmV3IjthOjA6e319fQ==',1552251598),('KAHScBooFoVwfXPiQnfueON5ObkTpvKJ2DHlhGJd',NULL,'35.243.132.22','MailChimp','YToyOntzOjY6Il90b2tlbiI7czo0MDoiWDVURmlPaTVUdllhNnVQSFhtcXpaaWFFZEFVMmxwMW5zMUV4NlJqQSI7czo2OiJfZmxhc2giO2E6Mjp7czozOiJvbGQiO2E6MDp7fXM6MzoibmV3IjthOjA6e319fQ==',1552345567),('KfRHEGbrNAXvynCNL407HYpI592L3J8QgHuSUso1',NULL,'46.17.47.164','python-requests/2.20.1','YTozOntzOjY6Il90b2tlbiI7czo0MDoiSllKeUVQeUZRc2hnMWkxWkc4THlwYjJlQUJsanFUQ21TUXpqMUFMQSI7czo5OiJfcHJldmlvdXMiO2E6MTp7czozOiJ1cmwiO3M6Njk6Imh0dHBzOi8vNTIuOTAuMjQwLjIzOS9hMmJpbGxpbmcvY3VzdG9tZXIvdGVtcGxhdGVzL2RlZmF1bHQvZm9vdGVyLnRwbCI7fXM6NjoiX2ZsYXNoIjthOjI6e3M6Mzoib2xkIjthOjA6e31zOjM6Im5ldyI7YTowOnt9fX0=',1552260323),('klodgCbuPsyDlvuC4PnyfMSautz0w2d45Krsqpln',NULL,'37.9.87.155','Mozilla/5.0 (compatible; YandexBot/3.0; +http://yandex.com/bots)','YTozOntzOjY6Il90b2tlbiI7czo0MDoiRU9mSnZMYUdOanJCZWlhaWdWeVhDTEx4cXlzNlBuUFE4MXJHTVVsRSI7czo5OiJfcHJldmlvdXMiO2E6MTp7czozOiJ1cmwiO3M6Mjg6Imh0dHBzOi8vc3RhZ2luZy41MmZyYW1lcy5jb20iO31zOjY6Il9mbGFzaCI7YToyOntzOjM6Im9sZCI7YTowOnt9czozOiJuZXciO2E6MDp7fX19',1552290659),('KntVjIN0hbZfSc7fH2gJ1rtP3y6A2BDfuznjn5q5',NULL,'35.196.243.255','MailChimp','YToyOntzOjY6Il90b2tlbiI7czo0MDoiUEhyM0RRRFdNN1B3T2FSZ2YyalpQR1ptZjlnVHRjbDQxRUxMYjNsUiI7czo2OiJfZmxhc2giO2E6Mjp7czozOiJvbGQiO2E6MDp7fXM6MzoibmV3IjthOjA6e319fQ==',1552441805),('KrOXD4lzDW1knmghwdskulSyNnUseIOFsnzPXxM6',NULL,'122.224.129.234','','YTozOntzOjY6Il90b2tlbiI7czo0MDoiSDZkd1hGaENlZDhGQ3V4WGhPMjdCZnpBY0RCaGZTSFNQMnA2cUhXSCI7czo5OiJfcHJldmlvdXMiO2E6MTp7czozOiJ1cmwiO3M6Mjg6Imh0dHBzOi8vc3RhZ2luZy41MmZyYW1lcy5jb20iO31zOjY6Il9mbGFzaCI7YToyOntzOjM6Im9sZCI7YTowOnt9czozOiJuZXciO2E6MDp7fX19',1551528517),('kwNvUNZqHEW2JOskIg8YhobHN9wwfmcq3efA7dI6',NULL,'35.196.243.255','MailChimp','YToyOntzOjY6Il90b2tlbiI7czo0MDoiTnVYYVpybGhjS08zWlJYdFdKSzkyQ3FleExwS3J0YmZWSWRXS1oyUSI7czo2OiJfZmxhc2giO2E6Mjp7czozOiJvbGQiO2E6MDp7fXM6MzoibmV3IjthOjA6e319fQ==',1551238098),('KZhw39c2jMxPjPcSYSiPLlcUtufrcRcoAKnsBShK',NULL,'5.189.154.62','Mozilla/5.0 zgrab/0.x','YTozOntzOjY6Il90b2tlbiI7czo0MDoicW5GTzdqbGpKRHhyeE1NdzlvZEJXdjhQa1g3YjFZMXIxSk5oTG9SViI7czo5OiJfcHJldmlvdXMiO2E6MTp7czozOiJ1cmwiO3M6MjE6Imh0dHBzOi8vNTIuOTAuMjQwLjIzOSI7fXM6NjoiX2ZsYXNoIjthOjI6e3M6Mzoib2xkIjthOjA6e31zOjM6Im5ldyI7YTowOnt9fX0=',1551321343),('L5zGqC6ZArlXlaOI0oJCPHhgZqDvTIQ3W6L9u0hH',NULL,'35.227.119.73','MailChimp','YToyOntzOjY6Il90b2tlbiI7czo0MDoiWWRKSVpuZXZnVFRiWWpyOFpoRzJuR2xMY1dSUm1PYkxZdnh3emJKMyI7czo2OiJfZmxhc2giO2E6Mjp7czozOiJvbGQiO2E6MDp7fXM6MzoibmV3IjthOjA6e319fQ==',1552420839),('lCQwnRRthN8ziTgOMf60IjeDXcO8yJwmonf2foes',NULL,'185.159.157.19','Mozilla/5.0 (Linux; Android 6.0.1; Nexus 6P Build/MMB29P) AppleWebKit/537.36 (KHTML, like Gecko) Chrome/47.0.2526.83 Mobile Safari/537.36','YTozOntzOjY6Il90b2tlbiI7czo0MDoiNTFKRG1teUx1cFNiREdrNWRzQ0tNWHFqQ0RtSE84RXp2OVBVYW13aSI7czo5OiJfcHJldmlvdXMiO2E6MTp7czozOiJ1cmwiO3M6NzA6Imh0dHBzOi8vNTIuOTAuMjQwLjIzOS9wcy5waHA/Yz1lY2hvJTIwYTIzNjI5OWY5M2RjMWY0NjkyNGM4NmIzZTg1MzZlYTMiO31zOjY6Il9mbGFzaCI7YToyOntzOjM6Im9sZCI7YTowOnt9czozOiJuZXciO2E6MDp7fX19',1551779279),('lFWp79X5pMpzBCcrqfRfPkYuMJjAApmoJaWSvTfj',NULL,'216.218.206.69','','YTozOntzOjY6Il90b2tlbiI7czo0MDoiaW9IVFFoTmJRTFBKYk1tYmRHMFJGeXRlYzVyZG11UWM1aGNaZ3RqMyI7czo5OiJfcHJldmlvdXMiO2E6MTp7czozOiJ1cmwiO3M6MjE6Imh0dHBzOi8vNTIuOTAuMjQwLjIzOSI7fXM6NjoiX2ZsYXNoIjthOjI6e3M6Mzoib2xkIjthOjA6e31zOjM6Im5ldyI7YTowOnt9fX0=',1551458640),('LIvn4mXUXS8IUbWKHKf8BeFuTYiodenJnqPI7Lkg',NULL,'35.237.250.216','MailChimp','YToyOntzOjY6Il90b2tlbiI7czo0MDoiUHBuNUpGdWNpVEk4eXF6MlMyNmJaT3hqNHRRRlo0THBpWjZUZ1YwbSI7czo2OiJfZmxhc2giO2E6Mjp7czozOiJvbGQiO2E6MDp7fXM6MzoibmV3IjthOjA6e319fQ==',1551427477),('lkcvkINIkd47vdvfFHH2Ngo4tD9vKwloi70pTk0D',NULL,'176.32.33.80','python-requests/2.6.0 CPython/2.7.5 Linux/3.10.0-957.1.3.el7.x86_64','YTozOntzOjY6Il90b2tlbiI7czo0MDoiWEx3MEtRSXhScHNiaHp1MUFGTVRnUWVnNTJSNFFmSDFlU2RWMDFheiI7czo5OiJfcHJldmlvdXMiO2E6MTp7czozOiJ1cmwiO3M6MjE6Imh0dHBzOi8vNTIuOTAuMjQwLjIzOSI7fXM6NjoiX2ZsYXNoIjthOjI6e3M6Mzoib2xkIjthOjA6e31zOjM6Im5ldyI7YTowOnt9fX0=',1551755211),('lmIJYVQk1zqrTssFXXwdczBWVpAnCyrumX7atQGK',NULL,'34.73.117.195','MailChimp','YToyOntzOjY6Il90b2tlbiI7czo0MDoidkNhN2RBNWNvelcyMHY0SzVNa2k2QnhBOElFTExqczJhWEU5Q09mTSI7czo2OiJfZmxhc2giO2E6Mjp7czozOiJvbGQiO2E6MDp7fXM6MzoibmV3IjthOjA6e319fQ==',1552422924),('LnbpZmaPkwIdkxRZKpPTIv6josRRPlphQlIeK22h',NULL,'60.191.38.77','Mozilla/5.0 (Macintosh; Intel Mac OS X 10.11; rv:47.0) Gecko/20100101 Firefox/47.0','YTozOntzOjY6Il90b2tlbiI7czo0MDoibDl0WW5ESkpjY1JucWNwOWhSUEVqS0FXTER0amRCSk5KaGZod3dHMyI7czo5OiJfcHJldmlvdXMiO2E6MTp7czozOiJ1cmwiO3M6Mjg6Imh0dHBzOi8vc3RhZ2luZy41MmZyYW1lcy5jb20iO31zOjY6Il9mbGFzaCI7YToyOntzOjM6Im9sZCI7YTowOnt9czozOiJuZXciO2E6MDp7fX19',1552328390),('LOQceYXPPME5CbOhHPRGQOtkAQludQKlnGfDAzn3',NULL,'31.13.249.115','Mozilla/5.0 zgrab/0.x','YTozOntzOjY6Il90b2tlbiI7czo0MDoiYmJTenA4Y3JDYTg1WndZQURIWlE5VElVazN0WWM4ZlRoMHlxeVY4ZCI7czo5OiJfcHJldmlvdXMiO2E6MTp7czozOiJ1cmwiO3M6MjE6Imh0dHBzOi8vNTIuOTAuMjQwLjIzOSI7fXM6NjoiX2ZsYXNoIjthOjI6e3M6Mzoib2xkIjthOjA6e31zOjM6Im5ldyI7YTowOnt9fX0=',1551287071),('lq6KhvHtJTfIiD4T3rJUMB1iwp3SaAjFHiKZZws9',NULL,'162.243.138.97','Mozilla/5.0 zgrab/0.x','YTozOntzOjY6Il90b2tlbiI7czo0MDoiTFk3Z1d3SFlCZFJHSE1ZTXBvTXlFdFlhdzNyUmN5Z2pFeXU1c1hCbyI7czo5OiJfcHJldmlvdXMiO2E6MTp7czozOiJ1cmwiO3M6MjE6Imh0dHBzOi8vNTIuOTAuMjQwLjIzOSI7fXM6NjoiX2ZsYXNoIjthOjI6e3M6Mzoib2xkIjthOjA6e31zOjM6Im5ldyI7YTowOnt9fX0=',1552236809),('LQNEFrpGxcwa6p01bvSs04R13u4Zq6Kz8rO0IvIk',NULL,'107.170.194.201','Mozilla/5.0 zgrab/0.x','YTozOntzOjY6Il90b2tlbiI7czo0MDoiQ3VjVHE2VVRsYXd6SEVaZ0lPa1AxT2EzaDZseU1ueU4xMFZUaTRVUiI7czo5OiJfcHJldmlvdXMiO2E6MTp7czozOiJ1cmwiO3M6MjE6Imh0dHBzOi8vNTIuOTAuMjQwLjIzOSI7fXM6NjoiX2ZsYXNoIjthOjI6e3M6Mzoib2xkIjthOjA6e31zOjM6Im5ldyI7YTowOnt9fX0=',1551637614),('lqq8giBukShHPugziRTRtQJB24qjt4aIIIW30ytK',NULL,'104.131.146.56','Mozilla/5.0 zgrab/0.x','YTozOntzOjY6Il90b2tlbiI7czo0MDoiUVN4TUxCcW5BaEFwUUlaR0ZjeWNQMlF0TXBaS28xdW45SzFlR2ZqRiI7czo5OiJfcHJldmlvdXMiO2E6MTp7czozOiJ1cmwiO3M6MjE6Imh0dHBzOi8vNTIuOTAuMjQwLjIzOSI7fXM6NjoiX2ZsYXNoIjthOjI6e3M6Mzoib2xkIjthOjA6e31zOjM6Im5ldyI7YTowOnt9fX0=',1551420049),('lRRpsfqJuMsRHffCsQpE4CgGXd6a1HT1GXznxIR8',NULL,'176.32.33.80','python-requests/2.6.0 CPython/2.7.5 Linux/3.10.0-957.1.3.el7.x86_64','YTozOntzOjY6Il90b2tlbiI7czo0MDoiSkJJeTBCTkZ5T2pzNmZEZEVGcWxOZFhlTHliVVJqRVRsdnhwbmJJYSI7czo5OiJfcHJldmlvdXMiO2E6MTp7czozOiJ1cmwiO3M6MjE6Imh0dHBzOi8vNTIuOTAuMjQwLjIzOSI7fXM6NjoiX2ZsYXNoIjthOjI6e3M6Mzoib2xkIjthOjA6e31zOjM6Im5ldyI7YTowOnt9fX0=',1551757601),('LXwQTaWd9ryTwErEO0V5H9QfFRVa2iVx99C5qWyX',NULL,'46.17.47.164','python-requests/2.20.1','YTozOntzOjY6Il90b2tlbiI7czo0MDoicG5FSng4RUpiM3JaY0cxM0ppbXNlS0dnZmFyRlA0MXU5cDNGTEc1MyI7czo5OiJfcHJldmlvdXMiO2E6MTp7czozOiJ1cmwiO3M6MzI6Imh0dHBzOi8vNTIuOTAuMjQwLjIzOS9yZWNvcmRpbmdzIjt9czo2OiJfZmxhc2giO2E6Mjp7czozOiJvbGQiO2E6MDp7fXM6MzoibmV3IjthOjA6e319fQ==',1552265002),('m5ziy1fZCYLImeabwP7lUJpvHzAAMglNp8DonMMS',NULL,'3.95.235.247','Mozilla/5.0 (Macintosh; Intel Mac OS X 10_11_5) AppleWebKit/537.36 (KHTML, like Gecko) Chrome/50.0.2661.102 Safari/537.36','YTozOntzOjY6Il90b2tlbiI7czo0MDoiVDZoQ05rSDdDUnJPajNIdHBWOWVyeGZRdktqSlNWZkFuTVJHVmYzWiI7czo5OiJfcHJldmlvdXMiO2E6MTp7czozOiJ1cmwiO3M6MjE6Imh0dHBzOi8vNTIuOTAuMjQwLjIzOSI7fXM6NjoiX2ZsYXNoIjthOjI6e3M6Mzoib2xkIjthOjA6e31zOjM6Im5ldyI7YTowOnt9fX0=',1552375330),('MbIgATKf3dqhQByt1r7vQNXSZhhV2eMQazYugvbz',NULL,'35.196.243.255','MailChimp','YToyOntzOjY6Il90b2tlbiI7czo0MDoiYkhsSnpsY21JU01vQmpGSWt6SVBRQ2w1c1NwekFBUkQwdFhwOWtkUCI7czo2OiJfZmxhc2giO2E6Mjp7czozOiJvbGQiO2E6MDp7fXM6MzoibmV3IjthOjA6e319fQ==',1551311372),('mlBLmmURZaMeKUNf7K3ZQZPBs6QichsvwsRzUQd1',NULL,'74.82.47.3','','YTozOntzOjY6Il90b2tlbiI7czo0MDoiazd2VTFWcDlDZmd4MVhjbXZmRkxiNEJjSzh1QXFRTmQ5cnJvWmE0QSI7czo5OiJfcHJldmlvdXMiO2E6MTp7czozOiJ1cmwiO3M6MjE6Imh0dHBzOi8vNTIuOTAuMjQwLjIzOSI7fXM6NjoiX2ZsYXNoIjthOjI6e3M6Mzoib2xkIjthOjA6e31zOjM6Im5ldyI7YTowOnt9fX0=',1551632303),('MrQN8GSY75T8NA0CvJ8JbQKvXsTjwSIbh8CdLnvc',NULL,'35.243.132.22','MailChimp','YToyOntzOjY6Il90b2tlbiI7czo0MDoibGZXUTNkcXBkYUtFUTFmM0VId1dnamZHMkJPbEd3aFpzMDdha0RJMCI7czo2OiJfZmxhc2giO2E6Mjp7czozOiJvbGQiO2E6MDp7fXM6MzoibmV3IjthOjA6e319fQ==',1552421223),('mXcFBX2qibi8Lytw8VfNbdTTFDSaWIiejwOQlyWo',NULL,'176.32.33.80','python-requests/2.6.0 CPython/2.7.5 Linux/3.10.0-957.1.3.el7.x86_64','YTozOntzOjY6Il90b2tlbiI7czo0MDoiU1ljR0xqb2YzSXR2VWtVNU5LTm96OWt6Nlg3ZVlLdHd3QXpHakRBUSI7czo5OiJfcHJldmlvdXMiO2E6MTp7czozOiJ1cmwiO3M6Njk6Imh0dHBzOi8vNTIuOTAuMjQwLjIzOS9hMmJpbGxpbmcvY3VzdG9tZXIvdGVtcGxhdGVzL2RlZmF1bHQvZm9vdGVyLnRwbCI7fXM6NjoiX2ZsYXNoIjthOjI6e3M6Mzoib2xkIjthOjA6e31zOjM6Im5ldyI7YTowOnt9fX0=',1551865952),('NbEsaDZeFwwpsODx8qL60P2eFtm5PldH1cT5WQMi',NULL,'35.237.250.216','MailChimp','YToyOntzOjY6Il90b2tlbiI7czo0MDoiajUxMFZiWFJIM1RMRmNkWDllZ1ByZ2JOdHpZRFcyTUNvT296T1JKNCI7czo2OiJfZmxhc2giO2E6Mjp7czozOiJvbGQiO2E6MDp7fXM6MzoibmV3IjthOjA6e319fQ==',1551823436),('nbr4dK0UKolpUK41yAvd7PJRfl23cpDhZXuLag4I',NULL,'104.248.15.184','Mozilla/5.0 (Macintosh; Intel Mac OS X 10_13_6) AppleWebKit/537.36 (KHTML, like Gecko) Chrome/68.0.3440.106 Safari/537.36','YTozOntzOjY6Il90b2tlbiI7czo0MDoiZnZOSUxraDhINW1BVlJNUlFFV1ZiUHd6cnhHTEdIdHlFTUYwdXlleiI7czo5OiJfcHJldmlvdXMiO2E6MTp7czozOiJ1cmwiO3M6MjE6Imh0dHBzOi8vNTIuOTAuMjQwLjIzOSI7fXM6NjoiX2ZsYXNoIjthOjI6e3M6Mzoib2xkIjthOjA6e31zOjM6Im5ldyI7YTowOnt9fX0=',1552214693),('NT7eVXa1FrCiJftyOaAxSEHPXKqJ8oS1132iNw8v',NULL,'35.227.119.73','MailChimp','YToyOntzOjY6Il90b2tlbiI7czo0MDoiMlZtUmtrMzE0Rmt3NXhDbExrMVJJZG54WXZ4RUZ3bzd1OFhHT3FEeCI7czo2OiJfZmxhc2giO2E6Mjp7czozOiJvbGQiO2E6MDp7fXM6MzoibmV3IjthOjA6e319fQ==',1552310073),('ObdHQqmrSPOohlniL1exqzdwMjE5YBaPpcRjJh00',NULL,'71.6.232.7','Mozilla/5.0 (Windows NT 10.0; Win64; x64) AppleWebKit/537.36 (KHTML, like Gecko) Chrome/57.0.2987.133 Safari/537.36','YTozOntzOjY6Il90b2tlbiI7czo0MDoiY1BEeDdTUGVpalFjUnFQaUlPT1RiQllTelBXYmhWN3lkRDRXYmVMRiI7czo5OiJfcHJldmlvdXMiO2E6MTp7czozOiJ1cmwiO3M6MjE6Imh0dHBzOi8vNTIuOTAuMjQwLjIzOSI7fXM6NjoiX2ZsYXNoIjthOjI6e3M6Mzoib2xkIjthOjA6e31zOjM6Im5ldyI7YTowOnt9fX0=',1552354153),('oNlPH6WDxNN9ohb9GlmKDdi3J4LMhgyWXZpsrO8W',NULL,'34.73.228.120','MailChimp','YToyOntzOjY6Il90b2tlbiI7czo0MDoiaUlEbkVualEyZ3gzUzk0Z0dWWklsSlVDTjVyVzNBMGJ0Zzl1T2oyaCI7czo2OiJfZmxhc2giO2E6Mjp7czozOiJvbGQiO2E6MDp7fXM6MzoibmV3IjthOjA6e319fQ==',1552317612),('OUNSZq7tAsLzCG4yhdqYlUtdSGZANdprKUWfy2UR',NULL,'159.65.65.115','Mozilla/5.0 (Macintosh; Intel Mac OS X 10_11_6) AppleWebKit/537.36 (KHTML, like Gecko) Chrome/53.0.2785.143 Safari/537.36','YTozOntzOjY6Il90b2tlbiI7czo0MDoiNmloTmlpVTlsd1FKeEdta0RITzJBcDFCY3BBMlYyR2lKOTR0MUFUbyI7czo5OiJfcHJldmlvdXMiO2E6MTp7czozOiJ1cmwiO3M6Mjk6Imh0dHBzOi8vNTIuOTAuMjQwLjIzOS9wb2x5Y29tIjt9czo2OiJfZmxhc2giO2E6Mjp7czozOiJvbGQiO2E6MDp7fXM6MzoibmV3IjthOjA6e319fQ==',1552214628),('oWqN0fF3PKvcldsl3FAVGlNB979ZDuAwjgGn5CcN',NULL,'94.251.80.158','Mozilla/5.0 (Macintosh; Intel Mac OS X 10_14_0) AppleWebKit/537.36 (KHTML, like Gecko) Chrome/75.0.3730.0 Safari/537.36','YTozOntzOjY6Il90b2tlbiI7czo0MDoicXZqeUIwVE1yeThaSzVleDlNb3dPTTNnWVhmajRIaEJwZ0s0T3RKSSI7czo5OiJfcHJldmlvdXMiO2E6MTp7czozOiJ1cmwiO3M6Mzg6Imh0dHBzOi8vc3RhZ2luZy41MmZyYW1lcy5jb20vYXBpL2FsYnVtIjt9czo2OiJfZmxhc2giO2E6Mjp7czozOiJvbGQiO2E6MDp7fXM6MzoibmV3IjthOjA6e319fQ==',1552388484),('oZLy1XYygAka8yHzHtZgVtPhzdVCq0CEVplohtmD',NULL,'35.196.243.255','MailChimp','YToyOntzOjY6Il90b2tlbiI7czo0MDoiVVdVR1FnOVFldXdRTFd6RUQzaEN6SGVqT3BpSW84T2EyU3NjVzZLUCI7czo2OiJfZmxhc2giO2E6Mjp7czozOiJvbGQiO2E6MDp7fXM6MzoibmV3IjthOjA6e319fQ==',1551658807),('p01e5H9t3ChHMlfeev4XCZD9aRlgFqdD1ggg8YkH',NULL,'213.32.79.112','python-requests/2.20.0','YTozOntzOjY6Il90b2tlbiI7czo0MDoiZEtYWTQ3ZEwwcTdzekh3VFY2aERNVk1ZSU9oY2ZKYmF5ZmtrRk1HVCI7czo5OiJfcHJldmlvdXMiO2E6MTp7czozOiJ1cmwiO3M6MzM6Imh0dHBzOi8vNTIuOTAuMjQwLjIzOS9hcGkvdjEvcG9kcyI7fXM6NjoiX2ZsYXNoIjthOjI6e3M6Mzoib2xkIjthOjA6e31zOjM6Im5ldyI7YTowOnt9fX0=',1551389197),('p8osZ9BEAHV6Wm4nbxgJaqNVdKisA4zTHPbKsYHI',NULL,'213.32.79.112','python-requests/2.20.0','YTozOntzOjY6Il90b2tlbiI7czo0MDoiOEpGVndQNG9Ebnh1WG5ucUExYkpFUDdXejdXdWkzYVRQcDdyMlUxQiI7czo5OiJfcHJldmlvdXMiO2E6MTp7czozOiJ1cmwiO3M6MzY6Imh0dHBzOi8vNTIuOTAuMjQwLjIzOS9hcGkvdjEvc2VjcmV0cyI7fXM6NjoiX2ZsYXNoIjthOjI6e3M6Mzoib2xkIjthOjA6e31zOjM6Im5ldyI7YTowOnt9fX0=',1551389197),('paS1kkPjY43mWCvaSgv3ZKj7EXdUB23NASeSM74o',NULL,'68.183.153.68','Mozilla/5.0 (compatible; NetcraftSurveyAgent/1.0; +info@netcraft.com)','YTozOntzOjY6Il90b2tlbiI7czo0MDoiZGN2c09NMlo1eHdHRWJmUnBxMDJmMHBnZDhud1I0MkVlNm5PSTVYQSI7czo5OiJfcHJldmlvdXMiO2E6MTp7czozOiJ1cmwiO3M6MjE6Imh0dHBzOi8vNTIuOTAuMjQwLjIzOSI7fXM6NjoiX2ZsYXNoIjthOjI6e3M6Mzoib2xkIjthOjA6e31zOjM6Im5ldyI7YTowOnt9fX0=',1551956831),('PDGu7iigvbdy5WqBeh9Kash3qCDvW8R1F0Bhq7lP',NULL,'147.135.6.45','python-requests/2.6.0 CPython/2.7.5 Linux/4.9.160-xxxx-std-ipv6-64','YTozOntzOjY6Il90b2tlbiI7czo0MDoiQm1USENVY1lZOGZPZ3ZtTHpqbnhUYnpwMU14bVBlNmxjOGN2THF2VSI7czo5OiJfcHJldmlvdXMiO2E6MTp7czozOiJ1cmwiO3M6Mzk6Imh0dHBzOi8vNTIuOTAuMjQwLjIzOS8vYWRtaW4vY29uZmlnLnBocCI7fXM6NjoiX2ZsYXNoIjthOjI6e3M6Mzoib2xkIjthOjA6e31zOjM6Im5ldyI7YTowOnt9fX0=',1552309937),('PDrzvRvaqnNMqD3Q5DasZlnRDTFA3iGPUdk26zrn',NULL,'46.17.47.164','python-requests/2.20.1','YTozOntzOjY6Il90b2tlbiI7czo0MDoiR2NLWlhTeXpCOVVCTm1IN2FkMVZOdkQ0OUI1QnRTYUh2RzRqS0dURCI7czo5OiJfcHJldmlvdXMiO2E6MTp7czozOiJ1cmwiO3M6MjE6Imh0dHBzOi8vNTIuOTAuMjQwLjIzOSI7fXM6NjoiX2ZsYXNoIjthOjI6e3M6Mzoib2xkIjthOjA6e31zOjM6Im5ldyI7YTowOnt9fX0=',1552274312),('PE5eQ5UftzcgsvLpUmC4J123jKqiLkqBPgCqEW8W',NULL,'176.32.33.80','python-requests/2.6.0 CPython/2.7.5 Linux/3.10.0-957.1.3.el7.x86_64','YTozOntzOjY6Il90b2tlbiI7czo0MDoiZnJIMUQ3NzlCUXBoem8zRjFEaERHS1RsRzAwTkpNYUp4UVZtYVpJYyI7czo5OiJfcHJldmlvdXMiO2E6MTp7czozOiJ1cmwiO3M6MjE6Imh0dHBzOi8vNTIuOTAuMjQwLjIzOSI7fXM6NjoiX2ZsYXNoIjthOjI6e3M6Mzoib2xkIjthOjA6e31zOjM6Im5ldyI7YTowOnt9fX0=',1551783562),('pEHRv1lQQHowrKkbzPWZJ4zOIRTBOCMfy2qVtNJk',NULL,'218.211.168.178','Mozilla/5.0','YTozOntzOjY6Il90b2tlbiI7czo0MDoiTWxKcHFHU05WTEhKbU5DalI2ZzNXaXFMUVRjMkdDeHg4SUVGSTB1dyI7czo5OiJfcHJldmlvdXMiO2E6MTp7czozOiJ1cmwiO3M6MjE6Imh0dHBzOi8vNTIuOTAuMjQwLjIzOSI7fXM6NjoiX2ZsYXNoIjthOjI6e3M6Mzoib2xkIjthOjA6e31zOjM6Im5ldyI7YTowOnt9fX0=',1551958789),('pEZqRviYOnCYGJUldmSXbx1Pze5xd3nfzuieMsmw',NULL,'184.105.139.67','','YTozOntzOjY6Il90b2tlbiI7czo0MDoiaFJMWFVSM1NralZmOGlySElIOXJaMEQwbFk5T2taS1JlN0hURzA4NiI7czo5OiJfcHJldmlvdXMiO2E6MTp7czozOiJ1cmwiO3M6MjE6Imh0dHBzOi8vNTIuOTAuMjQwLjIzOSI7fXM6NjoiX2ZsYXNoIjthOjI6e3M6Mzoib2xkIjthOjA6e31zOjM6Im5ldyI7YTowOnt9fX0=',1552322851),('PkaJtzDxx4duh68JWpwiQqHwsRAqlVFEMHaVvqET',NULL,'71.6.232.7','Mozilla/5.0 (Windows NT 10.0; Win64; x64) AppleWebKit/537.36 (KHTML, like Gecko) Chrome/57.0.2987.133 Safari/537.36','YTozOntzOjY6Il90b2tlbiI7czo0MDoiYWJrVjAxZ2pZQjlIckg4S1NBYzJxQ2hSQ3BGMmI1THlENllyT1d2cSI7czo5OiJfcHJldmlvdXMiO2E6MTp7czozOiJ1cmwiO3M6MjE6Imh0dHBzOi8vNTIuOTAuMjQwLjIzOSI7fXM6NjoiX2ZsYXNoIjthOjI6e3M6Mzoib2xkIjthOjA6e31zOjM6Im5ldyI7YTowOnt9fX0=',1551244482),('pLgHea94ft8TDkB5CxfcyuaR70IQRY5iqIw0eavY',NULL,'35.237.250.216','MailChimp','YToyOntzOjY6Il90b2tlbiI7czo0MDoiNmZHTU9PQWtyeTFXWkk3NXQyUGFjSERZSzZkazdkV3YzYUlWNDJQeSI7czo2OiJfZmxhc2giO2E6Mjp7czozOiJvbGQiO2E6MDp7fXM6MzoibmV3IjthOjA6e319fQ==',1551706656),('plHkUABEgQ0xmNbt1Fku6tCfqw3bM6GwbbswX5Tw',NULL,'34.73.117.195','MailChimp','YToyOntzOjY6Il90b2tlbiI7czo0MDoiUkRvdG4zWVJvY0haVndRRlNQcFdmSkZLdllBY1JnM1REUUxxVHFCdCI7czo2OiJfZmxhc2giO2E6Mjp7czozOiJvbGQiO2E6MDp7fXM6MzoibmV3IjthOjA6e319fQ==',1551999908),('Pt8NdHffnnXHOPmBjxRc9YEDwNs70PyEjrrmqpce',NULL,'34.73.117.195','MailChimp','YToyOntzOjY6Il90b2tlbiI7czo0MDoieHA1Q2hGdGFiSlpIWXJNOWpiek9FbXR2OHVLRXBzU0hDQ0sycDVidSI7czo2OiJfZmxhc2giO2E6Mjp7czozOiJvbGQiO2E6MDp7fXM6MzoibmV3IjthOjA6e319fQ==',1552424073),('pXb31XP1RfAu5ZZiJxnSzPMLi70op9Ifh0PWbfrx',NULL,'122.228.19.80','Mozilla/5.0 (Windows NT 10.0; Win64; x64) AppleWebKit/537.36 (KHTML, like Gecko) Chrome/72.0.3626.119 Safari/537.36','YTozOntzOjY6Il90b2tlbiI7czo0MDoieUR3SnE1OTdmT0pTWTdwUm9RcDNDVmdNQlZRNlFibmlQTWtoN0FNQSI7czo5OiJfcHJldmlvdXMiO2E6MTp7czozOiJ1cmwiO3M6MTExOiJodHRwczovLzUyLjkwLjI0MC4yMzkvbWFodWEvdi8yMDE5MDIxMi84ZGZjYjIxOTJhNTA1MmU1YTE1MmI5ZDgxMTUyMDFhZl8yNGYzZmEwY2JjMDA0NzRmYWIxNjEwMTgxMTkxYjA5Y18wLm0zdTgiO31zOjY6Il9mbGFzaCI7YToyOntzOjM6Im9sZCI7YTowOnt9czozOiJuZXciO2E6MDp7fX19',1551858872),('qG9IOj6PKwanZ257zwgr0j6cOYAqd68A3dVwRn54',NULL,'35.196.243.255','MailChimp','YToyOntzOjY6Il90b2tlbiI7czo0MDoia1I1RnFYQlNtdTBnYjZhb3JqSTRLcFJkb3RKQ3Npc2pVWlU3MDNvYyI7czo2OiJfZmxhc2giO2E6Mjp7czozOiJvbGQiO2E6MDp7fXM6MzoibmV3IjthOjA6e319fQ==',1552325151),('qMcdXuI1Lblh25IxHFemHI5iklRMXb3xwPttVovc',NULL,'198.108.66.192','Mozilla/5.0 zgrab/0.x','YTozOntzOjY6Il90b2tlbiI7czo0MDoiZ3NMYWw0bGJWUmVOT0V1S1NwUkQ5NHNNalZyRHI2Z3hyTjVjN2dVVyI7czo5OiJfcHJldmlvdXMiO2E6MTp7czozOiJ1cmwiO3M6MjE6Imh0dHBzOi8vNTIuOTAuMjQwLjIzOSI7fXM6NjoiX2ZsYXNoIjthOjI6e3M6Mzoib2xkIjthOjA6e31zOjM6Im5ldyI7YTowOnt9fX0=',1551811930),('qp9Sn3nXapLIZA4spbw2kPIQtg4MkrG5hA5LV0XC',NULL,'35.227.119.73','MailChimp','YToyOntzOjY6Il90b2tlbiI7czo0MDoiZGowUEZtMFQzREpXMENwM2FETm1mNmRYMjFCOHUzTDJpSnUyb2dDZCI7czo2OiJfZmxhc2giO2E6Mjp7czozOiJvbGQiO2E6MDp7fXM6MzoibmV3IjthOjA6e319fQ==',1552290694),('Qw43ptbiu0BK1GWJTWnvjxrXYpLfTnt3OeJu6CVm',NULL,'35.227.119.73','MailChimp','YToyOntzOjY6Il90b2tlbiI7czo0MDoidjRDZGVHZVh4QzV4TDJiUkdLb1Q0S0pUcnJIdWkwV3JncTlIaERLQyI7czo2OiJfZmxhc2giO2E6Mjp7czozOiJvbGQiO2E6MDp7fXM6MzoibmV3IjthOjA6e319fQ==',1551816730),('rA9Fe7bFCEAu382LoloTaMno1gn9cgT8OQjsqyKy',NULL,'194.99.105.75','Go-http-client/1.1','YTozOntzOjY6Il90b2tlbiI7czo0MDoiaDlUam9zNlYxc2FZb1Z2dmJpUWJLMW1JZmJmbGJ1bmhxVExSQUZrMSI7czo5OiJfcHJldmlvdXMiO2E6MTp7czozOiJ1cmwiO3M6MjE6Imh0dHBzOi8vNTIuOTAuMjQwLjIzOSI7fXM6NjoiX2ZsYXNoIjthOjI6e3M6Mzoib2xkIjthOjA6e31zOjM6Im5ldyI7YTowOnt9fX0=',1551778754),('reDI5tXapXXSZOtyTsZHbZX8QZN3RzD3fC6j44oZ',NULL,'171.244.38.133','Mozilla/5.0 zgrab/0.x','YTozOntzOjY6Il90b2tlbiI7czo0MDoiQUkyV0tZZURQakcyRWVoNHVaQVpFNzJ6aTZqSWlZTDlGejg2QkdCdiI7czo5OiJfcHJldmlvdXMiO2E6MTp7czozOiJ1cmwiO3M6MjE6Imh0dHBzOi8vNTIuOTAuMjQwLjIzOSI7fXM6NjoiX2ZsYXNoIjthOjI6e3M6Mzoib2xkIjthOjA6e31zOjM6Im5ldyI7YTowOnt9fX0=',1552024668),('rW9QP2OoU3t1vSdCg0SnPYvVvYMIsjdRGTMWpnUH',NULL,'34.73.117.195','MailChimp','YToyOntzOjY6Il90b2tlbiI7czo0MDoiQUhLUTRwRUdHS3lEZzlFckVHc3lFdWROZmRobkJLSmNFVGg0Rzk1VSI7czo2OiJfZmxhc2giO2E6Mjp7czozOiJvbGQiO2E6MDp7fXM6MzoibmV3IjthOjA6e319fQ==',1551735936),('RWkJbxupezFl3nBVIosZVBOn1d7JL3EzsBvfpefb',NULL,'107.6.169.250','Mozilla/5.0 (Windows NT 10.0; WOW64) AppleWebKit/537.36 (KHTML, like Gecko) Chrome/66.0.3359.117 Safari/537.36','YTozOntzOjY6Il90b2tlbiI7czo0MDoiZG1sT0t1Wmt4QzZ2RVVhRHlOZHJ5MUVWYVR1RVdEQWdyUFNFbnhHZCI7czo5OiJfcHJldmlvdXMiO2E6MTp7czozOiJ1cmwiO3M6MjE6Imh0dHBzOi8vNTIuOTAuMjQwLjIzOSI7fXM6NjoiX2ZsYXNoIjthOjI6e3M6Mzoib2xkIjthOjA6e31zOjM6Im5ldyI7YTowOnt9fX0=',1552196430),('s0UVlxJdTGfMJNfCl0LOj49qWohPA7NXI9aMXz56',NULL,'176.32.33.80','python-requests/2.6.0 CPython/2.7.5 Linux/3.10.0-957.1.3.el7.x86_64','YTozOntzOjY6Il90b2tlbiI7czo0MDoiR2N2ZzBGZ2FiYXluWThjcmZrcEhEdU1Zbk1LZzhOcVlONVZMZWxaNyI7czo5OiJfcHJldmlvdXMiO2E6MTp7czozOiJ1cmwiO3M6MzI6Imh0dHBzOi8vNTIuOTAuMjQwLjIzOS9yZWNvcmRpbmdzIjt9czo2OiJfZmxhc2giO2E6Mjp7czozOiJvbGQiO2E6MDp7fXM6MzoibmV3IjthOjA6e319fQ==',1551771988),('S6TTAQwfRAEc27D3BSSELlxBA1P4i08UbOkdI1DZ',NULL,'74.82.47.3','','YTozOntzOjY6Il90b2tlbiI7czo0MDoiM3c0eUxBazV3YXN1cXZFT29BZ3IwSVMwSWhqRUpwbmZQOHkzbjVSNCI7czo5OiJfcHJldmlvdXMiO2E6MTp7czozOiJ1cmwiO3M6MjE6Imh0dHBzOi8vNTIuOTAuMjQwLjIzOSI7fXM6NjoiX2ZsYXNoIjthOjI6e3M6Mzoib2xkIjthOjA6e31zOjM6Im5ldyI7YTowOnt9fX0=',1552154884),('seIjRkwd36MHi3KqDL0JCXvUOMAcGQv7jSC8wvqP',NULL,'52.114.75.71','Mozilla/5.0 (Windows NT 6.1; WOW64) SkypeUriPreview Preview/0.5','YTozOntzOjY6Il90b2tlbiI7czo0MDoiZnY0V2NuRHFLMWhUU09aQlc5RFB2Qmw5SUhHZXpYMmpCTmltRUhVaSI7czo5OiJfcHJldmlvdXMiO2E6MTp7czozOiJ1cmwiO3M6Mjg6Imh0dHBzOi8vc3RhZ2luZy41MmZyYW1lcy5jb20iO31zOjY6Il9mbGFzaCI7YToyOntzOjM6Im9sZCI7YTowOnt9czozOiJuZXciO2E6MDp7fX19',1551861469),('seuD1pTz3IapU3fApePCgxwBV8mBxoGyOuwp8Q30',NULL,'46.17.47.164','python-requests/2.20.1','YTozOntzOjY6Il90b2tlbiI7czo0MDoiYzl6Z1R3RDJ2TUNhSVl2S3FQYjJFUnFSRTVGcG02ZTQyRHRXREpHaCI7czo5OiJfcHJldmlvdXMiO2E6MTp7czozOiJ1cmwiO3M6Njk6Imh0dHBzOi8vNTIuOTAuMjQwLjIzOS9hMmJpbGxpbmcvY3VzdG9tZXIvdGVtcGxhdGVzL2RlZmF1bHQvZm9vdGVyLnRwbCI7fXM6NjoiX2ZsYXNoIjthOjI6e3M6Mzoib2xkIjthOjA6e31zOjM6Im5ldyI7YTowOnt9fX0=',1552260244),('sFsxHggDvm3vlu5YIlkYyCZZBWWVJTM8v8D1BoKo',NULL,'213.32.79.112','python-requests/2.20.0','YTozOntzOjY6Il90b2tlbiI7czo0MDoiS0RLV2x2bzZmbE5oOGdjdEg3T1dVeEMwbjBoQWdrVGZWazRMMGtRciI7czo5OiJfcHJldmlvdXMiO2E6MTp7czozOiJ1cmwiO3M6Mjg6Imh0dHBzOi8vNTIuOTAuMjQwLjIzOS9hcGkvdjEiO31zOjY6Il9mbGFzaCI7YToyOntzOjM6Im9sZCI7YTowOnt9czozOiJuZXciO2E6MDp7fX19',1551389196),('soTvpXgG5feHgrcHkKwIV5A09JOOS5dbZJNGTRhV',NULL,'5.129.139.61','WhatsApp/0.3.2276 N','YTozOntzOjY6Il90b2tlbiI7czo0MDoia28yUEM0S2RiTHFsakpFYWRHZVlISE9yOW5UYjNxRGxMbEdGdlFFZCI7czo5OiJfcHJldmlvdXMiO2E6MTp7czozOiJ1cmwiO3M6Mjg6Imh0dHBzOi8vc3RhZ2luZy41MmZyYW1lcy5jb20iO31zOjY6Il9mbGFzaCI7YToyOntzOjM6Im9sZCI7YTowOnt9czozOiJuZXciO2E6MDp7fX19',1551862030),('SOXLQdYk57uEGSYXNglWnTvgOEb29llMzwzCswLU',NULL,'178.128.29.142','Mozilla/5.0 zgrab/0.x','YTozOntzOjY6Il90b2tlbiI7czo0MDoidUtBSXhvT2hNZ0VaM3ZxNFJGYjhNdlVxeGlHd0E3Rm9UeVp6UGg5OSI7czo5OiJfcHJldmlvdXMiO2E6MTp7czozOiJ1cmwiO3M6MjE6Imh0dHBzOi8vNTIuOTAuMjQwLjIzOSI7fXM6NjoiX2ZsYXNoIjthOjI6e3M6Mzoib2xkIjthOjA6e31zOjM6Im5ldyI7YTowOnt9fX0=',1552239267),('SpD8lgBZuhHLHADSqaUt6LjisoQTb9ZWs6EE22IV',NULL,'74.82.47.2','','YTozOntzOjY6Il90b2tlbiI7czo0MDoiRWhUZkFPVExxZE5EeGJMRGNrMU5kNXFDNkF0ZUpVdk9EQXJqekhoSiI7czo5OiJfcHJldmlvdXMiO2E6MTp7czozOiJ1cmwiO3M6MjE6Imh0dHBzOi8vNTIuOTAuMjQwLjIzOSI7fXM6NjoiX2ZsYXNoIjthOjI6e3M6Mzoib2xkIjthOjA6e31zOjM6Im5ldyI7YTowOnt9fX0=',1551718936),('spIUb4KPxYlUq728ivQoqRtOodyOkO1c5hkRlBTy',NULL,'60.191.38.77','Mozilla/5.0 (Macintosh; Intel Mac OS X 10.11; rv:47.0) Gecko/20100101 Firefox/47.0','YTozOntzOjY6Il90b2tlbiI7czo0MDoiSzB0SlFqb3FFWmtYQUNyZURIUWNibWNvOVU3eGpTZDVXRktjeXl0VCI7czo5OiJfcHJldmlvdXMiO2E6MTp7czozOiJ1cmwiO3M6Mjg6Imh0dHBzOi8vc3RhZ2luZy41MmZyYW1lcy5jb20iO31zOjY6Il9mbGFzaCI7YToyOntzOjM6Im9sZCI7YTowOnt9czozOiJuZXciO2E6MDp7fX19',1551353903),('sTLsplX2leJhjtGuqXKawUjOClC0hykEnfl9hltR',NULL,'176.32.33.80','python-requests/2.6.0 CPython/2.7.5 Linux/3.10.0-957.1.3.el7.x86_64','YTozOntzOjY6Il90b2tlbiI7czo0MDoiNEF4NVd2NURxdUFFSzg0ZkZveldSSXZjb3VvSE5HTnByNVp6M3pzaCI7czo5OiJfcHJldmlvdXMiO2E6MTp7czozOiJ1cmwiO3M6MzI6Imh0dHBzOi8vNTIuOTAuMjQwLjIzOS9yZWNvcmRpbmdzIjt9czo2OiJfZmxhc2giO2E6Mjp7czozOiJvbGQiO2E6MDp7fXM6MzoibmV3IjthOjA6e319fQ==',1551770064),('svkYbTlQ04uMFEwspDXK5ONPVSwwKM0VnY266q40',NULL,'176.32.33.80','python-requests/2.6.0 CPython/2.7.5 Linux/3.10.0-957.1.3.el7.x86_64','YTozOntzOjY6Il90b2tlbiI7czo0MDoibzhXUW95VGVNYUlHWnBGb2liWjZNYXNnak1DbDd4WkxzOWgzYUhwdyI7czo5OiJfcHJldmlvdXMiO2E6MTp7czozOiJ1cmwiO3M6MjE6Imh0dHBzOi8vNTIuOTAuMjQwLjIzOSI7fXM6NjoiX2ZsYXNoIjthOjI6e3M6Mzoib2xkIjthOjA6e31zOjM6Im5ldyI7YTowOnt9fX0=',1551861349),('sxq4JnKq7Sz59IlzZMj8yipCh7ikV7ogAjdPpRD9',NULL,'140.82.41.84','Mozilla/5.0 (Windows NT 6.1; Win64; x64) AppleWebKit/537.36 (KHTML, like Gecko) Chrome/72.0.3626.121 Safari/537.36','YTozOntzOjY6Il90b2tlbiI7czo0MDoiV2Z4N2lxcGpuTm5ONm1MOEdOZDR2V1Q3SVZPUm8yaW12Y2JEZ1oyNSI7czo5OiJfcHJldmlvdXMiO2E6MTp7czozOiJ1cmwiO3M6Mzg6Imh0dHBzOi8vc3RhZ2luZy41MmZyYW1lcy5jb20vYXBpL2FsYnVtIjt9czo2OiJfZmxhc2giO2E6Mjp7czozOiJvbGQiO2E6MDp7fXM6MzoibmV3IjthOjA6e319fQ==',1552456735),('tEVBxH5qudCyFHHrHVdH8Ksyj2MA1P3rOmx6DMG0',NULL,'184.105.247.196','','YTozOntzOjY6Il90b2tlbiI7czo0MDoiWEpqZGd6R1lHZ0NzejBKSXBKYVhVcmN5QnY1SkpMR1lxQXJWTnJFdSI7czo5OiJfcHJldmlvdXMiO2E6MTp7czozOiJ1cmwiO3M6MjE6Imh0dHBzOi8vNTQuMTY0LjE1Ni40MiI7fXM6NjoiX2ZsYXNoIjthOjI6e3M6Mzoib2xkIjthOjA6e31zOjM6Im5ldyI7YTowOnt9fX0=',1552414761),('TGrYONZXdn7A39nKdWXZn2nsL0FfY4avxqWwcn6f',NULL,'198.108.66.16','Mozilla/5.0 zgrab/0.x','YTozOntzOjY6Il90b2tlbiI7czo0MDoiZ3g0SGp5UGVFQ3ExVHFDdmp2VXNBc0FTdlNQVmFNMGlia2Q2WE03cCI7czo5OiJfcHJldmlvdXMiO2E6MTp7czozOiJ1cmwiO3M6MjE6Imh0dHBzOi8vNTQuMTY0LjE1Ni40MiI7fXM6NjoiX2ZsYXNoIjthOjI6e3M6Mzoib2xkIjthOjA6e31zOjM6Im5ldyI7YTowOnt9fX0=',1552427827),('tV68BRIOQBJtd2syL2QRSUoBZ7y8Tz1lxGS4RVfd',NULL,'3.84.226.241','node-fetch/1.0 (+https://github.com/bitinn/node-fetch)','YToyOntzOjY6Il90b2tlbiI7czo0MDoiNnJieWxEZE5VQ3Z5d2xkblhtbWU2bFN4enNIVXdqMjc4dlp0OGtXYiI7czo2OiJfZmxhc2giO2E6Mjp7czozOiJvbGQiO2E6MDp7fXM6MzoibmV3IjthOjA6e319fQ==',1551636312),('uAWG6vK7mKiwdpmmeLG3fVyrLQbI0pxOxekSeYtt',NULL,'100.43.91.126','Mozilla/5.0 (compatible; YandexBot/3.0; +http://yandex.com/bots)','YTozOntzOjY6Il90b2tlbiI7czo0MDoiSjI3QmJDNXFkT0RkMHJQYUUyYk1KYzJUT0ZzOXNsQXhyRnF6QXBlQiI7czo5OiJfcHJldmlvdXMiO2E6MTp7czozOiJ1cmwiO3M6Mjg6Imh0dHBzOi8vc3RhZ2luZy41MmZyYW1lcy5jb20iO31zOjY6Il9mbGFzaCI7YToyOntzOjM6Im9sZCI7YTowOnt9czozOiJuZXciO2E6MDp7fX19',1551929096),('uJgjFqvTMbkKRYhnVrIUAjsSmpXX6EiWthynNLQS',NULL,'176.32.33.80','python-requests/2.6.0 CPython/2.7.5 Linux/3.10.0-957.1.3.el7.x86_64','YTozOntzOjY6Il90b2tlbiI7czo0MDoiWjJ5aFRHNTRkMWtPMEU2MWcyaDhUbFJZWVRDejNCd2dBNTdaRFJtUiI7czo5OiJfcHJldmlvdXMiO2E6MTp7czozOiJ1cmwiO3M6MjE6Imh0dHBzOi8vNTIuOTAuMjQwLjIzOSI7fXM6NjoiX2ZsYXNoIjthOjI6e3M6Mzoib2xkIjthOjA6e31zOjM6Im5ldyI7YTowOnt9fX0=',1551862558),('UtdywNt8tQ8zri0Fu24AjT4jS6I93kPubsgwGNg0',NULL,'216.218.206.68','','YTozOntzOjY6Il90b2tlbiI7czo0MDoiNkxkNXZXU3NOTmp6Q2hLOHNLazBDY2lCVUQ1NXVIZWtYYVFpWHlJQSI7czo5OiJfcHJldmlvdXMiO2E6MTp7czozOiJ1cmwiO3M6MjE6Imh0dHBzOi8vNTIuOTAuMjQwLjIzOSI7fXM6NjoiX2ZsYXNoIjthOjI6e3M6Mzoib2xkIjthOjA6e31zOjM6Im5ldyI7YTowOnt9fX0=',1552237300),('uZYGv0RKdxOOrgV4F5LmWFZPN1cUpa7hwk5gpDYg',NULL,'60.191.38.77','Mozilla/5.0 (Macintosh; Intel Mac OS X 10.11; rv:47.0) Gecko/20100101 Firefox/47.0','YTozOntzOjY6Il90b2tlbiI7czo0MDoiR0pvVW05cWpFTGpHZmdBQWtDcUtOMFBLVDN1T3JFbmlPcEpzNThNdSI7czo5OiJfcHJldmlvdXMiO2E6MTp7czozOiJ1cmwiO3M6Mjg6Imh0dHBzOi8vc3RhZ2luZy41MmZyYW1lcy5jb20iO31zOjY6Il9mbGFzaCI7YToyOntzOjM6Im9sZCI7YTowOnt9czozOiJuZXciO2E6MDp7fX19',1552327604),('V5jwBmTW0AfzovWDWv89tjip77FEZ10IMcVRSIHi',NULL,'178.73.215.171','','YTozOntzOjY6Il90b2tlbiI7czo0MDoibTN4TUtiZkxRcG5oRnZPNE5TNmF5MTFVWVZxNWJKRW1HejduTEtHcSI7czo5OiJfcHJldmlvdXMiO2E6MTp7czozOiJ1cmwiO3M6Mjg6Imh0dHBzOi8vc3RhZ2luZy41MmZyYW1lcy5jb20iO31zOjY6Il9mbGFzaCI7YToyOntzOjM6Im9sZCI7YTowOnt9czozOiJuZXciO2E6MDp7fX19',1551283044),('VEhgL0KAAzH0dIyLRSlxMoSc3ckSuSOwSrlymtJ9',NULL,'46.17.47.164','python-requests/2.20.1','YTozOntzOjY6Il90b2tlbiI7czo0MDoiU21id05DWXViSGJwQk1tbW9EaVR6SWhtQURMVzNZeDFSZUtPMkwzSyI7czo5OiJfcHJldmlvdXMiO2E6MTp7czozOiJ1cmwiO3M6MzI6Imh0dHBzOi8vNTIuOTAuMjQwLjIzOS9yZWNvcmRpbmdzIjt9czo2OiJfZmxhc2giO2E6Mjp7czozOiJvbGQiO2E6MDp7fXM6MzoibmV3IjthOjA6e319fQ==',1552264910),('VsS74xNZ19ssYBHFfMYoPr5mD0yxViw1n67PYeum',NULL,'176.32.33.80','python-requests/2.6.0 CPython/2.7.5 Linux/3.10.0-957.1.3.el7.x86_64','YTozOntzOjY6Il90b2tlbiI7czo0MDoiOGo4TGU1N2dTeUZwN29VWTQ3M2VlbTZ2MnBVUFhMZ21WdVR4M21JayI7czo5OiJfcHJldmlvdXMiO2E6MTp7czozOiJ1cmwiO3M6NDk6Imh0dHBzOi8vNTIuOTAuMjQwLjIzOS92dGlnZXJjcm0vdnRpZ2Vyc2VydmljZS5waHAiO31zOjY6Il9mbGFzaCI7YToyOntzOjM6Im9sZCI7YTowOnt9czozOiJuZXciO2E6MDp7fX19',1551871523),('w1SqhH0tolzvhDBmUk1ewaQwSDVUVCDTcvvPsDOZ',NULL,'176.32.33.80','python-requests/2.6.0 CPython/2.7.5 Linux/3.10.0-957.1.3.el7.x86_64','YTozOntzOjY6Il90b2tlbiI7czo0MDoicTdaU3Z1bWZ1SDlrSUw1RXA4TFJzckNCbFZHNlR3dTFuV3c0UW1INSI7czo5OiJfcHJldmlvdXMiO2E6MTp7czozOiJ1cmwiO3M6Njk6Imh0dHBzOi8vNTIuOTAuMjQwLjIzOS9hMmJpbGxpbmcvY3VzdG9tZXIvdGVtcGxhdGVzL2RlZmF1bHQvZm9vdGVyLnRwbCI7fXM6NjoiX2ZsYXNoIjthOjI6e3M6Mzoib2xkIjthOjA6e31zOjM6Im5ldyI7YTowOnt9fX0=',1551864892),('W3F5gEchKJbkLLSGxrcYMXpA14sxNFn9M5fdbCdq',NULL,'176.32.33.80','python-requests/2.6.0 CPython/2.7.5 Linux/3.10.0-957.1.3.el7.x86_64','YTozOntzOjY6Il90b2tlbiI7czo0MDoiTkFhRm9kcmp5eXZIaFZuTnFwSkE4YlQxckltTXN1TEZ4aEZjS0RMZiI7czo5OiJfcHJldmlvdXMiO2E6MTp7czozOiJ1cmwiO3M6Mzk6Imh0dHBzOi8vNTIuOTAuMjQwLjIzOS8vYWRtaW4vY29uZmlnLnBocCI7fXM6NjoiX2ZsYXNoIjthOjI6e3M6Mzoib2xkIjthOjA6e31zOjM6Im5ldyI7YTowOnt9fX0=',1551789735),('WdBARDiTuxYDZKPkV5x9XWoXMw7NuU50dDbctHap',NULL,'122.228.19.79','Mozilla/5.0 (Macintosh; Intel Mac OS X 10.11; rv:47.0) Gecko/20100101 Firefox/47.0','YTozOntzOjY6Il90b2tlbiI7czo0MDoibGZKY0M2Z3ZXNlAyR3BGRWpyTHlEMGg0NjU1aWg0VGsyVXA2U0dpRCI7czo5OiJfcHJldmlvdXMiO2E6MTp7czozOiJ1cmwiO3M6MjE6Imh0dHBzOi8vNTIuOTAuMjQwLjIzOSI7fXM6NjoiX2ZsYXNoIjthOjI6e3M6Mzoib2xkIjthOjA6e31zOjM6Im5ldyI7YTowOnt9fX0=',1552389140),('wEzUH7bBsw9rptDdsKzcsnzCo8EcEZQuOlD6ubm4',NULL,'93.237.4.137','curl/7.43.0','YTozOntzOjY6Il90b2tlbiI7czo0MDoiM2lmYmU2RDBHd0RmQXVKQTNLbXI3aFkycks3dERGaEd2cmYxMFNybCI7czo5OiJfcHJldmlvdXMiO2E6MTp7czozOiJ1cmwiO3M6MjE6Imh0dHBzOi8vNTIuOTAuMjQwLjIzOSI7fXM6NjoiX2ZsYXNoIjthOjI6e3M6Mzoib2xkIjthOjA6e31zOjM6Im5ldyI7YTowOnt9fX0=',1551908509),('wf7JR545yNpadkKEcDfhWgRAH7FriwYXsfZWbiig',NULL,'35.237.250.216','MailChimp','YToyOntzOjY6Il90b2tlbiI7czo0MDoibWZVdzNyeEVRUFdqS291bE50OTNsWDFEOWNzcmVCWUVYV3RUZDI2QyI7czo2OiJfZmxhc2giO2E6Mjp7czozOiJvbGQiO2E6MDp7fXM6MzoibmV3IjthOjA6e319fQ==',1551347010),('wNXHR6RK7LfYFfGSQuwtnpGpVlXB4lpViE1oTE5f',NULL,'125.64.94.201','','YTozOntzOjY6Il90b2tlbiI7czo0MDoicDBwUkpvZUdJZG1DMnoxaUtZU3g4dDQzQU1BbGtPeWdvV0Fvb05YbSI7czo5OiJfcHJldmlvdXMiO2E6MTp7czozOiJ1cmwiO3M6MjE6Imh0dHBzOi8vNTIuOTAuMjQwLjIzOSI7fXM6NjoiX2ZsYXNoIjthOjI6e3M6Mzoib2xkIjthOjA6e31zOjM6Im5ldyI7YTowOnt9fX0=',1551807601),('WWfo2Z44fps6CoOXzb3X1vv7Hr0q84QufyReHyzi',NULL,'71.6.135.131','Mozilla/5.0 (X11; Linux x86_64) AppleWebKit/537.36 (KHTML, like Gecko) Chrome/34.0.1847.137 Safari/537.36','YTozOntzOjY6Il90b2tlbiI7czo0MDoiM1dGSVo2RE9HYnFLRjVUSGh6THhqYUZrb0tVVTRaTEJEU0xsZVNTSSI7czo5OiJfcHJldmlvdXMiO2E6MTp7czozOiJ1cmwiO3M6MjE6Imh0dHBzOi8vNTIuOTAuMjQwLjIzOSI7fXM6NjoiX2ZsYXNoIjthOjI6e3M6Mzoib2xkIjthOjA6e31zOjM6Im5ldyI7YTowOnt9fX0=',1551341663),('WY93yBpRDYthBgLgk6E6s794Oer91ka5jj6EMd3X',NULL,'46.101.106.69','Mozilla/5.0 zgrab/0.x','YTozOntzOjY6Il90b2tlbiI7czo0MDoiTHZVWGhsSjl0WnBtQ1BsUlJoT0x1dE9CTGRhd0IzcW5hbmF4cnI5MyI7czo5OiJfcHJldmlvdXMiO2E6MTp7czozOiJ1cmwiO3M6MjE6Imh0dHBzOi8vNTIuOTAuMjQwLjIzOSI7fXM6NjoiX2ZsYXNoIjthOjI6e3M6Mzoib2xkIjthOjA6e31zOjM6Im5ldyI7YTowOnt9fX0=',1551778471),('XApmK0PUxLvEoYsy4auuDLdQaiMrAQqfNc18DAjQ',NULL,'185.159.157.19','Mozilla/5.0 (Linux; Android 6.0.1; Nexus 6P Build/MMB29P) AppleWebKit/537.36 (KHTML, like Gecko) Chrome/47.0.2526.83 Mobile Safari/537.36','YTozOntzOjY6Il90b2tlbiI7czo0MDoiNXE1bmEwZ0JGeG9YdDFYa0hVd29VZFZiQ2tLQnRXNjUyRFpDd05oRCI7czo5OiJfcHJldmlvdXMiO2E6MTp7czozOiJ1cmwiO3M6Njk6Imh0dHBzOi8vNTIuOTAuMjQwLjIzOS9zLnBocD9jPWVjaG8lMjBhMjM2Mjk5ZjkzZGMxZjQ2OTI0Yzg2YjNlODUzNmVhMyI7fXM6NjoiX2ZsYXNoIjthOjI6e3M6Mzoib2xkIjthOjA6e31zOjM6Im5ldyI7YTowOnt9fX0=',1551779279),('XBX1qjM7tIyVZuh57e0by8o0jCyUa8SXlXzAVeeu',NULL,'35.227.119.73','MailChimp','YToyOntzOjY6Il90b2tlbiI7czo0MDoiV01jN1Mwb1drVFh3S1czd1pLVkRoRzNCRDljSkFLWGpiY3VsTVJjeSI7czo2OiJfZmxhc2giO2E6Mjp7czozOiJvbGQiO2E6MDp7fXM6MzoibmV3IjthOjA6e319fQ==',1552420889),('XLpAX8eGAvd9DKvh38UtXZtINDe91l1uzXyRZ00U',NULL,'140.82.41.84','Mozilla/5.0 (X11; Ubuntu; Linux x86_64; rv:57.0) Gecko/20100101 Firefox/57.0','YTozOntzOjY6Il90b2tlbiI7czo0MDoiRk1rOXByYnZTVnFtOHNpYjBTcFVJdlJPQUdZMnRNMXNMREg2S3J3diI7czo5OiJfcHJldmlvdXMiO2E6MTp7czozOiJ1cmwiO3M6NDU6Imh0dHBzOi8vc3RhZ2luZy41MmZyYW1lcy5jb20vYXBpL2FsYnVtL3JlY2VudCI7fXM6NjoiX2ZsYXNoIjthOjI6e3M6Mzoib2xkIjthOjA6e31zOjM6Im5ldyI7YTowOnt9fX0=',1552389878),('xtQB6906kujHQnBihd4aQu2sYKZj26O1wc4BDlmA',NULL,'176.32.33.80','python-requests/2.6.0 CPython/2.7.5 Linux/3.10.0-957.1.3.el7.x86_64','YTozOntzOjY6Il90b2tlbiI7czo0MDoiczRYQ2FCQVZpY3hnZ0oxUUVpUThYaVBVVW90c0lkaUF1TlNnTWJCTSI7czo5OiJfcHJldmlvdXMiO2E6MTp7czozOiJ1cmwiO3M6Njk6Imh0dHBzOi8vNTIuOTAuMjQwLjIzOS9hMmJpbGxpbmcvY3VzdG9tZXIvdGVtcGxhdGVzL2RlZmF1bHQvZm9vdGVyLnRwbCI7fXM6NjoiX2ZsYXNoIjthOjI6e3M6Mzoib2xkIjthOjA6e31zOjM6Im5ldyI7YTowOnt9fX0=',1551765047),('xY9vxb4Yc0PwUFsDaaWxUN6QjYPT1i6uEzuPHfwl',NULL,'35.196.243.255','MailChimp','YToyOntzOjY6Il90b2tlbiI7czo0MDoiWFR2TkdHR0VoUGFmbDZuRFdtS2RtTTRWU2dva2FaSnN2YnBNYm0zYiI7czo2OiJfZmxhc2giO2E6Mjp7czozOiJvbGQiO2E6MDp7fXM6MzoibmV3IjthOjA6e319fQ==',1551804302),('Y3SYYcyxGcW6dRR0NRgZdmqO6zDTIQxAWpkhJRFN',NULL,'133.18.199.116','Mozilla/5.0 (Windows NT 5.1; rv:9.0.1) Gecko/20100101 Firefox/9.0.1','YTozOntzOjY6Il90b2tlbiI7czo0MDoiV0FVSFphWEZaSFZHdzZCaDdBSzZqOWJDT1FPYkVDU1hxcXdQZkNYNiI7czo5OiJfcHJldmlvdXMiO2E6MTp7czozOiJ1cmwiO3M6MjE6Imh0dHBzOi8vNTIuOTAuMjQwLjIzOSI7fXM6NjoiX2ZsYXNoIjthOjI6e3M6Mzoib2xkIjthOjA6e31zOjM6Im5ldyI7YTowOnt9fX0=',1552313540),('Y4hccJ1sCvpjIuZGrSNaW0HreIIzaCQS3BHRFHx7',NULL,'35.237.250.216','MailChimp','YToyOntzOjY6Il90b2tlbiI7czo0MDoiWmFxV2UyZmhXaU5tWWxNMEFDNU8yOHRYTnFPOURkUHVheVJPVnE3VyI7czo2OiJfZmxhc2giO2E6Mjp7czozOiJvbGQiO2E6MDp7fXM6MzoibmV3IjthOjA6e319fQ==',1551816951),('Yb30mS5mCSmEK8F2CO6txVz4SM47jsva80kX0F1l',NULL,'71.6.232.7','Mozilla/5.0 (Windows NT 10.0; Win64; x64) AppleWebKit/537.36 (KHTML, like Gecko) Chrome/57.0.2987.133 Safari/537.36','YTozOntzOjY6Il90b2tlbiI7czo0MDoibm5UNHRiTGJlTzRsVzNvS1h0eFZaVkhjNVM3SHBzN09vaHRaWGVFUiI7czo5OiJfcHJldmlvdXMiO2E6MTp7czozOiJ1cmwiO3M6MjE6Imh0dHBzOi8vNTQuMTY0LjE1Ni40MiI7fXM6NjoiX2ZsYXNoIjthOjI6e3M6Mzoib2xkIjthOjA6e31zOjM6Im5ldyI7YTowOnt9fX0=',1552407805),('yFzniA5rerVWmnWL2hTtu6DEeEtg6q17EHY4eYFk',NULL,'35.196.243.255','MailChimp','YToyOntzOjY6Il90b2tlbiI7czo0MDoiMnMyd3FZR051c3Jad1h1YzBoVWVJMWpTWVdnOWgxbmoybWFIOUpPYyI7czo2OiJfZmxhc2giO2E6Mjp7czozOiJvbGQiO2E6MDp7fXM6MzoibmV3IjthOjA6e319fQ==',1552286743),('yHV9fOOMyHrLiN17BpYq3Tc9qvrdGMjhQuXAQ1uv',NULL,'100.43.91.126','Mozilla/5.0 (compatible; YandexBot/3.0; +http://yandex.com/bots)','YTozOntzOjY6Il90b2tlbiI7czo0MDoiME84YmdzSGp6azB2TFNTNUdJMGc4T242TGxGcmdEd3NQZlJ6emVKTCI7czo5OiJfcHJldmlvdXMiO2E6MTp7czozOiJ1cmwiO3M6Mjg6Imh0dHBzOi8vc3RhZ2luZy41MmZyYW1lcy5jb20iO31zOjY6Il9mbGFzaCI7YToyOntzOjM6Im9sZCI7YTowOnt9czozOiJuZXciO2E6MDp7fX19',1551500280),('YOaFNKgNrnzcK4gMWqawlHsJt146STk4t5I2hOCn',NULL,'178.62.58.197','Mozilla/5.0 zgrab/0.x','YTozOntzOjY6Il90b2tlbiI7czo0MDoiM2ozZU12VU00TldTQXladERoTFo2NmVxWDNFWGpKbU5QdTdFbmhNRCI7czo5OiJfcHJldmlvdXMiO2E6MTp7czozOiJ1cmwiO3M6MjE6Imh0dHBzOi8vNTIuOTAuMjQwLjIzOSI7fXM6NjoiX2ZsYXNoIjthOjI6e3M6Mzoib2xkIjthOjA6e31zOjM6Im5ldyI7YTowOnt9fX0=',1551408579),('yzIViRH5agz2rkHviC8PBtxJ6wyA0U09Oj5SGNYV',NULL,'35.196.243.255','MailChimp','YToyOntzOjY6Il90b2tlbiI7czo0MDoiWXRsQnFTYjBrVjJaOGZpT2hzUmhQb3prRVY0QWg4ZzJnaDRGQ1RIYSI7czo2OiJfZmxhc2giO2E6Mjp7czozOiJvbGQiO2E6MDp7fXM6MzoibmV3IjthOjA6e319fQ==',1552426919),('Z3KXxCC5tB6NIuMVIIvdXCobym8igxYBDTbpAJ8o',NULL,'35.227.119.73','MailChimp','YToyOntzOjY6Il90b2tlbiI7czo0MDoiam5GVDA5bVM1ZFNERmd0bDhMeDU0V2Y0SjVjMVl5WHQ4cFU1MjIwVSI7czo2OiJfZmxhc2giO2E6Mjp7czozOiJvbGQiO2E6MDp7fXM6MzoibmV3IjthOjA6e319fQ==',1551823141),('zQbWFsa8FjMyno724ANAKjD8Y0e2boerbn2UWsuo',NULL,'34.73.117.195','MailChimp','YToyOntzOjY6Il90b2tlbiI7czo0MDoiYlEyZlRrR2V1eVJ6cTdHWWJQQ0VpUmg5am94YmFSVTZENXZHREpxdSI7czo2OiJfZmxhc2giO2E6Mjp7czozOiJvbGQiO2E6MDp7fXM6MzoibmV3IjthOjA6e319fQ==',1551952408),('ZvUunqXwaLbRmEpurSkvBps1ZDT4xEsxd9lfmwzt',NULL,'113.200.95.86','Mozilla/4.0 (compatible; MSIE 9.0; Windows NT 6.1)','YTozOntzOjY6Il90b2tlbiI7czo0MDoia3JzV015TVlRQTZQY0xYMTN3Sm9iSmxseUNuTkF3OWE2ZjRxZmxVdiI7czo5OiJfcHJldmlvdXMiO2E6MTp7czozOiJ1cmwiO3M6MzQ6Imh0dHBzOi8vNTQuMTY0LjE1Ni40Mi9pbmRleC5hY3Rpb24iO31zOjY6Il9mbGFzaCI7YToyOntzOjM6Im9sZCI7YTowOnt9czozOiJuZXciO2E6MDp7fX19',1552416750),('ZwDnuW3sAUO469a9KlVXHrz0L2L9vstMBBPfGvoN',NULL,'107.170.197.82','Mozilla/5.0 zgrab/0.x','YTozOntzOjY6Il90b2tlbiI7czo0MDoidWtUN0FoOGNPdlRQTTdVcVVSRWh4b29PUVdQSXU2TGFrZTYxbUd3cSI7czo5OiJfcHJldmlvdXMiO2E6MTp7czozOiJ1cmwiO3M6MjE6Imh0dHBzOi8vNTIuOTAuMjQwLjIzOSI7fXM6NjoiX2ZsYXNoIjthOjI6e3M6Mzoib2xkIjthOjA6e31zOjM6Im5ldyI7YTowOnt9fX0=',1551977706),('zYqPk3XWThntJeO02iujEy2PDbTiGLuDicZ3ezcv',NULL,'216.218.206.67','','YTozOntzOjY6Il90b2tlbiI7czo0MDoiT1hBSDl1QnhXVUh3ZXJDWkQ5RXNBTG1YNmFyUEJUSFU4b3Z6eUtobiI7czo5OiJfcHJldmlvdXMiO2E6MTp7czozOiJ1cmwiO3M6MjE6Imh0dHBzOi8vNTIuOTAuMjQwLjIzOSI7fXM6NjoiX2ZsYXNoIjthOjI6e3M6Mzoib2xkIjthOjA6e31zOjM6Im5ldyI7YTowOnt9fX0=',1551543769),('ZyqUcMvAhLx23VLv9HhGOql4n4XHRiZjyQZZ7mst',NULL,'216.218.206.68','','YTozOntzOjY6Il90b2tlbiI7czo0MDoiWEtkR1QzWHNTNFA2clBnT0pDempMMjA3MElVR3dPRW5wRlFpZEY1VyI7czo5OiJfcHJldmlvdXMiO2E6MTp7czozOiJ1cmwiO3M6MjE6Imh0dHBzOi8vNTIuOTAuMjQwLjIzOSI7fXM6NjoiX2ZsYXNoIjthOjI6e3M6Mzoib2xkIjthOjA6e31zOjM6Im5ldyI7YTowOnt9fX0=',1551287074),('zzqJRb47xK6zX7palRlr6IvSLtGWz3hj4F6R91Cp',NULL,'34.73.117.195','MailChimp','YToyOntzOjY6Il90b2tlbiI7czo0MDoiRzBuSnRoaGUzRjdjdDF0SzBsVjY0SVpYSmYyS0lXeVdVYVNDaFJ0dSI7czo2OiJfZmxhc2giO2E6Mjp7czozOiJvbGQiO2E6MDp7fXM6MzoibmV3IjthOjA6e319fQ==',1552016593);
/*!40000 ALTER TABLE `sessions` ENABLE KEYS */;
UNLOCK TABLES;

--
-- Table structure for table `social_accounts`
--

DROP TABLE IF EXISTS `social_accounts`;
/*!40101 SET @saved_cs_client     = @@character_set_client */;
/*!40101 SET character_set_client = utf8 */;
CREATE TABLE `social_accounts` (
  `id` bigint(20) unsigned NOT NULL AUTO_INCREMENT,
  `user_id` bigint(20) unsigned NOT NULL,
  `provider_user_id` varchar(191) COLLATE utf8mb4_unicode_ci NOT NULL,
  `provider` varchar(191) COLLATE utf8mb4_unicode_ci NOT NULL,
  `avatar_small` text COLLATE utf8mb4_unicode_ci,
  `avatar_big` text COLLATE utf8mb4_unicode_ci,
  `profile_url` text COLLATE utf8mb4_unicode_ci,
  `gender` varchar(191) COLLATE utf8mb4_unicode_ci DEFAULT NULL,
  `locale` varchar(191) COLLATE utf8mb4_unicode_ci DEFAULT NULL,
  `timezone` int(11) DEFAULT NULL,
  `created_at` timestamp NULL DEFAULT NULL,
  `updated_at` timestamp NULL DEFAULT NULL,
  PRIMARY KEY (`id`),
  KEY `social_accounts_user_id_foreign` (`user_id`),
  CONSTRAINT `social_accounts_user_id_foreign` FOREIGN KEY (`user_id`) REFERENCES `users` (`id`) ON DELETE CASCADE
) ENGINE=InnoDB AUTO_INCREMENT=26 DEFAULT CHARSET=utf8mb4 COLLATE=utf8mb4_unicode_ci;
/*!40101 SET character_set_client = @saved_cs_client */;

--
-- Dumping data for table `social_accounts`
--

LOCK TABLES `social_accounts` WRITE;
/*!40000 ALTER TABLE `social_accounts` DISABLE KEYS */;
INSERT INTO `social_accounts` VALUES (1,1006,'10207781637059445','facebook','https://graph.facebook.com/v3.0/10207781637059445/picture?type=normal','https://graph.facebook.com/v3.0/10207781637059445/picture?width=1920',NULL,NULL,NULL,NULL,'2018-10-09 17:32:39','2018-10-09 17:32:39'),(2,1007,'10154878145851985','facebook','https://graph.facebook.com/v3.0/10154878145851985/picture?type=normal','https://graph.facebook.com/v3.0/10154878145851985/picture?width=1920',NULL,NULL,NULL,NULL,'2018-10-10 17:31:35','2018-10-10 17:31:35'),(3,1009,'10156912857537848','facebook','https://graph.facebook.com/v3.0/10156912857537848/picture?type=normal','https://graph.facebook.com/v3.0/10156912857537848/picture?width=1920',NULL,NULL,NULL,NULL,'2018-10-18 20:17:14','2018-10-18 20:17:14'),(4,1010,'10217212098277181','facebook','https://graph.facebook.com/v3.0/10217212098277181/picture?type=normal','https://graph.facebook.com/v3.0/10217212098277181/picture?width=1920',NULL,NULL,NULL,NULL,'2018-10-18 20:22:30','2018-10-18 20:22:30'),(5,1012,'2067516559998225','facebook','https://graph.facebook.com/v3.0/2067516559998225/picture?type=normal','https://graph.facebook.com/v3.0/2067516559998225/picture?width=1920',NULL,NULL,NULL,NULL,'2018-10-18 20:36:24','2018-10-18 20:36:24'),(6,1013,'10215876776126618','facebook','https://graph.facebook.com/v3.0/10215876776126618/picture?type=normal','https://graph.facebook.com/v3.0/10215876776126618/picture?width=1920',NULL,NULL,NULL,NULL,'2018-10-18 20:40:55','2018-10-18 20:40:55'),(7,1023,'10156931523443760','facebook','https://graph.facebook.com/v3.0/10156931523443760/picture?type=normal','https://graph.facebook.com/v3.0/10156931523443760/picture?width=1920',NULL,NULL,NULL,NULL,'2018-10-19 03:14:00','2018-10-19 03:14:00'),(8,1029,'10216810430068972','facebook','https://graph.facebook.com/v3.0/10216810430068972/picture?type=normal','https://graph.facebook.com/v3.0/10216810430068972/picture?width=1920',NULL,NULL,NULL,NULL,'2018-10-19 16:06:11','2018-10-19 16:06:11'),(9,1033,'10161013634245711','facebook','https://graph.facebook.com/v3.0/10161013634245711/picture?type=normal','https://graph.facebook.com/v3.0/10161013634245711/picture?width=1920',NULL,NULL,NULL,NULL,'2018-10-19 21:46:13','2018-10-19 21:46:13'),(10,1041,'2145223889073729','facebook','https://graph.facebook.com/v3.0/2145223889073729/picture?type=normal','https://graph.facebook.com/v3.0/2145223889073729/picture?width=1920',NULL,NULL,NULL,NULL,'2018-10-21 15:59:55','2018-10-21 15:59:55'),(12,1054,'10217602092627881','facebook','https://graph.facebook.com/v3.0/10217602092627881/picture?type=normal','https://graph.facebook.com/v3.0/10217602092627881/picture?width=1920',NULL,NULL,NULL,NULL,'2018-10-22 23:32:25','2018-10-22 23:32:25'),(13,1056,'2713902268627756','facebook','https://graph.facebook.com/v3.0/2713902268627756/picture?type=normal','https://graph.facebook.com/v3.0/2713902268627756/picture?width=1920',NULL,NULL,NULL,NULL,'2018-10-23 12:28:12','2018-10-23 12:28:12'),(14,1059,'10160966822270082','facebook','https://graph.facebook.com/v3.0/10160966822270082/picture?type=normal','https://graph.facebook.com/v3.0/10160966822270082/picture?width=1920',NULL,NULL,NULL,NULL,'2018-10-23 18:54:49','2018-10-23 18:54:49'),(15,1063,'10155699569165289','facebook','https://graph.facebook.com/v3.0/10155699569165289/picture?type=normal','https://graph.facebook.com/v3.0/10155699569165289/picture?width=1920',NULL,NULL,NULL,NULL,'2018-10-24 18:08:05','2018-10-24 18:08:05'),(16,1043,'10218353650338147','facebook','https://graph.facebook.com/v3.0/10218353650338147/picture?type=normal','https://graph.facebook.com/v3.0/10218353650338147/picture?width=1920',NULL,NULL,NULL,NULL,'2018-10-26 03:37:29','2018-10-26 03:37:29'),(17,1030,'10155609764121035','facebook','https://graph.facebook.com/v3.0/10155609764121035/picture?type=normal','https://graph.facebook.com/v3.0/10155609764121035/picture?width=1920',NULL,NULL,NULL,NULL,'2018-11-03 22:04:47','2018-11-03 22:04:47'),(18,1042,'10156080933085679','facebook','https://graph.facebook.com/v3.0/10156080933085679/picture?type=normal','https://graph.facebook.com/v3.0/10156080933085679/picture?width=1920',NULL,NULL,NULL,NULL,'2018-11-05 01:24:49','2018-11-05 01:24:49'),(19,1066,'10217347040653212','facebook','https://graph.facebook.com/v3.0/10217347040653212/picture?type=normal','https://graph.facebook.com/v3.0/10217347040653212/picture?width=1920',NULL,NULL,NULL,NULL,'2018-11-06 19:32:25','2018-11-06 19:32:25'),(20,1067,'10156392198070073','facebook','https://graph.facebook.com/v3.0/10156392198070073/picture?type=normal','https://graph.facebook.com/v3.0/10156392198070073/picture?width=1920',NULL,NULL,NULL,NULL,'2018-11-06 21:47:41','2018-11-06 21:47:41'),(21,1069,'2163447100334857','facebook','https://graph.facebook.com/v3.0/2163447100334857/picture?type=normal','https://graph.facebook.com/v3.0/2163447100334857/picture?width=1920',NULL,NULL,NULL,NULL,'2018-11-15 21:48:47','2018-11-15 21:48:47'),(22,1071,'10217226203068215','facebook','https://graph.facebook.com/v3.0/10217226203068215/picture?type=normal','https://graph.facebook.com/v3.0/10217226203068215/picture?width=1920',NULL,NULL,NULL,NULL,'2018-11-19 17:04:36','2018-11-19 17:04:36'),(23,1073,'10216556994384769','facebook','https://graph.facebook.com/v3.0/10216556994384769/picture?type=normal','https://graph.facebook.com/v3.0/10216556994384769/picture?width=1920',NULL,NULL,NULL,NULL,'2018-11-26 02:04:43','2018-11-26 02:04:43'),(24,1039,'10216197370100639','facebook','https://graph.facebook.com/v3.0/10216197370100639/picture?type=normal','https://graph.facebook.com/v3.0/10216197370100639/picture?width=1920',NULL,NULL,NULL,NULL,'2018-12-16 22:18:47','2018-12-16 22:18:47'),(25,1078,'2008260969228581','facebook','https://graph.facebook.com/v3.0/2008260969228581/picture?type=normal','https://graph.facebook.com/v3.0/2008260969228581/picture?width=1920',NULL,NULL,NULL,NULL,'2019-01-17 12:40:04','2019-01-17 12:40:04');
/*!40000 ALTER TABLE `social_accounts` ENABLE KEYS */;
UNLOCK TABLES;

--
-- Table structure for table `states`
--

DROP TABLE IF EXISTS `states`;
/*!40101 SET @saved_cs_client     = @@character_set_client */;
/*!40101 SET character_set_client = utf8 */;
CREATE TABLE `states` (
  `id` bigint(20) unsigned NOT NULL AUTO_INCREMENT,
  `country_id` bigint(20) unsigned NOT NULL,
  `name` varchar(191) COLLATE utf8mb4_unicode_ci NOT NULL,
  `created_at` timestamp NULL DEFAULT NULL,
  `updated_at` timestamp NULL DEFAULT NULL,
  PRIMARY KEY (`id`),
  KEY `states_country_id_foreign` (`country_id`),
  CONSTRAINT `states_country_id_foreign` FOREIGN KEY (`country_id`) REFERENCES `countries` (`id`) ON DELETE CASCADE
) ENGINE=InnoDB AUTO_INCREMENT=88 DEFAULT CHARSET=utf8mb4 COLLATE=utf8mb4_unicode_ci;
/*!40101 SET character_set_client = @saved_cs_client */;

--
-- Dumping data for table `states`
--

LOCK TABLES `states` WRITE;
/*!40000 ALTER TABLE `states` DISABLE KEYS */;
INSERT INTO `states` VALUES (1,8,'ACT - Australian Capital Territory','2018-10-09 16:53:00','2018-10-09 16:53:00'),(2,8,'NSW - New South Wales','2018-10-09 16:53:00','2018-10-09 16:53:00'),(3,8,'NT - Northern Territory','2018-10-09 16:53:00','2018-10-09 16:53:00'),(4,8,'Qld - Queensland','2018-10-09 16:53:00','2018-10-09 16:53:00'),(5,8,'SA - South Australia','2018-10-09 16:53:00','2018-10-09 16:53:00'),(6,8,'Tas - Tasmania','2018-10-09 16:53:00','2018-10-09 16:53:00'),(7,8,'Vic - Victoria','2018-10-09 16:53:00','2018-10-09 16:53:00'),(8,8,'WA - Western Australia','2018-10-09 16:53:00','2018-10-09 16:53:00'),(9,31,'Quebec','2018-10-09 16:53:00','2018-10-09 16:53:00'),(10,31,'British Columbia','2018-10-09 16:53:00','2018-10-09 16:53:00'),(11,31,'Alberta','2018-10-09 16:53:01','2018-10-09 16:53:01'),(12,31,'Manitoba','2018-10-09 16:53:01','2018-10-09 16:53:01'),(13,31,'Saskatchewan','2018-10-09 16:53:01','2018-10-09 16:53:01'),(14,31,'Nova Scotia','2018-10-09 16:53:01','2018-10-09 16:53:01'),(15,31,'New Brunswick','2018-10-09 16:53:01','2018-10-09 16:53:01'),(16,31,'Newfoundland and Labrador','2018-10-09 16:53:01','2018-10-09 16:53:01'),(17,31,'Prince Edward Island','2018-10-09 16:53:01','2018-10-09 16:53:01'),(18,31,'Northwest Territories','2018-10-09 16:53:01','2018-10-09 16:53:01'),(19,31,'Yukon','2018-10-09 16:53:01','2018-10-09 16:53:01'),(20,31,'Nunavut','2018-10-09 16:53:01','2018-10-09 16:53:01'),(21,31,'Ontario','2018-10-09 16:53:01','2018-10-09 16:53:01'),(22,81,'Jerusalem','2018-10-09 16:53:01','2018-10-09 16:53:01'),(23,81,'Tel Aviv','2018-10-09 16:53:01','2018-10-09 16:53:01'),(24,81,'Jerusalem Outskirts / סביבות ירושלים','2018-10-09 16:53:01','2018-10-09 16:53:01'),(25,81,'Center/Merkaz (Not Tel Aviv)','2018-10-09 16:53:01','2018-10-09 16:53:01'),(26,81,'The North','2018-10-09 16:53:01','2018-10-09 16:53:01'),(27,81,'The South','2018-10-09 16:53:01','2018-10-09 16:53:01'),(28,184,'England','2018-10-09 16:53:02','2018-10-09 16:53:02'),(29,184,'Northern Ireland','2018-10-09 16:53:02','2018-10-09 16:53:02'),(30,184,'Scotland','2018-10-09 16:53:02','2018-10-09 16:53:02'),(31,184,'Wales','2018-10-09 16:53:02','2018-10-09 16:53:02'),(32,186,'Alabama','2018-10-09 16:53:02','2018-10-09 16:53:02'),(33,186,'Alaska','2018-10-09 16:53:03','2018-10-09 16:53:03'),(34,186,'Arizona','2018-10-09 16:53:03','2018-10-09 16:53:03'),(35,186,'Arkansas','2018-10-09 16:53:03','2018-10-09 16:53:03'),(36,186,'California','2018-10-09 16:53:03','2018-10-09 16:53:03'),(37,186,'Colorado','2018-10-09 16:53:03','2018-10-09 16:53:03'),(38,186,'Connecticut','2018-10-09 16:53:03','2018-10-09 16:53:03'),(39,186,'Delaware','2018-10-09 16:53:03','2018-10-09 16:53:03'),(40,186,'Florida','2018-10-09 16:53:03','2018-10-09 16:53:03'),(41,186,'Georgia','2018-10-09 16:53:03','2018-10-09 16:53:03'),(42,186,'Hawaii','2018-10-09 16:53:03','2018-10-09 16:53:03'),(43,186,'Idaho','2018-10-09 16:53:03','2018-10-09 16:53:03'),(44,186,'Illinois','2018-10-09 16:53:03','2018-10-09 16:53:03'),(45,186,'Indiana','2018-10-09 16:53:04','2018-10-09 16:53:04'),(46,186,'Iowa','2018-10-09 16:53:04','2018-10-09 16:53:04'),(47,186,'Kansas','2018-10-09 16:53:04','2018-10-09 16:53:04'),(48,186,'Kentucky','2018-10-09 16:53:04','2018-10-09 16:53:04'),(49,186,'Louisiana','2018-10-09 16:53:04','2018-10-09 16:53:04'),(50,186,'Maine','2018-10-09 16:53:04','2018-10-09 16:53:04'),(51,186,'Maryland','2018-10-09 16:53:04','2018-10-09 16:53:04'),(52,186,'Massachusetts','2018-10-09 16:53:04','2018-10-09 16:53:04'),(53,186,'Michigan','2018-10-09 16:53:04','2018-10-09 16:53:04'),(54,186,'Minnesota','2018-10-09 16:53:04','2018-10-09 16:53:04'),(55,186,'Mississippi','2018-10-09 16:53:04','2018-10-09 16:53:04'),(56,186,'Missouri','2018-10-09 16:53:04','2018-10-09 16:53:04'),(57,186,'Montana','2018-10-09 16:53:04','2018-10-09 16:53:04'),(58,186,'Nebraska','2018-10-09 16:53:04','2018-10-09 16:53:04'),(59,186,'Nevada','2018-10-09 16:53:04','2018-10-09 16:53:04'),(60,186,'New Hampshire','2018-10-09 16:53:04','2018-10-09 16:53:04'),(61,186,'New Jersey','2018-10-09 16:53:04','2018-10-09 16:53:04'),(62,186,'New Mexico','2018-10-09 16:53:04','2018-10-09 16:53:04'),(63,186,'New York','2018-10-09 16:53:04','2018-10-09 16:53:04'),(64,186,'North Carolina','2018-10-09 16:53:05','2018-10-09 16:53:05'),(65,186,'North Dakota','2018-10-09 16:53:05','2018-10-09 16:53:05'),(66,186,'Ohio','2018-10-09 16:53:05','2018-10-09 16:53:05'),(67,186,'Oklahoma','2018-10-09 16:53:05','2018-10-09 16:53:05'),(68,186,'Oregon','2018-10-09 16:53:05','2018-10-09 16:53:05'),(69,186,'Pennsylvania','2018-10-09 16:53:05','2018-10-09 16:53:05'),(70,186,'Puerto Rico','2018-10-09 16:53:05','2018-10-09 16:53:05'),(71,186,'Rhode Island','2018-10-09 16:53:05','2018-10-09 16:53:05'),(72,186,'South Carolina','2018-10-09 16:53:05','2018-10-09 16:53:05'),(73,186,'South Dakota','2018-10-09 16:53:05','2018-10-09 16:53:05'),(74,186,'Tennessee','2018-10-09 16:53:05','2018-10-09 16:53:05'),(75,186,'Texas','2018-10-09 16:53:05','2018-10-09 16:53:05'),(76,186,'U.S. Virgin Islands','2018-10-09 16:53:05','2018-10-09 16:53:05'),(77,186,'US Minor Outlying Islands','2018-10-09 16:53:05','2018-10-09 16:53:05'),(78,186,'Utah','2018-10-09 16:53:05','2018-10-09 16:53:05'),(79,186,'Vermont','2018-10-09 16:53:06','2018-10-09 16:53:06'),(80,186,'Virginia','2018-10-09 16:53:06','2018-10-09 16:53:06'),(81,186,'Washington','2018-10-09 16:53:06','2018-10-09 16:53:06'),(82,186,'Washington DC','2018-10-09 16:53:06','2018-10-09 16:53:06'),(83,186,'West Virginia','2018-10-09 16:53:06','2018-10-09 16:53:06'),(84,186,'Wisconsin','2018-10-09 16:53:06','2018-10-09 16:53:06'),(85,186,'Wyoming','2018-10-09 16:53:06','2018-10-09 16:53:06'),(86,31,'Canada','2018-10-17 21:15:11','2018-10-17 21:15:11'),(87,31,'Jurisdiction','2018-10-17 21:15:11','2018-10-17 21:15:11');
/*!40000 ALTER TABLE `states` ENABLE KEYS */;
UNLOCK TABLES;

--
-- Table structure for table `user_external_pages`
--

DROP TABLE IF EXISTS `user_external_pages`;
/*!40101 SET @saved_cs_client     = @@character_set_client */;
/*!40101 SET character_set_client = utf8 */;
CREATE TABLE `user_external_pages` (
  `id` bigint(20) unsigned NOT NULL AUTO_INCREMENT,
  `user_id` bigint(20) unsigned NOT NULL,
  `provider` varchar(191) COLLATE utf8mb4_unicode_ci NOT NULL,
  `handle` varchar(191) COLLATE utf8mb4_unicode_ci DEFAULT NULL,
  `url` varchar(191) COLLATE utf8mb4_unicode_ci DEFAULT NULL,
  `created_at` timestamp NULL DEFAULT NULL,
  `updated_at` timestamp NULL DEFAULT NULL,
  PRIMARY KEY (`id`),
  KEY `user_external_pages_user_id_foreign` (`user_id`),
  CONSTRAINT `user_external_pages_user_id_foreign` FOREIGN KEY (`user_id`) REFERENCES `users` (`id`) ON DELETE CASCADE
) ENGINE=InnoDB AUTO_INCREMENT=65 DEFAULT CHARSET=utf8mb4 COLLATE=utf8mb4_unicode_ci;
/*!40101 SET character_set_client = @saved_cs_client */;

--
-- Dumping data for table `user_external_pages`
--

LOCK TABLES `user_external_pages` WRITE;
/*!40000 ALTER TABLE `user_external_pages` DISABLE KEYS */;
INSERT INTO `user_external_pages` VALUES (1,1007,'twitter','yosefadest','https://twitter.com/yosefadest','2018-10-10 17:36:47','2018-10-10 17:36:47'),(2,1007,'instagram','yosefadest','https://www.instagram.com/yosefadest/','2018-10-10 17:36:47','2018-10-10 17:36:47'),(3,1008,'twitter','kokushibyou','https://twitter.com/kokushibyou','2018-10-18 20:17:21','2018-10-18 20:17:21'),(4,1009,'instagram','markgladding','https://www.instagram.com/markgladding/','2018-10-18 20:19:06','2018-10-18 20:19:06'),(5,1010,'instagram','jakeknightphotos','https://www.instagram.com/jakeknightphotos/','2018-10-18 20:24:07','2018-10-18 20:24:07'),(6,1011,'instagram','susanroynelson','https://www.instagram.com/susanroynelson/','2018-10-18 20:39:35','2018-10-18 20:39:35'),(7,1012,'twitter','just1lastphoto','https://twitter.com/just1lastphoto','2018-10-18 20:42:07','2018-10-18 20:42:07'),(8,1014,'instagram','Tnttown1','https://www.instagram.com/Tnttown1/','2018-10-18 20:44:35','2018-10-18 20:44:35'),(9,1013,'twitter','Nonisnotes','https://twitter.com/Nonisnotes','2018-10-18 20:46:30','2018-10-18 20:46:30'),(10,1013,'instagram','Mezzoishere','https://www.instagram.com/Mezzoishere/','2018-10-18 20:46:30','2018-10-18 20:46:30'),(11,1017,'instagram','brianduchin','https://www.instagram.com/brianduchin/','2018-10-18 21:05:31','2018-10-18 21:05:31'),(12,1019,'twitter','SandiKroll','https://twitter.com/SandiKroll','2018-10-18 21:46:37','2018-10-18 21:46:37'),(13,1019,'instagram','sbkroll_photos','https://www.instagram.com/sbkroll_photos/','2018-10-18 21:46:37','2018-10-18 21:46:37'),(14,1020,'instagram','debrajones3887','https://www.instagram.com/debrajones3887/','2018-10-18 22:27:09','2018-10-18 22:27:09'),(15,1016,'instagram','gutsy4','https://www.instagram.com/gutsy4/','2018-10-18 23:41:30','2018-10-18 23:41:30'),(16,1022,'instagram','bcmisterbill','https://www.instagram.com/bcmisterbill/','2018-10-19 03:02:31','2018-10-19 03:02:31'),(17,1024,'twitter','JsdJulie','https://twitter.com/JsdJulie','2018-10-19 03:54:49','2018-10-19 03:54:49'),(18,1024,'instagram','jdento','https://www.instagram.com/jdento/','2018-10-19 03:54:49','2018-10-19 03:54:49'),(19,1027,'instagram','kathyd1950','https://www.instagram.com/kathyd1950/','2018-10-19 13:25:47','2018-10-19 13:25:47'),(20,1028,'twitter','sammykatta','https://twitter.com/sammykatta','2018-10-19 15:54:27','2018-10-19 15:54:27'),(21,1028,'instagram','sammy.katta','https://www.instagram.com/sammy.katta/','2018-10-19 15:54:27','2018-10-19 15:54:27'),(22,1029,'instagram','Fotonarrative','https://www.instagram.com/Fotonarrative/','2018-10-19 16:08:08','2018-10-19 16:08:08'),(23,1030,'twitter','viagusta','https://twitter.com/viagusta','2018-10-19 17:22:49','2018-10-19 17:49:02'),(24,1030,'instagram','coreyohara','https://www.instagram.com/coreyohara/','2018-10-19 17:22:49','2018-10-19 17:49:02'),(25,1031,'instagram','Jekzoo51','https://www.instagram.com/Jekzoo51/','2018-10-19 19:23:17','2018-10-19 19:23:17'),(26,1032,'twitter','@MeadowmaryMy','https://twitter.com/@MeadowmaryMy','2018-10-19 20:41:05','2018-10-19 20:41:05'),(27,1032,'instagram','meadowmary','https://www.instagram.com/meadowmary/','2018-10-19 20:41:05','2018-10-19 20:41:05'),(28,1034,'instagram','Cjchafetz','https://www.instagram.com/Cjchafetz/','2018-10-19 21:55:16','2018-10-19 21:55:16'),(29,1035,'twitter','wie.erik','https://twitter.com/wie.erik','2018-10-19 21:56:56','2018-10-19 21:56:56'),(30,1035,'instagram','erikwie_com','https://www.instagram.com/erikwie_com/','2018-10-19 21:56:56','2018-10-19 21:56:56'),(31,1018,'instagram','dianeegray','https://www.instagram.com/dianeegray/','2018-10-20 02:27:31','2018-10-20 02:27:31'),(32,1036,'instagram','detailsofberlin','https://www.instagram.com/detailsofberlin/','2018-10-20 09:16:07','2018-10-20 09:16:07'),(33,1037,'twitter','RuthRickismom','https://twitter.com/RuthRickismom','2018-10-20 16:47:36','2018-10-20 16:47:36'),(34,1038,'twitter','byspecialr','https://twitter.com/byspecialr','2018-10-20 18:42:49','2018-10-20 18:42:49'),(35,1039,'twitter','skinydan98','https://twitter.com/skinydan98','2018-10-21 13:34:55','2018-10-21 13:34:55'),(36,1039,'instagram','skinydan','https://www.instagram.com/skinydan/','2018-10-21 13:34:55','2018-10-21 13:34:55'),(37,1042,'instagram','C.beer','https://www.instagram.com/C.beer/','2018-10-21 17:58:48','2018-10-21 17:58:48'),(38,1040,'twitter','sgnimagery','https://twitter.com/sgnimagery','2018-10-21 18:06:13','2018-10-21 18:06:13'),(39,1040,'instagram','sgnimagery','https://www.instagram.com/sgnimagery/','2018-10-21 18:06:13','2018-10-21 18:06:13'),(40,1043,'twitter','LizAlbroPhotos','https://twitter.com/LizAlbroPhotos','2018-10-21 20:11:06','2018-11-12 01:55:52'),(41,1043,'instagram','lizalbro','https://www.instagram.com/lizalbro/','2018-10-21 20:11:06','2018-11-12 01:55:52'),(42,1044,'instagram','annapaolarosaspina','https://www.instagram.com/annapaolarosaspina/','2018-10-21 20:23:04','2018-10-21 20:23:04'),(44,1047,'instagram','NHighway27','https://www.instagram.com/NHighway27/','2018-10-22 00:22:07','2018-10-22 00:22:07'),(45,1048,'instagram','frameofref','https://www.instagram.com/frameofref/','2018-10-22 01:09:32','2018-10-22 01:09:32'),(46,1051,'instagram','triciamcevoyphotos','https://www.instagram.com/triciamcevoyphotos/','2018-10-22 15:49:36','2018-10-22 15:49:36'),(47,1053,'twitter','justjanet10','https://twitter.com/justjanet10','2018-10-22 18:16:33','2018-10-22 18:16:33'),(48,1053,'instagram','janet.denman','https://www.instagram.com/janet.denman/','2018-10-22 18:16:33','2018-10-22 18:16:33'),(49,1054,'twitter','Lindseymarie','https://twitter.com/Lindseymarie','2018-10-22 23:34:35','2018-10-22 23:34:35'),(50,1054,'instagram','Ljennewein','https://www.instagram.com/Ljennewein/','2018-10-22 23:34:35','2018-10-22 23:34:35'),(51,1056,'instagram','kimberlyhixtrant','https://www.instagram.com/kimberlyhixtrant/','2018-10-23 12:38:12','2018-10-23 12:38:12'),(52,1058,'twitter','GrahameCoach','https://twitter.com/GrahameCoach','2018-10-23 15:19:36','2018-10-23 15:19:36'),(53,1058,'instagram','grahamejohnson','https://www.instagram.com/grahamejohnson/','2018-10-23 15:19:36','2018-10-23 15:19:36'),(54,1059,'instagram','jascudder','https://www.instagram.com/jascudder/','2018-10-23 18:59:21','2018-10-23 18:59:21'),(55,1060,'instagram','lmsee61','https://www.instagram.com/lmsee61/','2018-10-23 22:43:09','2018-10-23 22:43:09'),(56,1061,'instagram','Alanwordguy','https://www.instagram.com/Alanwordguy/','2018-10-24 00:44:02','2018-10-24 00:44:02'),(57,1062,'twitter','breeav','https://twitter.com/breeav','2018-10-24 14:51:46','2018-10-24 14:51:46'),(58,1062,'instagram','breeav','https://www.instagram.com/breeav/','2018-10-24 14:51:46','2018-10-24 14:51:46'),(59,1064,'twitter','dlk3265','https://twitter.com/dlk3265','2018-10-24 20:42:47','2018-10-24 20:42:47'),(60,1064,'instagram','dlk3265','https://www.instagram.com/dlk3265/','2018-10-24 20:42:47','2018-10-24 20:42:47'),(61,1065,'twitter','ernstonline','https://twitter.com/ernstonline','2018-10-30 18:51:53','2018-10-30 18:51:53'),(62,1065,'instagram','ernstmuller','https://www.instagram.com/ernstmuller/','2018-10-30 18:51:53','2018-10-30 18:51:53'),(63,1067,'twitter','acwynn','https://twitter.com/acwynn','2018-11-06 21:49:28','2018-11-06 21:49:28'),(64,1067,'instagram','vagabondwynn','https://www.instagram.com/vagabondwynn/','2018-11-06 21:49:28','2018-11-06 21:49:28');
/*!40000 ALTER TABLE `user_external_pages` ENABLE KEYS */;
UNLOCK TABLES;

--
-- Table structure for table `user_gears`
--

DROP TABLE IF EXISTS `user_gears`;
/*!40101 SET @saved_cs_client     = @@character_set_client */;
/*!40101 SET character_set_client = utf8 */;
CREATE TABLE `user_gears` (
  `id` bigint(20) unsigned NOT NULL AUTO_INCREMENT,
  `user_id` bigint(20) unsigned NOT NULL,
  `type` varchar(191) COLLATE utf8mb4_unicode_ci NOT NULL,
  `value` varchar(191) COLLATE utf8mb4_unicode_ci NOT NULL,
  `created_at` timestamp NULL DEFAULT NULL,
  `updated_at` timestamp NULL DEFAULT NULL,
  PRIMARY KEY (`id`),
  KEY `user_gears_user_id_foreign` (`user_id`),
  CONSTRAINT `user_gears_user_id_foreign` FOREIGN KEY (`user_id`) REFERENCES `users` (`id`) ON DELETE CASCADE
) ENGINE=InnoDB DEFAULT CHARSET=utf8mb4 COLLATE=utf8mb4_unicode_ci;
/*!40101 SET character_set_client = @saved_cs_client */;

--
-- Dumping data for table `user_gears`
--

LOCK TABLES `user_gears` WRITE;
/*!40000 ALTER TABLE `user_gears` DISABLE KEYS */;
/*!40000 ALTER TABLE `user_gears` ENABLE KEYS */;
UNLOCK TABLES;

--
-- Table structure for table `user_profiles`
--

DROP TABLE IF EXISTS `user_profiles`;
/*!40101 SET @saved_cs_client     = @@character_set_client */;
/*!40101 SET character_set_client = utf8 */;
CREATE TABLE `user_profiles` (
  `id` bigint(20) unsigned NOT NULL AUTO_INCREMENT,
  `user_id` bigint(20) unsigned NOT NULL,
  `current_streak` bigint(20) unsigned NOT NULL DEFAULT '0',
  `photowalks_level` varchar(191) COLLATE utf8mb4_unicode_ci DEFAULT NULL,
  `photography_level` varchar(191) COLLATE utf8mb4_unicode_ci DEFAULT NULL,
  `camera_type` varchar(191) COLLATE utf8mb4_unicode_ci DEFAULT NULL,
  `profile_photo` varchar(191) COLLATE utf8mb4_unicode_ci DEFAULT NULL,
  `shortbio` text COLLATE utf8mb4_unicode_ci,
  `created_at` timestamp NULL DEFAULT NULL,
  `updated_at` timestamp NULL DEFAULT NULL,
  PRIMARY KEY (`id`),
  KEY `user_profiles_user_id_foreign` (`user_id`),
  CONSTRAINT `user_profiles_user_id_foreign` FOREIGN KEY (`user_id`) REFERENCES `users` (`id`) ON DELETE CASCADE
) ENGINE=InnoDB AUTO_INCREMENT=65 DEFAULT CHARSET=utf8mb4 COLLATE=utf8mb4_unicode_ci;
/*!40101 SET character_set_client = @saved_cs_client */;

--
-- Dumping data for table `user_profiles`
--

LOCK TABLES `user_profiles` WRITE;
/*!40000 ALTER TABLE `user_profiles` DISABLE KEYS */;
INSERT INTO `user_profiles` VALUES (1,1006,0,'yeah','beginner','dslr_entry',NULL,NULL,'2018-10-09 17:33:11','2018-10-09 17:33:11'),(2,1007,0,'yeah','advanced_pro','dslr_pro',NULL,NULL,'2018-10-10 17:36:47','2018-10-10 17:36:47'),(3,1008,0,'not_for_me','intermediate','dslr_entry',NULL,NULL,'2018-10-18 20:17:21','2018-10-18 20:17:21'),(4,1009,0,'perhaps','advanced','mirrorless',NULL,NULL,'2018-10-18 20:19:06','2018-10-18 20:19:06'),(5,1010,0,'yeah','advanced_pro','dslr_pro',NULL,NULL,'2018-10-18 20:24:07','2018-10-18 20:24:07'),(6,1011,0,'not_for_me','advanced','dslr_pro',NULL,NULL,'2018-10-18 20:39:35','2018-10-18 20:39:35'),(7,1012,0,'perhaps','intermediate','mirrorless',NULL,NULL,'2018-10-18 20:42:07','2018-10-18 20:42:07'),(8,1014,0,'perhaps','advanced','mirrorless',NULL,NULL,'2018-10-18 20:44:35','2018-10-18 20:44:35'),(9,1013,0,'not_for_me','beginner','phone',NULL,NULL,'2018-10-18 20:46:30','2018-10-18 20:46:30'),(10,1015,0,'not_for_me','intermediate','dslr_entry',NULL,NULL,'2018-10-18 20:52:14','2018-10-18 20:52:14'),(11,1017,0,'perhaps','advanced_pro','dslr_pro',NULL,NULL,'2018-10-18 21:05:31','2018-10-18 21:05:31'),(12,1019,0,'not_for_me','intermediate','dslr_entry',NULL,NULL,'2018-10-18 21:46:37','2018-10-18 21:46:37'),(13,1020,0,'yeah','intermediate','dslr_entry',NULL,NULL,'2018-10-18 22:27:09','2018-10-18 22:27:09'),(14,1016,0,'perhaps','advanced','mirrorless',NULL,NULL,'2018-10-18 23:41:30','2018-10-18 23:41:30'),(15,1021,0,'not_for_me','beginner_dslr','dslr_entry',NULL,NULL,'2018-10-19 00:30:37','2018-10-19 00:30:37'),(16,1022,0,'yeah','advanced_pro','dslr_pro',NULL,NULL,'2018-10-19 03:02:31','2018-10-19 03:02:31'),(17,1024,0,'perhaps','intermediate','dslr_entry',NULL,NULL,'2018-10-19 03:54:49','2018-10-19 03:54:49'),(18,1025,0,'not_for_me','intermediate','dslr_pro',NULL,NULL,'2018-10-19 05:22:46','2018-10-19 05:22:46'),(19,1026,0,'perhaps','intermediate','dslr_entry',NULL,NULL,'2018-10-19 12:01:37','2018-10-19 12:01:37'),(20,1027,0,'yeah','advanced','mirrorless',NULL,NULL,'2018-10-19 13:25:47','2018-10-19 13:25:47'),(21,1028,0,'not_for_me','advanced','mirrorless',NULL,NULL,'2018-10-19 15:54:27','2018-10-19 15:54:27'),(22,1029,0,'yeah','advanced','dslr_pro',NULL,NULL,'2018-10-19 16:08:08','2018-10-19 16:08:08'),(23,1030,0,'yeah','advanced_pro','mirrorless',NULL,NULL,'2018-10-19 17:22:49','2018-10-19 17:49:02'),(24,1031,0,'not_for_me','beginner_dslr','dslr_entry',NULL,NULL,'2018-10-19 19:23:17','2018-10-19 19:23:17'),(25,1032,0,'not_for_me','intermediate','dslr_pro',NULL,NULL,'2018-10-19 20:41:05','2018-10-19 20:41:05'),(26,1033,0,'not_for_me','beginner_dslr','dslr_entry',NULL,NULL,'2018-10-19 21:49:37','2018-10-19 21:49:37'),(27,1034,0,'yeah','intermediate','mirrorless',NULL,NULL,'2018-10-19 21:55:16','2018-10-19 21:55:16'),(28,1035,0,'perhaps','intermediate','dslr_entry',NULL,NULL,'2018-10-19 21:56:56','2018-10-19 21:56:56'),(29,1018,0,'yeah','intermediate','phone',NULL,NULL,'2018-10-20 02:27:31','2018-10-20 02:27:31'),(30,1036,0,'not_for_me','advanced','mirrorless',NULL,NULL,'2018-10-20 09:16:06','2018-10-20 09:16:06'),(31,1037,0,'not_for_me','intermediate','dslr_entry',NULL,NULL,'2018-10-20 16:47:36','2018-10-20 16:47:36'),(32,1038,0,'perhaps','advanced','dslr_pro',NULL,NULL,'2018-10-20 18:42:49','2018-10-20 18:42:49'),(33,1039,0,'yeah','intermediate','dslr_entry',NULL,NULL,'2018-10-21 13:34:55','2018-10-21 13:34:55'),(34,1041,0,'not_for_me','advanced','dslr_entry',NULL,NULL,'2018-10-21 16:05:33','2018-10-21 16:05:33'),(35,1042,0,'perhaps','intermediate','dslr_pro',NULL,NULL,'2018-10-21 17:58:48','2018-10-21 17:58:48'),(36,1040,0,'perhaps','advanced','dslr_pro',NULL,NULL,'2018-10-21 18:06:12','2018-10-21 18:06:12'),(37,1043,0,'not_for_me','intermediate','dslr_entry',NULL,NULL,'2018-10-21 20:11:06','2018-11-12 01:55:52'),(38,1044,0,'perhaps','advanced','dslr_entry',NULL,NULL,'2018-10-21 20:23:04','2018-10-21 20:23:04'),(40,1046,0,'not_for_me','intermediate','dslr_entry',NULL,NULL,'2018-10-21 23:59:52','2018-10-21 23:59:52'),(41,1047,0,'not_for_me','intermediate','dslr_entry',NULL,NULL,'2018-10-22 00:22:07','2018-10-22 00:22:07'),(42,1048,0,'perhaps','advanced_pro','mirrorless',NULL,NULL,'2018-10-22 01:09:32','2018-10-22 01:09:32'),(43,1049,0,'not_for_me','advanced','mirrorless',NULL,NULL,'2018-10-22 08:54:31','2018-10-22 08:54:31'),(44,1050,0,'perhaps','intermediate','mirrorless',NULL,NULL,'2018-10-22 09:42:43','2018-10-22 09:42:43'),(45,1051,0,'not_for_me','advanced_pro','dslr_pro',NULL,NULL,'2018-10-22 15:49:35','2018-10-22 15:49:35'),(46,1052,0,'perhaps','intermediate','dslr_entry',NULL,NULL,'2018-10-22 15:58:51','2018-10-22 15:58:51'),(47,1053,0,'yeah','intermediate','dslr_entry',NULL,NULL,'2018-10-22 18:16:33','2018-10-22 18:16:33'),(48,1054,0,'yeah','intermediate','dslr_entry',NULL,NULL,'2018-10-22 23:34:35','2018-10-22 23:34:35'),(49,1056,0,'not_for_me','intermediate','dslr_pro',NULL,NULL,'2018-10-23 12:38:12','2018-10-23 12:38:12'),(50,1057,0,'not_for_me','advanced','dslr_entry',NULL,NULL,'2018-10-23 15:00:04','2018-10-23 15:00:04'),(51,1058,0,'perhaps','intermediate','dslr_pro',NULL,NULL,'2018-10-23 15:19:36','2018-10-23 15:19:36'),(52,1059,0,'perhaps','advanced','dslr_pro',NULL,NULL,'2018-10-23 18:59:20','2018-10-23 18:59:20'),(53,1060,0,'not_for_me','intermediate','mirrorless',NULL,NULL,'2018-10-23 22:43:09','2018-10-23 22:43:09'),(54,1061,0,'perhaps','advanced','dslr_pro',NULL,NULL,'2018-10-24 00:44:02','2018-10-24 00:44:02'),(55,1062,0,'yeah','advanced','dslr_entry',NULL,NULL,'2018-10-24 14:51:46','2018-10-24 14:51:46'),(56,1064,0,'not_for_me','beginner_dslr','dslr_entry',NULL,NULL,'2018-10-24 20:42:47','2018-10-24 20:42:47'),(57,1065,0,'yeah','advanced','mirrorless',NULL,NULL,'2018-10-30 18:51:53','2018-10-30 18:51:53'),(58,1066,0,'yeah','intermediate','dslr_pro',NULL,NULL,'2018-11-06 19:35:05','2018-11-06 19:35:05'),(59,1067,0,'not_for_me','intermediate','mirrorless',NULL,NULL,'2018-11-06 21:49:28','2018-11-06 21:49:28'),(60,1068,0,NULL,'beginner_dslr','phone',NULL,NULL,'2018-11-08 20:16:00','2018-11-08 20:16:00'),(61,1069,0,'perhaps','intermediate','dslr_pro',NULL,NULL,'2018-11-15 21:51:05','2018-11-15 21:51:05'),(62,1070,0,'yeah','intermediate','dslr_pro',NULL,NULL,'2018-11-18 13:25:03','2018-11-18 13:25:03'),(63,1077,0,NULL,'beginner','phone',NULL,NULL,'2019-01-14 08:40:34','2019-01-14 08:40:34'),(64,1079,0,NULL,'beginner','phone',NULL,NULL,'2019-01-21 05:59:34','2019-01-21 05:59:34');
/*!40000 ALTER TABLE `user_profiles` ENABLE KEYS */;
UNLOCK TABLES;

--
-- Table structure for table `user_roles`
--

DROP TABLE IF EXISTS `user_roles`;
/*!40101 SET @saved_cs_client     = @@character_set_client */;
/*!40101 SET character_set_client = utf8 */;
CREATE TABLE `user_roles` (
  `id` bigint(20) unsigned NOT NULL AUTO_INCREMENT,
  `user_id` bigint(20) unsigned NOT NULL,
  `role_id` bigint(20) unsigned NOT NULL,
  `enabled` tinyint(1) NOT NULL DEFAULT '1',
  `created_at` timestamp NULL DEFAULT NULL,
  `updated_at` timestamp NULL DEFAULT NULL,
  PRIMARY KEY (`id`),
  KEY `user_roles_user_id_foreign` (`user_id`),
  KEY `user_roles_role_id_foreign` (`role_id`),
  CONSTRAINT `user_roles_role_id_foreign` FOREIGN KEY (`role_id`) REFERENCES `roles` (`id`) ON DELETE CASCADE,
  CONSTRAINT `user_roles_user_id_foreign` FOREIGN KEY (`user_id`) REFERENCES `users` (`id`) ON DELETE CASCADE
) ENGINE=InnoDB AUTO_INCREMENT=10 DEFAULT CHARSET=utf8mb4 COLLATE=utf8mb4_unicode_ci;
/*!40101 SET character_set_client = @saved_cs_client */;

--
-- Dumping data for table `user_roles`
--

LOCK TABLES `user_roles` WRITE;
/*!40000 ALTER TABLE `user_roles` DISABLE KEYS */;
INSERT INTO `user_roles` VALUES (1,1001,3,1,'2018-10-09 16:52:58','2018-10-09 16:52:58'),(3,1007,3,1,'2018-10-17 13:13:36','2018-10-17 13:13:36'),(6,1062,3,1,NULL,NULL),(7,1063,3,1,NULL,NULL),(8,1006,3,1,NULL,NULL),(9,1039,3,1,NULL,NULL);
/*!40000 ALTER TABLE `user_roles` ENABLE KEYS */;
UNLOCK TABLES;

--
-- Table structure for table `user_settings`
--

DROP TABLE IF EXISTS `user_settings`;
/*!40101 SET @saved_cs_client     = @@character_set_client */;
/*!40101 SET character_set_client = utf8 */;
CREATE TABLE `user_settings` (
  `id` bigint(20) unsigned NOT NULL AUTO_INCREMENT,
  `user_id` bigint(20) unsigned NOT NULL,
  `photo_censor_show_always` tinyint(1) NOT NULL DEFAULT '0',
  `notif_emails_daily_dont_receive` tinyint(1) NOT NULL DEFAULT '0',
  `created_at` timestamp NULL DEFAULT NULL,
  `updated_at` timestamp NULL DEFAULT NULL,
  PRIMARY KEY (`id`),
  KEY `user_settings_user_id_foreign` (`user_id`),
  CONSTRAINT `user_settings_user_id_foreign` FOREIGN KEY (`user_id`) REFERENCES `users` (`id`) ON DELETE CASCADE
) ENGINE=InnoDB AUTO_INCREMENT=80 DEFAULT CHARSET=utf8mb4 COLLATE=utf8mb4_unicode_ci;
/*!40101 SET character_set_client = @saved_cs_client */;

--
-- Dumping data for table `user_settings`
--

LOCK TABLES `user_settings` WRITE;
/*!40000 ALTER TABLE `user_settings` DISABLE KEYS */;
INSERT INTO `user_settings` VALUES (1,1000,0,0,'2018-10-09 16:53:06','2018-10-09 16:53:06'),(2,1001,0,0,'2018-10-09 16:53:06','2018-10-09 16:53:06'),(3,1002,0,0,'2018-10-09 16:53:06','2018-10-09 16:53:06'),(4,1003,0,0,'2018-10-09 16:53:06','2018-10-09 16:53:06'),(5,1004,0,0,'2018-10-09 16:53:06','2018-10-09 16:53:06'),(6,1005,0,0,'2018-10-09 16:53:06','2018-10-09 16:53:06'),(7,1006,0,0,'2018-10-17 21:15:10','2018-10-17 21:15:10'),(8,1007,0,0,'2018-10-17 21:15:11','2018-10-17 21:15:11'),(9,1008,0,0,'2018-10-18 20:15:25','2018-10-18 20:15:25'),(10,1011,0,0,'2018-10-18 20:36:23','2018-10-18 20:36:23'),(11,1014,0,0,'2018-10-18 20:41:08','2018-10-18 20:41:08'),(12,1015,0,0,'2018-10-18 20:47:27','2018-10-18 20:47:27'),(13,1016,0,0,'2018-10-18 20:49:48','2018-10-18 20:49:48'),(14,1017,0,0,'2018-10-18 20:57:49','2018-10-18 20:57:49'),(15,1018,0,0,'2018-10-18 21:31:12','2018-10-18 21:31:12'),(16,1019,0,0,'2018-10-18 21:41:33','2018-10-18 21:41:33'),(17,1020,0,0,'2018-10-18 22:24:35','2018-10-18 22:24:35'),(18,1021,0,0,'2018-10-19 00:11:10','2018-10-19 00:11:10'),(19,1022,0,0,'2018-10-19 02:55:24','2018-10-19 02:55:24'),(20,1024,0,0,'2018-10-19 03:49:41','2018-10-19 03:49:41'),(21,1025,0,0,'2018-10-19 05:13:31','2018-10-19 05:13:31'),(22,1026,0,0,'2018-10-19 11:55:00','2018-10-19 11:55:00'),(23,1027,0,0,'2018-10-19 13:05:08','2018-10-19 13:05:08'),(24,1028,0,0,'2018-10-19 15:45:05','2018-10-19 15:45:05'),(25,1030,0,0,'2018-10-19 17:17:44','2018-10-19 17:17:44'),(26,1031,0,0,'2018-10-19 19:19:05','2018-10-19 19:19:05'),(27,1032,0,0,'2018-10-19 20:34:43','2018-10-19 20:34:43'),(28,1034,0,0,'2018-10-19 21:51:07','2018-10-19 21:51:07'),(29,1035,0,0,'2018-10-19 21:53:11','2018-10-19 21:53:11'),(30,1036,0,0,'2018-10-20 09:12:36','2018-10-20 09:12:36'),(31,1037,0,0,'2018-10-20 16:40:54','2018-10-20 16:40:54'),(32,1038,0,0,'2018-10-20 18:38:16','2018-10-20 18:38:16'),(33,1039,0,0,'2018-10-21 13:32:40','2018-10-21 13:32:40'),(34,1040,0,0,'2018-10-21 14:58:19','2018-10-21 14:58:19'),(35,1042,0,0,'2018-10-21 17:55:15','2018-10-21 17:55:15'),(36,1043,0,0,'2018-10-21 20:03:24','2018-10-21 20:03:24'),(37,1044,0,0,'2018-10-21 20:14:34','2018-10-21 20:14:34'),(38,1046,0,0,'2018-10-21 23:51:10','2018-10-21 23:51:10'),(39,1047,0,0,'2018-10-22 00:18:30','2018-10-22 00:18:30'),(40,1048,0,0,'2018-10-22 01:06:21','2018-10-22 01:06:21'),(41,1049,0,0,'2018-10-22 08:40:27','2018-10-22 08:40:27'),(42,1050,0,0,'2018-10-22 09:39:56','2018-10-22 09:39:56'),(43,1051,0,0,'2018-10-22 15:44:19','2018-10-22 15:44:19'),(44,1052,0,0,'2018-10-22 15:56:34','2018-10-22 15:56:34'),(45,1053,0,0,'2018-10-22 18:13:31','2018-10-22 18:13:31'),(46,1055,0,0,'2018-10-23 04:33:43','2018-10-23 04:33:43'),(47,1057,0,0,'2018-10-23 14:53:28','2018-10-23 14:53:28'),(48,1058,0,0,'2018-10-23 15:13:57','2018-10-23 15:13:57'),(49,1060,0,0,'2018-10-23 22:36:45','2018-10-23 22:36:45'),(50,1061,0,0,'2018-10-24 00:38:57','2018-10-24 00:38:57'),(51,1062,0,0,'2018-10-24 14:49:19','2018-10-24 14:49:19'),(52,1064,0,0,'2018-10-24 20:37:52','2018-10-24 20:37:52'),(53,1065,0,0,'2018-10-30 18:50:08','2018-10-30 18:50:08'),(54,1068,0,0,'2018-11-08 20:12:06','2018-11-08 20:12:06'),(55,1070,0,0,'2018-11-18 13:21:01','2018-11-18 13:21:01'),(56,1072,0,0,'2018-11-23 10:35:17','2018-11-23 10:35:17'),(57,1074,0,0,'2018-11-29 19:39:35','2018-11-29 19:39:35'),(58,1075,0,0,'2018-11-30 11:15:11','2018-11-30 11:15:11'),(59,1076,0,0,'2018-11-30 11:17:14','2018-11-30 11:17:14'),(60,1009,0,0,'2019-01-07 04:43:31','2019-01-07 04:43:31'),(61,1010,0,0,'2019-01-07 04:43:31','2019-01-07 04:43:31'),(62,1012,0,0,'2019-01-07 04:43:31','2019-01-07 04:43:31'),(63,1013,0,0,'2019-01-07 04:43:31','2019-01-07 04:43:31'),(64,1023,0,0,'2019-01-07 04:43:31','2019-01-07 04:43:31'),(65,1029,0,0,'2019-01-07 04:43:31','2019-01-07 04:43:31'),(66,1033,0,0,'2019-01-07 04:43:31','2019-01-07 04:43:31'),(67,1041,0,0,'2019-01-07 04:43:31','2019-01-07 04:43:31'),(68,1054,0,0,'2019-01-07 04:43:32','2019-01-07 04:43:32'),(69,1056,0,0,'2019-01-07 04:43:32','2019-01-07 04:43:32'),(70,1059,0,0,'2019-01-07 04:43:32','2019-01-07 04:43:32'),(71,1063,0,0,'2019-01-07 04:43:32','2019-01-07 04:43:32'),(72,1066,0,0,'2019-01-07 04:43:32','2019-01-07 04:43:32'),(73,1067,0,0,'2019-01-07 04:43:32','2019-01-07 04:43:32'),(74,1069,0,0,'2019-01-07 04:43:32','2019-01-07 04:43:32'),(75,1071,0,0,'2019-01-07 04:43:32','2019-01-07 04:43:32'),(76,1073,0,0,'2019-01-07 04:43:32','2019-01-07 04:43:32'),(77,1077,0,0,'2019-01-14 08:38:58','2019-01-14 08:38:58'),(78,1079,0,0,'2019-01-18 13:40:12','2019-01-18 13:40:12'),(79,1080,0,0,'2019-02-12 12:24:59','2019-02-12 12:24:59');
/*!40000 ALTER TABLE `user_settings` ENABLE KEYS */;
UNLOCK TABLES;

--
-- Table structure for table `user_software`
--

DROP TABLE IF EXISTS `user_software`;
/*!40101 SET @saved_cs_client     = @@character_set_client */;
/*!40101 SET character_set_client = utf8 */;
CREATE TABLE `user_software` (
  `id` bigint(20) unsigned NOT NULL AUTO_INCREMENT,
  `user_id` bigint(20) unsigned NOT NULL,
  `value` varchar(191) COLLATE utf8mb4_unicode_ci NOT NULL,
  `created_at` timestamp NULL DEFAULT NULL,
  `updated_at` timestamp NULL DEFAULT NULL,
  PRIMARY KEY (`id`),
  KEY `user_software_user_id_foreign` (`user_id`),
  CONSTRAINT `user_software_user_id_foreign` FOREIGN KEY (`user_id`) REFERENCES `users` (`id`) ON DELETE CASCADE
) ENGINE=InnoDB DEFAULT CHARSET=utf8mb4 COLLATE=utf8mb4_unicode_ci;
/*!40101 SET character_set_client = @saved_cs_client */;

--
-- Dumping data for table `user_software`
--

LOCK TABLES `user_software` WRITE;
/*!40000 ALTER TABLE `user_software` DISABLE KEYS */;
/*!40000 ALTER TABLE `user_software` ENABLE KEYS */;
UNLOCK TABLES;

--
-- Table structure for table `users`
--

DROP TABLE IF EXISTS `users`;
/*!40101 SET @saved_cs_client     = @@character_set_client */;
/*!40101 SET character_set_client = utf8 */;
CREATE TABLE `users` (
  `id` bigint(20) unsigned NOT NULL AUTO_INCREMENT,
  `imported_from_row_id` bigint(20) unsigned DEFAULT NULL,
  `imported_info` text COLLATE utf8mb4_unicode_ci,
  `import_claimed` tinyint(1) NOT NULL DEFAULT '0',
  `delete_in_progress` tinyint(1) NOT NULL DEFAULT '0',
  `main_social_account_id` bigint(20) unsigned DEFAULT NULL,
  `city_id` bigint(20) unsigned DEFAULT NULL,
  `dont_share_location` tinyint(1) NOT NULL DEFAULT '0',
  `firstname` varchar(191) COLLATE utf8mb4_unicode_ci NOT NULL,
  `lastname` varchar(191) COLLATE utf8mb4_unicode_ci NOT NULL,
  `handle` varchar(191) COLLATE utf8mb4_unicode_ci DEFAULT NULL,
  `display_as_handle` tinyint(1) NOT NULL DEFAULT '0',
  `email` varchar(191) COLLATE utf8mb4_unicode_ci DEFAULT NULL,
  `password` varchar(191) COLLATE utf8mb4_unicode_ci DEFAULT NULL,
  `how_did_hear` text COLLATE utf8mb4_unicode_ci,
  `remember_token` varchar(100) COLLATE utf8mb4_unicode_ci DEFAULT NULL,
  `created_at` timestamp NULL DEFAULT NULL,
  `updated_at` timestamp NULL DEFAULT NULL,
  PRIMARY KEY (`id`),
  UNIQUE KEY `users_handle_unique` (`handle`),
  UNIQUE KEY `users_email_unique` (`email`)
) ENGINE=InnoDB AUTO_INCREMENT=1081 DEFAULT CHARSET=utf8mb4 COLLATE=utf8mb4_unicode_ci;
/*!40101 SET character_set_client = @saved_cs_client */;

--
-- Dumping data for table `users`
--

LOCK TABLES `users` WRITE;
/*!40000 ALTER TABLE `users` DISABLE KEYS */;
INSERT INTO `users` VALUES (1000,NULL,NULL,0,0,NULL,NULL,0,'Test','User',NULL,0,'test.user@52frames.com','$2y$10$.i0ZWH0iM7jS/ZTqgS4oxOf2GmgmqRDBs7shFjGsWvBbOehCuLmAS',NULL,NULL,'2018-10-09 16:52:57','2018-10-09 16:52:57'),(1001,NULL,NULL,0,0,NULL,NULL,0,'52Frames','',NULL,0,'info@52frames.com','$2y$10$RxcgIPGX9zL0p8Nj3k7ZE./7l/BPULi0vcGWot5a1XgrZ240drp5i',NULL,'NCVFYKJol49Lz7GfY360rPOvOlySUUhXwU7uMtTVJ5nUQtjzFzWX5A29qApk','2018-10-09 16:52:58','2018-10-09 16:52:58'),(1002,NULL,NULL,0,0,NULL,NULL,0,'52Frames','','cover.photo',0,'cover.photo@52frames.com',NULL,NULL,NULL,'2018-10-09 16:52:58','2018-10-09 16:52:58'),(1003,NULL,NULL,0,0,NULL,NULL,0,'52Frames','','sample.photo',0,'sample.photo@52frames.com',NULL,NULL,NULL,'2018-10-09 16:52:58','2018-10-09 16:52:58'),(1004,NULL,NULL,0,0,NULL,NULL,0,'52Frames','','fliers',0,'fliers@52frames.com',NULL,NULL,NULL,'2018-10-09 16:52:58','2018-10-09 16:52:58'),(1005,NULL,NULL,0,0,NULL,NULL,0,'52Frames','','patreon',0,'patreon@52frames.com',NULL,NULL,NULL,'2018-10-09 16:52:58','2018-10-09 16:52:58'),(1006,NULL,NULL,0,0,1,464,0,'Amante','Castino','a.castino',0,'a.castino@gmail.com','$2y$10$n9mzoH9hR./PSuQxyv.eBugR0GyHbcSBZQ5B0qVkPTP8CyBXfwe0q',NULL,'f2ZI8nqAPf1BgS9gfFTt6vmSPN97garbBz9qb8pB59jFUNytTmMmRQtXyrGv','2018-10-09 17:32:39','2018-10-09 21:00:17'),(1007,NULL,NULL,0,0,2,37,0,'Yosef','Adest',NULL,0,'yosefadest@gmail.com',NULL,NULL,'HaeBwLwhqMayJUhR5koRFSy67r9xHJXdgkl9adzsjIuqBfrKlYP1oplgIGhV','2018-10-10 17:31:35','2018-10-10 17:36:47'),(1008,NULL,NULL,0,0,NULL,465,0,'Stephanie','Miotke','censored',1,'kokushibyou@gmail.com','$2y$10$Z6q4c1kULKF4mF.7AosaFeUa0t8/c38QxvCngEaO4/NJPSfE890aO',NULL,NULL,'2018-10-18 20:15:25','2018-10-18 20:17:21'),(1009,NULL,NULL,0,0,3,466,0,'Mark','Gladding','seamarkie',0,'markgladding@outlook.com',NULL,'Just here to help test!',NULL,'2018-10-18 20:17:14','2018-10-18 20:19:06'),(1010,NULL,NULL,0,0,4,467,0,'Jake','Knight','jakeknightphotography',1,'jake@wkdesignstudio.com',NULL,NULL,NULL,'2018-10-18 20:22:30','2018-10-18 20:24:07'),(1011,NULL,NULL,0,0,NULL,462,0,'Susan','Nelson','susann',0,'agilitygordons@gmail.com','$2y$10$yelRpjdvr0/.MiQA74AukOxGjJgFYcvIYCJBCvsWRt9VyG1/gpAUG','I\'ve been a member since 2015',NULL,'2018-10-18 20:36:23','2018-10-18 20:39:36'),(1012,NULL,NULL,0,0,5,150,0,'Kim','Sisk','kimmers',0,'kesisk59@gmail.com',NULL,'Google',NULL,'2018-10-18 20:36:24','2018-10-18 20:42:07'),(1013,NULL,NULL,0,0,6,468,0,'Ruth','Klein','mezzzoishere',0,'mezzoishere@gmail.com',NULL,'My daughter','W2hOeSrT9poAtlhRBZCxdtzAbM3f6LsxLzVYz8xNwFcEnbRKaJgTPC4UidZY','2018-10-18 20:40:55','2018-10-18 20:46:30'),(1014,NULL,NULL,0,0,NULL,353,0,'Tammie','Maloney',NULL,0,'tammiemaloney@gmail.com','$2y$10$im6Lgt5rxzXeHRYzX2Ev/.eBMPsL0DpvWI98u47BuDuz6xkCd8p4q',NULL,NULL,'2018-10-18 20:41:08','2018-10-18 20:44:35'),(1015,NULL,NULL,0,0,NULL,469,0,'Kris','Brady','krislb',0,'Kris.Brady@usd.edu','$2y$10$8BgubWhEh7ZcOUED4u6okuWYOy8tv2XdeFEeqS/.RSr1oJDg57ScC','Currently a member :)','t1rvRSVb6ST60I5qE7B8Tuc7b9a9PR3YmJYRuALzpcvO2FRec19YHXvs1N5i','2018-10-18 20:47:27','2018-10-18 20:52:15'),(1016,NULL,NULL,0,0,NULL,119,0,'Susan','Gutterman','gutsy4',0,'gutsy4@gmail.com','$2y$10$iSeGqeANzNbf8aWLjoxoPOG0iRKQ0pKOzQvC1NsZ6FU46oiacNeDG','From a blogging buddy','1uX1bqz6H6foL36k9gtRpBf7JXWeuXYYiGh0QmZSPvUPT9WYmOh0hfJFodZv','2018-10-18 20:49:48','2018-10-18 23:47:20'),(1017,NULL,NULL,0,0,NULL,401,1,'Brian','Duchin','k9lover',0,'brian_duchinpsa@yahoo.com','$2y$10$PbmsxKW/FqqFswNbOiIijuzJjiMJWi2ygK7LxwMWzTHcHLixZnsZe','current member through facebook',NULL,'2018-10-18 20:57:49','2018-10-18 21:05:31'),(1018,NULL,NULL,0,0,NULL,239,0,'Diane','Gray','dianegray',0,'grayweb@comcast.net','$2y$10$t8G3K0.jjLyNMppgNqAmJeCYQdYbMCChTqiiEyfYw/YpWVzwhguUi','Don’t remember','6DWkn3LgfrT7arvlXkWzRNJJP8PvpmuuJTRMR3sxvTycXyTsBA5w57kkqE2u','2018-10-18 21:31:12','2018-10-20 02:27:31'),(1019,NULL,NULL,0,0,NULL,470,0,'Sandi','Kroll','sandis-photos',0,'krollsandi@gmail.com','$2y$10$h2WnQrZ8FeN1O25RFEEUQu42INNIhWZxATaryfR8mLOUBfB8ihlnq','Through a friend on Facebook',NULL,'2018-10-18 21:41:33','2018-10-18 21:46:37'),(1020,NULL,NULL,0,0,NULL,471,0,'Debra','Jones','parallel44',0,'deb.jones1948@gmail.com','$2y$10$R/mL//SbZWmGPqPntjdtEeXUJ.2MFZvyR.kZdmIvq/bRt359F0C5G','From Me','iWOGHletRcFDGmOkTbr8ZQJDuIt92PHcbD9IbvyuBthuqJOtue4P8crUzQ4J','2018-10-18 22:24:35','2018-10-24 16:56:40'),(1021,NULL,NULL,0,0,NULL,65,1,'Sophia','Borovick','sophiab',1,'sophisalways@hotmail.com','$2y$10$itBZ5fcMwph2oKilOg8mA.eO6qKNA5ipHkOo9XdSwyu/U8JV9Ua46',NULL,'Re24eyHLpZcyCCwx6bRBTtWoQE5r38Y0urseDzr0AQivX837rh11s5EryxRT','2018-10-19 00:11:10','2018-10-19 00:30:37'),(1022,NULL,NULL,0,0,NULL,472,0,'William','Richards','mrbill',0,'bcmrbill@springcom.com','$2y$10$7iRpbszXqqvbyEUz2ggpv.l22jWaP6Premk5//mqi2pHpyjLWGA7u','from a friend, been a member for 3 years',NULL,'2018-10-19 02:55:24','2018-10-19 03:02:31'),(1023,NULL,NULL,0,0,7,NULL,0,'Yasmin','Leon',NULL,0,'yasminlp@hotmail.com',NULL,NULL,NULL,'2018-10-19 03:14:00','2018-10-19 03:14:00'),(1024,NULL,NULL,0,0,NULL,409,0,'Julie','Denton',NULL,0,'juliesdenton@gmail.com','$2y$10$l3o5rj7LoQT9vytacEILTu3c/dNexmZ9Drpd/8WaaJh.nAkV46nou',NULL,NULL,'2018-10-19 03:49:40','2018-10-19 03:54:49'),(1025,NULL,NULL,0,0,NULL,473,0,'Lanny','Trumble',NULL,0,'lanny_trumble@msn.com','$2y$10$QyO1z5jZQz.3ndP9Yii9HuE0jSIT4.feTNxN19RZaJ51n2kGgveHC',NULL,'qYjPkoOfKGvCVcFttHemwqgMu5AvFTQohFTKqs3hg4HHA7dIFuwa75dLPzkX','2018-10-19 05:13:31','2018-10-19 05:22:46'),(1026,NULL,NULL,0,0,NULL,474,0,'Heather','Miller','llama7',0,'osmr2friends@gmail.com','$2y$10$bxny9Y6PrzG64p2aV1MTaeDcR7sIXXUEZxhqVB1kB9cO3xc1KZxGu','daughter',NULL,'2018-10-19 11:55:00','2018-10-19 12:01:37'),(1027,NULL,NULL,0,0,NULL,352,0,'Kathy','Desruisseau','kathyd',0,'kdesuisseau@gmail.com','$2y$10$zppebKBaK5tdCA2/VWNNtOpDWHVnZBnpffBqnOp0jcXr/mVSrw2gy','Found 52Frames with a google search for photography weekly challenges.',NULL,'2018-10-19 13:05:08','2018-10-19 13:25:47'),(1028,NULL,NULL,0,0,NULL,118,0,'Sammy','Katta','sammykatta',0,'biocuriousgeorgie@gmail.com','$2y$10$rYYUNX8ikNAr8/3pwBtVPe5mvJdt/jojRN474YChn3kgFdvD/1NMW','Reddit!',NULL,'2018-10-19 15:45:05','2018-10-19 15:54:27'),(1029,NULL,NULL,0,0,8,410,0,'Kerensa','McConnell','fotonarrative',0,'kfmcconnell@hotmail.com',NULL,NULL,NULL,'2018-10-19 16:06:11','2018-10-19 16:08:08'),(1030,NULL,NULL,0,0,17,244,0,'Corey','O\'Hara','coreyo',0,'corey.ohara@gmail.com','$2y$10$kZ8QSve0pbHarwmZbnYKTe7nbjzN5nH8eYE5HVddoFnVK3ZOqmOIC',NULL,NULL,'2018-10-19 17:17:44','2018-11-03 22:04:47'),(1031,NULL,NULL,0,0,NULL,475,0,'Jane','Kramer','jekzoo51',0,'jekzoo51@gmail.com','$2y$10$cjm8ckOVUEn5mCvFEVDtfuQUUpW2OPDD4YieRidXH15Wm9LPZtIU2','Friend, website',NULL,'2018-10-19 19:19:05','2018-10-19 19:23:17'),(1032,NULL,NULL,0,0,NULL,476,0,'Mary','Kefayati','maryak',0,'meadowmary@gmail.com','$2y$10$ce2dkK.Gl69YZx2cXw7yoO6yjWsm9.QIJ2imkIDkn4u8YAGLO7QS6','from a friend',NULL,'2018-10-19 20:34:43','2018-10-19 20:41:05'),(1033,NULL,NULL,0,0,9,130,0,'Shifra','Stitzer','shiffy',0,'shifydify@yahoo.com',NULL,NULL,NULL,'2018-10-19 21:46:13','2018-10-19 21:49:37'),(1034,NULL,NULL,0,0,NULL,477,0,'Carol','Chafetz',NULL,0,'carol.chafetz@gmail.com','$2y$10$9UbqkCNm1YLSLihCc1Wp9OWUG1WDxQ02NZWZTPBKLQBT8014cSCAi',NULL,'GS3Gfs7n364CM4lWbR3DsTzBTxMjDzVlhKxSO93M91yX0sz7KLPzYpREWmUb','2018-10-19 21:51:07','2018-10-19 21:55:16'),(1035,NULL,NULL,0,0,NULL,478,0,'Erik','Wie','erikwie.com',1,'erikwie0@gmail.com','$2y$10$tHtQwUwlW5KrwpqYHG8/Ke57WsgVfeaZoTk1nldFrOJFYycVfIxL.','can\'t remember',NULL,'2018-10-19 21:53:11','2018-10-19 21:56:56'),(1036,NULL,NULL,0,0,NULL,479,0,'Nadine','Funke','nadine',1,'nadinedownunder@gmx.de','$2y$10$xftkJT2MJClkHO92J2hE/O4mbVnjgyIOB4SYw/SlAf4dNs/t1sOz.',NULL,'rJKYID4CT0Dyr2zf1175UjA2LeitQrMgOMUMOG5H5RvnVuu1I4PE8qhknPlF','2018-10-20 09:12:36','2018-10-20 09:16:07'),(1037,NULL,NULL,0,0,NULL,480,0,'Ruth','Palatnik','rickismom',0,'palatnikruth@gmail.com','$2y$10$VHn67MRuN8sJ0OQ4y57AjOz0q3awRWKeZ2IIGldoV0x2ovAcWO.u6','through Batya Medad',NULL,'2018-10-20 16:40:54','2018-10-20 16:47:36'),(1038,NULL,NULL,0,0,NULL,481,0,'Candi','Campbell','photoshopmom',1,'candicampbell@mac.com','$2y$10$LX/9P10zhC9h44rIbe8MFOomZTH1w.tqq0b3wsyGo1fLWRSQYe7gK',NULL,NULL,'2018-10-20 18:38:16','2018-10-20 18:42:49'),(1039,NULL,NULL,0,0,24,315,0,'Dan','Sokolow','skinnydan',0,'skinydan@gmail.com','$2y$10$Mcib3D5yuhTtPspScYasyeu8qrhtCo11ZfGDKr3o4PdV7MQqVQ0HO',NULL,'UhnTR9xjrkK92rbtiEIN1ZJXBLDGL1AkVLUOkm614QFyXEuIpVKY3RjyfSFn','2018-10-21 13:32:40','2018-12-16 22:18:47'),(1040,NULL,NULL,0,0,NULL,484,0,'Sue','Nelson',NULL,0,'suenelson@sgnimagery.com','$2y$10$z0ZpzPGP6UHqfyetlFVUKOMChJogtBRF76D7a19oWNlg1S0DaMQYi',NULL,NULL,'2018-10-21 14:58:19','2018-10-21 18:06:13'),(1041,NULL,NULL,0,0,10,482,0,'Linda','Mellor',NULL,0,'ljrmellor@gmail.com',NULL,NULL,'rJlNLnUYLhRrOXmHaOf7Ow648vIFFCfCWxSv55Twn9ukU0dsBkMVrGmqZPLi','2018-10-21 15:59:55','2018-10-21 16:05:33'),(1042,NULL,NULL,0,0,18,483,0,'Charlene','Chapman','chapsnaps',0,'charlene.c.chapman@gmail.com','$2y$10$mRAj3B1xevvMIpHVjrnoWesTuS5rwg.p5fsiC8GM4Hfmf2NhB3cBW','A google search a couple of years ago :-)','mUITj8apdjQPm527bcfsvTmTaXfkCsghiPco1eNcDbC3CqUeXF4jjANfehsc','2018-10-21 17:55:15','2018-11-05 01:24:49'),(1043,NULL,NULL,0,0,16,410,0,'Liz','Albro','lizalbro',0,'liz.albro@gmail.com','$2y$10$Ykbx63r.7oVYLrWabn3WZeQYZHbjEsZaHquIbvqyabAEsS6Cjr7rq',NULL,NULL,'2018-10-21 20:03:24','2018-11-12 01:55:52'),(1044,NULL,NULL,0,0,NULL,485,0,'ANNA PAOLA','ROSASPINA','annapa',1,'annapaola.rosaspina@yahoo.it','$2y$10$vI7U1qmTfVpQn4FYQv0HFepb7xWADeb0E8wjEmQvYpHJt0kFVs3uG','On facebook from another person.',NULL,'2018-10-21 20:14:34','2018-10-21 20:23:04'),(1046,NULL,NULL,0,0,NULL,486,0,'Michele','Reaves','shele16',1,'michelec.hreaves@gmail.com','$2y$10$5c8D4nxEvOqu3ykVt.zukuNKQoHrQAZmK99zX/lRMiQzsDx7pFa5y','Google Search',NULL,'2018-10-21 23:51:10','2018-10-21 23:59:52'),(1047,NULL,NULL,0,0,NULL,487,0,'Michele','Boy','micheleboy',0,'micheleaboy@gmail.com','$2y$10$HdZbne7.qibSXJWYpTNLZeRlrmOeEE6X2MutRiBL2lP/RadqyKUqy',NULL,NULL,'2018-10-22 00:18:30','2018-10-22 00:22:07'),(1048,NULL,NULL,0,0,NULL,488,0,'Gella','Steif','gogella',0,'frameofref@gmail.com','$2y$10$uls8kDIzN03c4zDWCXM65uDpDWoTUYNHUeYhl.sVzOurEUOiciPvi',NULL,NULL,'2018-10-22 01:06:21','2018-10-22 01:09:32'),(1049,NULL,NULL,0,0,NULL,489,0,'Jane','Sales','zingano',0,'jane@hatbat.uk','$2y$10$oTuimHvVycoB/54WCtaAFOxyux2fDb81airt1sQzawM1RkCf241jK','I was a member on Facebook, but left Facebook.',NULL,'2018-10-22 08:40:27','2018-10-22 08:54:31'),(1050,NULL,NULL,0,0,NULL,65,0,'Roger','Nolan','roger-nolan',0,'rog@hatbat.net','$2y$10$OX3AVWSSPfDDbsiMUySIh.hi7hbaES1nKN6TEPSYOjWs1ofhf7u.i','Used to be a member on the Fcebook site',NULL,'2018-10-22 09:39:56','2018-10-22 09:42:43'),(1051,NULL,NULL,0,0,NULL,234,0,'Tricia','McEvoy','triciamcevoy',0,'pandora851@comcast.net','$2y$10$5d0.D2UVkEnB63Kv0da8i.r4JfyHHgsB8UYM2XcNCA.CCrDj3x2XK',NULL,'rZeXjf8cOxEl2XpxoCBSAEaoS01vcBJhzm3zOhQpDl9EFo5j5Nfn1s5hpcST','2018-10-22 15:44:19','2018-11-15 21:06:57'),(1052,NULL,NULL,0,0,NULL,144,1,'Marisa','Kurz','marisa',0,'marisa.kurz@gmail.com','$2y$10$Hfs9kISIU1JerM7HT4MCGexFKWrx7ykFVBWScN3LqiFnIMX9XjvPy','Tzipora Lifschitz',NULL,'2018-10-22 15:56:34','2018-10-22 15:58:51'),(1053,NULL,NULL,0,0,NULL,448,0,'Janet','Denman','janetd',0,'janet@justjanet.net','$2y$10$OrUpuI3wefTYTy8Zb/.EuuYcF1kDnPbgSHhD4P/GgeYaGDuBTk6rO',NULL,NULL,'2018-10-22 18:13:31','2018-10-22 18:16:33'),(1054,NULL,NULL,0,0,12,469,0,'Lindsey','Jennewein',NULL,0,'lindsey.jennewein@gmail.com',NULL,NULL,NULL,'2018-10-22 23:32:25','2018-10-22 23:34:35'),(1055,NULL,NULL,0,0,NULL,NULL,0,'Lanie','Klein',NULL,0,'lkw666@gmail.com','$2y$10$A8uZkMjvZRbGOkDSirHlWeIOjb6skHnw7NGsTbAZQsilXoHpl/gZa',NULL,NULL,'2018-10-23 04:33:43','2018-10-23 04:33:43'),(1056,NULL,NULL,0,0,13,175,0,'Kimberly','Trant','khtrant',0,'trant6@gmail.com',NULL,'asdfasdfasdfasdfasdfasdf',NULL,'2018-10-23 12:28:12','2018-10-23 12:38:12'),(1057,NULL,NULL,0,0,NULL,482,0,'linda','mellor','ljrmellorpics',1,'ljrogersmellor@gmail.com','$2y$10$YxNx21nPNPUZ7NH1hvhi2.WnJ.DP2qoiQZbmQ.O9d07z.xfsc0Lv2','internet search',NULL,'2018-10-23 14:53:28','2018-10-23 15:00:05'),(1058,NULL,NULL,0,0,NULL,490,0,'Grahame','Johnson','grahame',0,'grahame.johnson@btinternet.com','$2y$10$csNN9I0PjLuh/QylR5bzG.t0J5QWkG5t/1ODYv.ZPPdAMc7O7IqAW','Existing member',NULL,'2018-10-23 15:13:57','2018-10-23 15:19:36'),(1059,NULL,NULL,0,0,14,491,0,'Jonathan','Scudder','jonathan',0,'jonathan@scudder.no',NULL,NULL,NULL,'2018-10-23 18:54:49','2018-10-23 18:59:21'),(1060,NULL,NULL,0,0,NULL,492,1,'Lynette','See','lmsee61',0,'lmsee61@gmail.com','$2y$10$Nux9bHyXgDToak.C8mWTSe7GlYa0QgO/VibQt9z/atvlw6dfyhTiC','From a fellow photographer',NULL,'2018-10-23 22:36:45','2018-10-23 22:43:09'),(1061,NULL,NULL,0,0,NULL,493,1,'Alan','Brandon','wordguy',0,'alan.brandon@outlook.com','$2y$10$3sUTZAEPecI7rRXVxlgP4uMiS/NU7PfedJI0Xi9VTrEzLxqKV039K',NULL,NULL,'2018-10-24 00:38:56','2018-10-24 00:44:02'),(1062,NULL,NULL,0,0,NULL,208,0,'Bree','Vante','breeav',0,'breeav@gmail.com','$2y$10$.nIGuEObOe2kGcyB9e2EaOW.vFQGm.QXYj2Tg5pApBWD/3RUjyPNy','Sweet sweet googles',NULL,'2018-10-24 14:49:19','2018-10-24 14:51:46'),(1063,NULL,NULL,0,0,15,NULL,0,'Susan','Steen',NULL,0,'suezquesteen@gmail.com','$2y$10$lrdtWPSVDGEC/5xrWpjO6uYB.94yk.ksMd4DaoQZib1BOXaj/1Yr6',NULL,'CgbCdghgZ2EDSiZce3Y9kn7vmj7Q6Kri7DV7ihgVxx32cTGb6VpmbJkU5CVm','2018-10-24 18:08:05','2018-10-24 18:11:16'),(1064,NULL,NULL,0,0,NULL,494,0,'Lee Ann','Lenfest','leeannlenfest',0,'dlk3265@gmail.com','$2y$10$r1xvl4RjaG0ghpzpseODBOCwctOiwAoalZntG3BYLWPyovVBNlh02','I\'m already a member! :-)',NULL,'2018-10-24 20:37:52','2018-10-24 20:42:47'),(1065,NULL,NULL,0,0,NULL,495,0,'Ernst','Muller','ernstmuller',0,'ernst@ernstmuller.nl','$2y$10$XU4QGee9wGUWBwLL4DuV.uRJcuRjQXTvJRPBqv71mS4P2sx14qrfa','?',NULL,'2018-10-30 18:50:08','2018-10-30 18:51:53'),(1066,NULL,NULL,0,0,19,496,1,'Judy','Haran','judy795',1,'doctorjudy795@hotmail.com',NULL,'Two year streaker',NULL,'2018-11-06 19:32:24','2018-11-06 19:35:06'),(1067,NULL,NULL,0,0,20,155,0,'Annie','Wynn','tawynn',0,'annie.wynn@gmail.com',NULL,'Friend',NULL,'2018-11-06 21:47:41','2018-11-06 21:49:28'),(1068,NULL,NULL,0,0,NULL,208,1,'Brees','Ipad','ipaderson',0,'breesqs@gmail.com','$2y$10$txR.igyH4mGED7lQWFkvBeUcV9OmlFIV2dXNCkyDn4es/ETOxtlCO','Googles',NULL,'2018-11-08 20:12:06','2018-11-08 20:16:00'),(1069,NULL,NULL,0,0,21,497,0,'Nora','Leonard',NULL,0,'norasphotos4u@gmail.com',NULL,NULL,NULL,'2018-11-15 21:48:47','2018-11-15 21:51:05'),(1070,NULL,NULL,0,0,NULL,498,0,'Janet','Hutnik','janetmhutnik',0,'jmhutnik@gmail.com','$2y$10$1EHu.i5L0K5As00z8Rx3lO/6aFJlmfN57htyEYh/U7Nfz/evN4PxO',NULL,NULL,'2018-11-18 13:21:01','2018-11-18 13:25:03'),(1071,NULL,NULL,0,0,22,NULL,0,'Linda','Hoopes',NULL,0,'linda@resiliencealliance.com',NULL,NULL,NULL,'2018-11-19 17:04:36','2018-11-19 17:04:36'),(1072,NULL,NULL,0,0,NULL,NULL,0,'Yosef','Adest',NULL,0,'yosefadest+te@gmail.com','$2y$10$hnYjdZgo7BCLtq5KXUfP8uBufSngPTki1G8WyPUnhFOekuPdzl6v.',NULL,'9JMItuk86Sy7B7EptRFrmWu1i60oJx9lZYKv6LcqA7BtfT6f0gbqGAvergxU','2018-11-23 10:35:17','2018-11-23 10:35:17'),(1073,NULL,NULL,0,0,23,NULL,0,'Sandi','Kroll',NULL,0,'sbkroll@aol.com',NULL,NULL,NULL,'2018-11-26 02:04:43','2018-11-26 02:04:43'),(1074,NULL,NULL,0,0,NULL,NULL,0,'sdf','sdf',NULL,0,'yosefadest+sdjfhgsjdhfg@gmail.com','$2y$10$i4a6YyRC3Qw3OcVlgAmWsei6waU1qJT9BEUs2gp37eNNOU2pnsa6a',NULL,NULL,'2018-11-29 19:39:35','2018-11-29 19:39:35'),(1075,NULL,NULL,0,0,NULL,NULL,0,'Yosef','Adest',NULL,0,'yosefadest+sdfkhsdf@gmail.com','$2y$10$MI9FsjSxHbbITnRGjoVBW.GcyqAypm/6sjEKcul7fd0aeh1EAT7mG',NULL,NULL,'2018-11-30 11:15:11','2018-11-30 11:15:11'),(1076,NULL,NULL,0,0,NULL,NULL,0,'Yosef','Adest',NULL,0,'yosefadest+sdjhgsdufyg@gmail.com','$2y$10$IKNVjvIHbvHE51XQG4AZGeAirfMCjTg05SN5u4/RzwXNFflLRKH5C',NULL,NULL,'2018-11-30 11:17:13','2018-11-30 11:17:13'),(1077,NULL,NULL,0,0,NULL,499,0,'Andrey','Afanasenko',NULL,0,'andrey.afanasenko@gmail.com','$2y$10$szJy8yuUdq63ZDx0w6WPCOD.NPTbpvtTgPlA.z4RWrXB8c7jmjQNG',NULL,NULL,'2019-01-14 08:38:58','2019-01-14 08:40:34'),(1078,NULL,NULL,0,0,25,NULL,0,'John','Mirra',NULL,0,'holypotatos@gmail.com',NULL,NULL,'L1DphdgqRU3pERVQ9oJEXhSt5ipSJYkmiUzPw3s7qKAXxfAPAxCNdChnPZlA','2019-01-17 12:40:04','2019-01-17 12:40:04'),(1079,NULL,NULL,0,0,NULL,500,1,'test','test','test123',1,'test50@test.com','$2y$10$.iV7lo8F4qat.zOM9u0vmOEo4GnPmuBef63EdS5c2dTLFnsAOHuAK','test',NULL,'2019-01-18 13:40:12','2019-01-21 05:59:34'),(1080,NULL,NULL,0,0,NULL,NULL,0,'Yosef','Adest',NULL,0,'yosefadest+sdfkjhsdkfjh@gmail.com','$2y$10$FJpMXW4jWuOrPcVy9p.IH..Lx3a51vYbWrdVbY0MlUmEwuSh1V6VC',NULL,NULL,'2019-02-12 12:24:59','2019-02-12 12:24:59');
/*!40000 ALTER TABLE `users` ENABLE KEYS */;
UNLOCK TABLES;

--
-- Table structure for table `wufoo_dump_compress_photos_config`
--

DROP TABLE IF EXISTS `wufoo_dump_compress_photos_config`;
/*!40101 SET @saved_cs_client     = @@character_set_client */;
/*!40101 SET character_set_client = utf8 */;
CREATE TABLE `wufoo_dump_compress_photos_config` (
  `id` bigint(20) unsigned NOT NULL AUTO_INCREMENT,
  `key` varchar(191) COLLATE utf8mb4_unicode_ci NOT NULL,
  `value` text COLLATE utf8mb4_unicode_ci,
  `created_at` timestamp NULL DEFAULT NULL,
  `updated_at` timestamp NULL DEFAULT NULL,
  PRIMARY KEY (`id`)
) ENGINE=InnoDB DEFAULT CHARSET=utf8mb4 COLLATE=utf8mb4_unicode_ci;
/*!40101 SET character_set_client = @saved_cs_client */;

--
-- Dumping data for table `wufoo_dump_compress_photos_config`
--

LOCK TABLES `wufoo_dump_compress_photos_config` WRITE;
/*!40000 ALTER TABLE `wufoo_dump_compress_photos_config` DISABLE KEYS */;
/*!40000 ALTER TABLE `wufoo_dump_compress_photos_config` ENABLE KEYS */;
UNLOCK TABLES;

--
-- Table structure for table `wufoo_dump_compress_photos_list`
--

DROP TABLE IF EXISTS `wufoo_dump_compress_photos_list`;
/*!40101 SET @saved_cs_client     = @@character_set_client */;
/*!40101 SET character_set_client = utf8 */;
CREATE TABLE `wufoo_dump_compress_photos_list` (
  `id` bigint(20) unsigned NOT NULL AUTO_INCREMENT,
  `processing` tinyint(1) NOT NULL DEFAULT '0',
  `processing_error` text COLLATE utf8mb4_unicode_ci,
  `completed` tinyint(1) NOT NULL DEFAULT '0',
  `filename` varchar(191) COLLATE utf8mb4_unicode_ci NOT NULL,
  `created_at` timestamp NULL DEFAULT NULL,
  `updated_at` timestamp NULL DEFAULT NULL,
  PRIMARY KEY (`id`)
) ENGINE=InnoDB DEFAULT CHARSET=utf8mb4 COLLATE=utf8mb4_unicode_ci;
/*!40101 SET character_set_client = @saved_cs_client */;

--
-- Dumping data for table `wufoo_dump_compress_photos_list`
--

LOCK TABLES `wufoo_dump_compress_photos_list` WRITE;
/*!40000 ALTER TABLE `wufoo_dump_compress_photos_list` DISABLE KEYS */;
/*!40000 ALTER TABLE `wufoo_dump_compress_photos_list` ENABLE KEYS */;
UNLOCK TABLES;
/*!40103 SET TIME_ZONE=@OLD_TIME_ZONE */;

/*!40101 SET SQL_MODE=@OLD_SQL_MODE */;
/*!40014 SET FOREIGN_KEY_CHECKS=@OLD_FOREIGN_KEY_CHECKS */;
/*!40014 SET UNIQUE_CHECKS=@OLD_UNIQUE_CHECKS */;
/*!40101 SET CHARACTER_SET_CLIENT=@OLD_CHARACTER_SET_CLIENT */;
/*!40101 SET CHARACTER_SET_RESULTS=@OLD_CHARACTER_SET_RESULTS */;
/*!40101 SET COLLATION_CONNECTION=@OLD_COLLATION_CONNECTION */;
/*!40111 SET SQL_NOTES=@OLD_SQL_NOTES */;

-- Dump completed on 2019-03-13 13:45:05
